example,N,engine,heuristic,seed,success,pattern_frequency_kl,pattern_edge_frequency_kl,decoded_tile_frequency_kl,decoded_tile_edge_frequency_kl,runtime_seconds,conflicts,backtracks
Stick,1,ordinary WFC,uniform,0,True,0.22918051593415126,0.6568186732427661,0.22918051593415126,0.6568186732427661,0.071844532,,0
Stick,1,WFC-as-SAT,uniform,0,True,0.22918051593415126,0.6568186732427661,0.22918051593415126,0.6568186732427661,0.08162111700000002,0,0
Stick,1,ordinary WFC,frequency,0,True,0.0005797540099439884,0.07359290077663175,0.0005797540099439884,0.07359290077663175,0.096174388,,0
Stick,1,WFC-as-SAT,frequency,0,True,0.0005797540099439884,0.07359290077663175,0.0005797540099439884,0.07359290077663175,0.09431257499999995,0,0
Stick,1,ordinary WFC,context,0,True,0.014653101446669925,0.010432084040368654,0.014653101446669925,0.010432084040368654,0.09683859700000003,,0
Stick,1,WFC-as-SAT,context,0,True,0.014653101446669925,0.010432084040368654,0.014653101446669925,0.010432084040368654,0.09868009300000002,0,0
Stick,1,ordinary WFC,uniform,1,True,0.2022460705241299,0.5067612849982357,0.2022460705241299,0.5067612849982357,0.07204437600000002,,0
Stick,1,WFC-as-SAT,uniform,1,True,0.2022460705241299,0.5067612849982357,0.2022460705241299,0.5067612849982357,0.07592647600000002,0,0
Stick,1,ordinary WFC,frequency,1,True,0.00011402782215475318,0.08193588864214363,0.00011402782215475318,0.08193588864214363,0.09364123099999999,,0
Stick,1,WFC-as-SAT,frequency,1,True,0.00011402782215475318,0.08193588864214363,0.00011402782215475318,0.08193588864214363,0.09257893100000003,0,0
Stick,1,ordinary WFC,context,1,True,0.00903253341734496,0.0055025856520313455,0.00903253341734496,0.0055025856520313455,0.09153672300000004,,0
Stick,1,WFC-as-SAT,context,1,True,0.00903253341734496,0.0055025856520313455,0.00903253341734496,0.0055025856520313455,0.09824338599999982,0,0
Stick,1,ordinary WFC,uniform,2,True,0.2022460705241299,0.6022947699826379,0.2022460705241299,0.6022947699826379,0.0731135420000002,,0
Stick,1,WFC-as-SAT,uniform,2,True,0.2022460705241299,0.6022947699826379,0.2022460705241299,0.6022947699826379,0.07706231899999993,0,0
Stick,1,ordinary WFC,frequency,2,True,4.738058860077974e-05,0.10603266412883429,4.738058860077974e-05,0.10603266412883429,0.09603703600000002,,0
Stick,1,WFC-as-SAT,frequency,2,True,4.738058860077974e-05,0.10603266412883429,4.738058860077974e-05,0.10603266412883429,0.092029476,0,0
Stick,1,ordinary WFC,context,2,True,0.0012498478033385347,0.005924896543365431,0.0012498478033385347,0.005924896543365431,0.10002982700000018,,0
Stick,1,WFC-as-SAT,context,2,True,0.0012498478033385347,0.005924896543365431,0.0012498478033385347,0.005924896543365431,0.100179354,0,0
Stick,1,ordinary WFC,uniform,3,True,0.20980332494572151,0.5521359128161709,0.20980332494572151,0.5521359128161709,0.07166142200000003,,0
Stick,1,WFC-as-SAT,uniform,3,True,0.20980332494572151,0.5521359128161709,0.20980332494572151,0.5521359128161709,0.07459813300000007,0,0
Stick,1,ordinary WFC,frequency,3,True,0.002214503517879541,0.06994232416753837,0.002214503517879541,0.06994232416753837,0.09473983799999997,,0
Stick,1,WFC-as-SAT,frequency,3,True,0.002214503517879541,0.06994232416753837,0.002214503517879541,0.06994232416753837,0.09310232099999993,0,0
Stick,1,ordinary WFC,context,3,True,4.738058860077974e-05,0.003251633705016504,4.738058860077974e-05,0.003251633705016504,0.09967080900000003,,0
Stick,1,WFC-as-SAT,context,3,True,4.738058860077974e-05,0.003251633705016504,4.738058860077974e-05,0.003251633705016504,0.09847437899999978,0,0
Stick,1,ordinary WFC,uniform,4,True,0.19850932210496255,0.5546581081123474,0.19850932210496255,0.5546581081123474,0.07124139499999993,,0
Stick,1,WFC-as-SAT,uniform,4,True,0.19850932210496255,0.5546581081123474,0.19850932210496255,0.5546581081123474,0.07640096200000013,0,0
Stick,1,ordinary WFC,frequency,4,True,0.0016758794977550853,0.10714885766347937,0.0016758794977550853,0.10714885766347937,0.09116355600000015,,0
Stick,1,WFC-as-SAT,frequency,4,True,0.0016758794977550853,0.10714885766347937,0.0016758794977550853,0.10714885766347937,0.09108849099999983,0,0
Stick,1,ordinary WFC,context,4,True,0.0027044681214487935,0.0022403520815699723,0.0027044681214487935,0.0022403520815699723,0.096580742,,0
Stick,1,WFC-as-SAT,context,4,True,0.0027044681214487935,0.0022403520815699723,0.0027044681214487935,0.0022403520815699723,0.09654283900000005,0,0
Stick,1,ordinary WFC,uniform,5,True,0.21362363233917298,0.6215551509807262,0.21362363233917298,0.6215551509807262,0.07017141199999966,,0
Stick,1,WFC-as-SAT,uniform,5,True,0.21362363233917298,0.6215551509807262,0.21362363233917298,0.6215551509807262,0.07510352900000017,0,0
Stick,1,ordinary WFC,frequency,5,True,0.0008840937746982889,0.08696758782038881,0.0008840937746982889,0.08696758782038881,0.09300027899999996,,0
Stick,1,WFC-as-SAT,frequency,5,True,0.0008840937746982889,0.08696758782038881,0.0008840937746982889,0.08696758782038881,0.09123211900000028,0,0
Stick,1,ordinary WFC,context,5,True,0.018595912699175002,0.019604987928417295,0.018595912699175002,0.019604987928417295,0.09535337900000007,,0
Stick,1,WFC-as-SAT,context,5,True,0.018595912699175002,0.019604987928417295,0.018595912699175002,0.019604987928417295,0.0943330320000002,0,0
Stick,1,ordinary WFC,uniform,6,True,0.1948006290937666,0.5463151074347944,0.1948006290937666,0.5463151074347944,0.07206149699999997,,0
Stick,1,WFC-as-SAT,uniform,6,True,0.1948006290937666,0.5463151074347944,0.1948006290937666,0.5463151074347944,0.07577763799999993,0,0
Stick,1,ordinary WFC,frequency,6,True,4.738058860077974e-05,0.10160109515624678,4.738058860077974e-05,0.10160109515624678,0.09427359500000021,,0
Stick,1,WFC-as-SAT,frequency,6,True,4.738058860077974e-05,0.10160109515624678,4.738058860077974e-05,0.10160109515624678,0.0913170799999996,0,0
Stick,1,ordinary WFC,context,6,True,0.00033801663695705135,0.0035788955261277537,0.00033801663695705135,0.0035788955261277537,0.09905140599999962,,0
Stick,1,WFC-as-SAT,context,6,True,0.00033801663695705135,0.0035788955261277537,0.00033801663695705135,0.0035788955261277537,0.09871107700000037,0,0
Stick,1,ordinary WFC,uniform,7,True,0.1874678320010601,0.520266178453566,0.1874678320010601,0.520266178453566,0.07228250000000003,,0
Stick,1,WFC-as-SAT,uniform,7,True,0.1874678320010601,0.520266178453566,0.1874678320010601,0.520266178453566,0.07690334599999993,0,0
Stick,1,ordinary WFC,frequency,7,True,2.2862949333223373e-05,0.08184299402552753,2.2862949333223373e-05,0.08184299402552753,0.0926111249999999,,0
Stick,1,WFC-as-SAT,frequency,7,True,2.2862949333223373e-05,0.08184299402552753,2.2862949333223373e-05,0.08184299402552753,0.09155109099999947,0,0
Stick,1,ordinary WFC,context,7,True,0.00805690150709324,0.005368650600512795,0.00805690150709324,0.005368650600512795,0.09669337600000016,,0
Stick,1,WFC-as-SAT,context,7,True,0.00805690150709324,0.005368650600512795,0.00805690150709324,0.005368650600512795,0.09750948300000051,0,0
Stick,1,ordinary WFC,uniform,8,True,0.19850932210496255,0.5344170311778547,0.19850932210496255,0.5344170311778547,0.07102173300000025,,0
Stick,1,WFC-as-SAT,uniform,8,True,0.19850932210496255,0.5344170311778547,0.19850932210496255,0.5344170311778547,0.07555924199999975,0,0
Stick,1,ordinary WFC,frequency,8,True,0.00033801663695705135,0.09715125470643106,0.00033801663695705135,0.09715125470643106,0.0921553580000003,,0
Stick,1,WFC-as-SAT,frequency,8,True,0.00033801663695705135,0.09715125470643106,0.00033801663695705135,0.09715125470643106,0.09216521100000019,0,0
Stick,1,ordinary WFC,context,8,True,0.017235523587093814,0.014267958265197781,0.017235523587093814,0.014267958265197781,0.09241047400000024,,0
Stick,1,WFC-as-SAT,context,8,True,0.017235523587093814,0.014267958265197781,0.017235523587093814,0.014267958265197781,0.09586079200000075,0,0
Stick,1,ordinary WFC,uniform,9,True,0.18024854881566196,0.5573632233420406,0.18024854881566196,0.5573632233420406,0.0721674090000004,,0
Stick,1,WFC-as-SAT,uniform,9,True,0.18024854881566196,0.5573632233420406,0.18024854881566196,0.5573632233420406,0.0786062550000004,0,0
Stick,1,ordinary WFC,frequency,9,True,0.0008204960284418396,0.1071262929910571,0.0008204960284418396,0.1071262929910571,0.09519478499999945,,0
Stick,1,WFC-as-SAT,frequency,9,True,0.0008204960284418396,0.1071262929910571,0.0008204960284418396,0.1071262929910571,0.09433700099999953,0,0
Stick,1,ordinary WFC,context,9,True,0.0008840937746982889,0.0019428824888526467,0.0008840937746982889,0.0019428824888526467,0.09596632900000035,,0
Stick,1,WFC-as-SAT,context,9,True,0.0008840937746982889,0.0019428824888526467,0.0008840937746982889,0.0019428824888526467,0.0981008499999998,0,0
Stick,1,ordinary WFC,uniform,10,True,0.20980332494572151,0.6068812543293841,0.20980332494572151,0.6068812543293841,0.07301963000000011,,0
Stick,1,WFC-as-SAT,uniform,10,True,0.20980332494572151,0.6068812543293841,0.20980332494572151,0.6068812543293841,0.07538771500000063,0,0
Stick,1,ordinary WFC,frequency,10,True,0.0005111303366110726,0.09056149821053651,0.0005111303366110726,0.09056149821053651,0.09371622899999998,,0
Stick,1,WFC-as-SAT,frequency,10,True,0.0005111303366110726,0.09056149821053651,0.0005111303366110726,0.09056149821053651,0.09300622499999989,0,0
Stick,1,ordinary WFC,context,10,True,0.0071324201362094955,0.005551798328000248,0.0071324201362094955,0.005551798328000248,0.09264366300000049,,0
Stick,1,WFC-as-SAT,context,10,True,0.0071324201362094955,0.005551798328000248,0.0071324201362094955,0.005551798328000248,0.0959717729999996,0,0
Stick,1,ordinary WFC,uniform,11,True,0.19112009656993292,0.5542242315119403,0.19112009656993292,0.5542242315119403,0.07141626599999995,,0
Stick,1,WFC-as-SAT,uniform,11,True,0.19112009656993292,0.5542242315119403,0.19112009656993292,0.5542242315119403,0.07685204300000059,0,0
Stick,1,ordinary WFC,frequency,11,True,0.00033801663695705135,0.10283326777150764,0.00033801663695705135,0.10283326777150764,0.09352663099999958,,0
Stick,1,WFC-as-SAT,frequency,11,True,0.00033801663695705135,0.10283326777150764,0.00033801663695705135,0.10283326777150764,0.09339946699999935,0,0
Stick,1,ordinary WFC,context,11,True,0.0016758794977550853,0.001089029512982721,0.0016758794977550853,0.001089029512982721,0.09675109100000068,,0
Stick,1,WFC-as-SAT,context,11,True,0.0016758794977550853,0.001089029512982721,0.0016758794977550853,0.001089029512982721,0.0985424290000001,0,0
Stick,1,ordinary WFC,uniform,12,True,0.18384394528870296,0.6204724485701567,0.18384394528870296,0.6204724485701567,0.07435905499999951,,0
Stick,1,WFC-as-SAT,uniform,12,True,0.18384394528870296,0.6204724485701567,0.18384394528870296,0.6204724485701567,0.07509547200000011,0,0
Stick,1,ordinary WFC,frequency,12,True,0.00011402782215475318,0.06159197248995389,0.00011402782215475318,0.06159197248995389,0.09491095999999999,,0
Stick,1,WFC-as-SAT,frequency,12,True,0.00011402782215475318,0.06159197248995389,0.00011402782215475318,0.06159197248995389,0.09375629300000021,0,0
Stick,1,ordinary WFC,context,12,True,0.0062598514474681705,0.004118196508470032,0.0062598514474681705,0.004118196508470032,0.0947045760000007,,0
Stick,1,WFC-as-SAT,context,12,True,0.0062598514474681705,0.004118196508470032,0.0062598514474681705,0.004118196508470032,0.09535465400000032,0,0
Stick,1,ordinary WFC,uniform,13,True,0.17314368881994222,0.497129697793248,0.17314368881994222,0.497129697793248,0.0729058819999997,,0
Stick,1,WFC-as-SAT,uniform,13,True,0.17314368881994222,0.497129697793248,0.17314368881994222,0.497129697793248,0.0760624209999996,0,0
Stick,1,ordinary WFC,frequency,13,True,0.003553287974391091,0.08846733143906528,0.003553287974391091,0.08846733143906528,0.09849215899999919,,0
Stick,1,WFC-as-SAT,frequency,13,True,0.003553287974391091,0.08846733143906528,0.003553287974391091,0.08846733143906528,0.09387519299999969,0,0
Stick,1,ordinary WFC,context,13,True,2.2862949333223373e-05,0.005164381244802618,2.2862949333223373e-05,0.005164381244802618,0.09909328200000012,,0
Stick,1,WFC-as-SAT,context,13,True,2.2862949333223373e-05,0.005164381244802618,2.2862949333223373e-05,0.005164381244802618,0.10138152599999994,0,0
Stick,1,ordinary WFC,uniform,14,True,0.18384394528870296,0.5488743036458127,0.18384394528870296,0.5488743036458127,0.07241553800000045,,0
Stick,1,WFC-as-SAT,uniform,14,True,0.18384394528870296,0.5488743036458127,0.18384394528870296,0.5488743036458127,0.07607653200000009,0,0
Stick,1,ordinary WFC,frequency,14,True,0.00033801663695705135,0.08964307989702588,0.00033801663695705135,0.08964307989702588,0.09211115699999972,,0
Stick,1,WFC-as-SAT,frequency,14,True,0.00033801663695705135,0.08964307989702588,0.00033801663695705135,0.08964307989702588,0.09208213600000015,0,0
Stick,1,ordinary WFC,context,14,True,0.0008840937746982889,0.000685789136338114,0.0008840937746982889,0.000685789136338114,0.09809861200000025,,0
Stick,1,WFC-as-SAT,context,14,True,0.0008840937746982889,0.000685789136338114,0.0008840937746982889,0.000685789136338114,0.09806962999999946,0,0
Stick,1,ordinary WFC,uniform,15,True,0.21362363233917298,0.6186648565299997,0.21362363233917298,0.6186648565299997,0.07004279799999935,,0
Stick,1,WFC-as-SAT,uniform,15,True,0.21362363233917298,0.6186648565299997,0.21362363233917298,0.6186648565299997,0.07563877499999982,0,0
Stick,1,ordinary WFC,frequency,15,True,0.00016012481931655057,0.08886328190204326,0.00016012481931655057,0.08886328190204326,0.09318574700000148,,0
Stick,1,WFC-as-SAT,frequency,15,True,0.00016012481931655057,0.08886328190204326,0.00016012481931655057,0.08886328190204326,0.09117214499999982,0,0
Stick,1,ordinary WFC,context,15,True,0.031068593615591333,0.02577758845018915,0.031068593615591333,0.02577758845018915,0.09310234600000022,,0
Stick,1,WFC-as-SAT,context,15,True,0.031068593615591333,0.02577758845018915,0.031068593615591333,0.02577758845018915,0.09267505300000067,0,0
Stick,1,ordinary WFC,uniform,16,True,0.1766817574948706,0.47281879024039675,0.1766817574948706,0.47281879024039675,0.07271118899999962,,0
Stick,1,WFC-as-SAT,uniform,16,True,0.1766817574948706,0.47281879024039675,0.1766817574948706,0.47281879024039675,0.07659975199999991,0,0
Stick,1,ordinary WFC,frequency,16,True,4.738058860077974e-05,0.11097846081710405,4.738058860077974e-05,0.11097846081710405,0.0910620049999995,,0
Stick,1,WFC-as-SAT,frequency,16,True,4.738058860077974e-05,0.11097846081710405,4.738058860077974e-05,0.11097846081710405,0.09301011699999862,0,0
Stick,1,ordinary WFC,context,16,True,0.0021611005760421194,0.0006732528613120775,0.0021611005760421194,0.0006732528613120775,0.09394705800000125,,0
Stick,1,WFC-as-SAT,context,16,True,0.0021611005760421194,0.0006732528613120775,0.0021611005760421194,0.0006732528613120775,0.09743330400000083,0,0
Stick,1,ordinary WFC,uniform,17,True,0.21747159784110207,0.6469818028633193,0.21747159784110207,0.6469818028633193,0.0710562440000011,,0
Stick,1,WFC-as-SAT,uniform,17,True,0.21747159784110207,0.6469818028633193,0.21747159784110207,0.6469818028633193,0.07610606099999906,0,0
Stick,1,ordinary WFC,frequency,17,True,4.738058860077974e-05,0.12102250467836458,4.738058860077974e-05,0.12102250467836458,0.09303891100000072,,0
Stick,1,WFC-as-SAT,frequency,17,True,4.738058860077974e-05,0.12102250467836458,4.738058860077974e-05,0.12102250467836458,0.09326526599999951,0,0
Stick,1,ordinary WFC,context,17,True,0.0027044681214487935,0.0030651219876775206,0.0027044681214487935,0.0030651219876775206,0.09929842000000022,,0
Stick,1,WFC-as-SAT,context,17,True,0.0027044681214487935,0.0030651219876775206,0.0027044681214487935,0.0030651219876775206,0.09616118899999826,0,0
Stick,1,ordinary WFC,uniform,18,True,0.20980332494572151,0.5808630165907201,0.20980332494572151,0.5808630165907201,0.07358554600000033,,0
Stick,1,WFC-as-SAT,uniform,18,True,0.20980332494572151,0.5808630165907201,0.20980332494572151,0.5808630165907201,0.0768529719999993,0,0
Stick,1,ordinary WFC,frequency,18,True,1.1490419316935625e-06,0.08493707009122953,1.1490419316935625e-06,0.08493707009122953,0.09184075599999986,,0
Stick,1,WFC-as-SAT,frequency,18,True,1.1490419316935625e-06,0.08493707009122953,1.1490419316935625e-06,0.08493707009122953,0.09502574500000094,0,0
Stick,1,ordinary WFC,context,18,True,0.012259109902079561,0.009791114452302907,0.012259109902079561,0.009791114452302907,0.09582620599999991,,0
Stick,1,WFC-as-SAT,context,18,True,0.012259109902079561,0.009791114452302907,0.012259109902079561,0.009791114452302907,0.0969706979999998,0,0
Stick,1,ordinary WFC,uniform,19,True,0.16963446291743783,0.5130299407773545,0.16963446291743783,0.5130299407773545,0.0762214090000004,,0
Stick,1,WFC-as-SAT,uniform,19,True,0.16963446291743783,0.5130299407773545,0.16963446291743783,0.5130299407773545,0.08195419500000156,0,0
Stick,1,ordinary WFC,frequency,19,True,0.0002762275017081598,0.10047347356331844,0.0002762275017081598,0.10047347356331844,0.10246679699999994,,0
Stick,1,WFC-as-SAT,frequency,19,True,0.0002762275017081598,0.10047347356331844,0.0002762275017081598,0.10047347356331844,0.09492974499999995,0,0
Stick,1,ordinary WFC,context,19,True,0.0016701580651610273,0.010134248469012107,0.0016701580651610273,0.010134248469012107,0.101492468,,0
Stick,1,WFC-as-SAT,context,19,True,0.0016701580651610273,0.010134248469012107,0.0016701580651610273,0.010134248469012107,0.10253199500000143,0,0
Stick,1,ordinary WFC,uniform,20,True,0.1766817574948706,0.5034255662150797,0.1766817574948706,0.5034255662150797,0.07497789199999971,,0
Stick,1,WFC-as-SAT,uniform,20,True,0.1766817574948706,0.5034255662150797,0.1766817574948706,0.5034255662150797,0.07803748000000077,0,0
Stick,1,ordinary WFC,frequency,20,True,0.0008204960284418396,0.09010950122327803,0.0008204960284418396,0.09010950122327803,0.09546719999999986,,0
Stick,1,WFC-as-SAT,frequency,20,True,0.0008204960284418396,0.09010950122327803,0.0008204960284418396,0.09010950122327803,0.10686453599999979,0,0
Stick,1,ordinary WFC,context,20,True,0.0027044681214487935,0.002090791547326036,0.0027044681214487935,0.002090791547326036,0.10131286900000092,,0
Stick,1,WFC-as-SAT,context,20,True,0.0027044681214487935,0.002090791547326036,0.0027044681214487935,0.002090791547326036,0.1002726660000004,0,0
Stick,1,ordinary WFC,uniform,21,True,0.2022460705241299,0.5676611167850738,0.2022460705241299,0.5676611167850738,0.07285349200000013,,0
Stick,1,WFC-as-SAT,uniform,21,True,0.2022460705241299,0.5676611167850738,0.2022460705241299,0.5676611167850738,0.07581243100000101,0,0
Stick,1,ordinary WFC,frequency,21,True,0.0005111303366110726,0.09493827439392527,0.0005111303366110726,0.09493827439392527,0.09380366999999978,,0
Stick,1,WFC-as-SAT,frequency,21,True,0.0005111303366110726,0.09493827439392527,0.0005111303366110726,0.09493827439392527,0.09368128499999884,0,0
Stick,1,ordinary WFC,context,21,True,0.0012498478033385347,0.0021428823100228932,0.0012498478033385347,0.0021428823100228932,0.09850850599999994,,0
Stick,1,WFC-as-SAT,context,21,True,0.0012498478033385347,0.0021428823100228932,0.0012498478033385347,0.0021428823100228932,0.09955768200000037,0,0
Stick,1,ordinary WFC,uniform,22,True,0.20601077161582454,0.5647854220638213,0.20601077161582454,0.5647854220638213,0.07234374400000121,,0
Stick,1,WFC-as-SAT,uniform,22,True,0.20601077161582454,0.5647854220638213,0.20601077161582454,0.5647854220638213,0.07486755899999942,0,0
Stick,1,ordinary WFC,frequency,22,True,4.738058860077974e-05,0.07785564767643416,4.738058860077974e-05,0.07785564767643416,0.09380206099999988,,0
Stick,1,WFC-as-SAT,frequency,22,True,4.738058860077974e-05,0.07785564767643416,4.738058860077974e-05,0.07785564767643416,0.09279100600000056,0,0
Stick,1,ordinary WFC,context,22,True,0.010058580863588906,0.004229214991557194,0.010058580863588906,0.004229214991557194,0.09825381799999988,,0
Stick,1,WFC-as-SAT,context,22,True,0.010058580863588906,0.004229214991557194,0.010058580863588906,0.004229214991557194,0.09559917099999993,0,0
Stick,1,ordinary WFC,uniform,23,True,0.19850932210496255,0.6072478716792403,0.19850932210496255,0.6072478716792403,0.0739047579999994,,0
Stick,1,WFC-as-SAT,uniform,23,True,0.19850932210496255,0.6072478716792403,0.19850932210496255,0.6072478716792403,0.07777834699999886,0,0
Stick,1,ordinary WFC,frequency,23,True,0.0002762275017081598,0.08786764378902923,0.0002762275017081598,0.08786764378902923,0.09479026099999999,,0
Stick,1,WFC-as-SAT,frequency,23,True,0.0002762275017081598,0.08786764378902923,0.0002762275017081598,0.08786764378902923,0.0946594619999992,0,0
Stick,1,ordinary WFC,context,23,True,0.03644261817921375,0.03733908560294345,0.03644261817921375,0.03733908560294345,0.0909801459999997,,0
Stick,1,WFC-as-SAT,context,23,True,0.03644261817921375,0.03733908560294345,0.03644261817921375,0.03733908560294345,0.0947739099999989,0,0
Stick,1,ordinary WFC,uniform,24,True,0.21747159784110207,0.6063898859970793,0.21747159784110207,0.6063898859970793,0.07257717500000105,,0
Stick,1,WFC-as-SAT,uniform,24,True,0.21747159784110207,0.6063898859970793,0.21747159784110207,0.6063898859970793,0.07532036099999928,0,0
Stick,1,ordinary WFC,frequency,24,True,0.00016012481931655057,0.08431883206557031,0.00016012481931655057,0.08431883206557031,0.09347228100000038,,0
Stick,1,WFC-as-SAT,frequency,24,True,0.00016012481931655057,0.08431883206557031,0.00016012481931655057,0.08431883206557031,0.09290359399999915,0,0
Stick,1,ordinary WFC,context,24,True,0.004673645330591336,0.0018240374466286504,0.004673645330591336,0.0018240374466286504,0.09576035699999963,,0
Stick,1,WFC-as-SAT,context,24,True,0.004673645330591336,0.0018240374466286504,0.004673645330591336,0.0018240374466286504,0.09764754499999917,0,0
Stick,1,ordinary WFC,uniform,25,True,0.16615420260092056,0.4830831408061295,0.16615420260092056,0.4830831408061295,0.0754703800000005,,0
Stick,1,WFC-as-SAT,uniform,25,True,0.16615420260092056,0.4830831408061295,0.16615420260092056,0.4830831408061295,0.07718163700000069,0,0
Stick,1,ordinary WFC,frequency,25,True,1.1490419316935625e-06,0.08941017893670486,1.1490419316935625e-06,0.08941017893670486,0.09094326600000002,,0
Stick,1,WFC-as-SAT,frequency,25,True,1.1490419316935625e-06,0.08941017893670486,1.1490419316935625e-06,0.08941017893670486,0.09473294300000035,0,0
Stick,1,ordinary WFC,context,25,True,0.0071324201362094955,0.007693452282480722,0.0071324201362094955,0.007693452282480722,0.09312703899999875,,0
Stick,1,WFC-as-SAT,context,25,True,0.0071324201362094955,0.007693452282480722,0.0071324201362094955,0.007693452282480722,0.0979939010000006,0,0
Stick,1,ordinary WFC,uniform,26,True,0.2022460705241299,0.5532614670592738,0.2022460705241299,0.5532614670592738,0.07292751699999833,,0
Stick,1,WFC-as-SAT,uniform,26,True,0.2022460705241299,0.5532614670592738,0.2022460705241299,0.5532614670592738,0.0801902760000015,0,0
Stick,1,ordinary WFC,frequency,26,True,0.00033801663695705135,0.10272420282099758,0.00033801663695705135,0.10272420282099758,0.09403539800000082,,0
Stick,1,WFC-as-SAT,frequency,26,True,0.00033801663695705135,0.10272420282099758,0.00033801663695705135,0.10272420282099758,0.09271231900000032,0,0
Stick,1,ordinary WFC,context,26,True,0.013432245279568454,0.011896167062456994,0.013432245279568454,0.011896167062456994,0.09232137499999915,,0
Stick,1,WFC-as-SAT,context,26,True,0.013432245279568454,0.011896167062456994,0.013432245279568454,0.011896167062456994,0.09452899999999964,0,0
Stick,1,ordinary WFC,uniform,27,True,0.20980332494572151,0.5242023187849754,0.20980332494572151,0.5242023187849754,0.07256295900000076,,0
Stick,1,WFC-as-SAT,uniform,27,True,0.20980332494572151,0.5242023187849754,0.20980332494572151,0.5242023187849754,0.07611070099999928,0,0
Stick,1,ordinary WFC,frequency,27,True,0.0005797540099439884,0.0869056540249211,0.0005797540099439884,0.0869056540249211,0.09275226199999942,,0
Stick,1,WFC-as-SAT,frequency,27,True,0.0005797540099439884,0.0869056540249211,0.0005797540099439884,0.0869056540249211,0.09308333299999916,0,0
Stick,1,ordinary WFC,context,27,True,0.029359593973328824,0.028766482343558705,0.029359593973328824,0.028766482343558705,0.09314971900000124,,0
Stick,1,WFC-as-SAT,context,27,True,0.029359593973328824,0.028766482343558705,0.029359593973328824,0.028766482343558705,0.09334302600000122,0,0
Stick,1,ordinary WFC,uniform,28,True,0.18024854881566196,0.5238252674821547,0.18024854881566196,0.5238252674821547,0.074084869,,0
Stick,1,WFC-as-SAT,uniform,28,True,0.18024854881566196,0.5238252674821547,0.18024854881566196,0.5238252674821547,0.0770327489999989,0,0
Stick,1,ordinary WFC,frequency,28,True,0.002214503517879541,0.07784960031410358,0.002214503517879541,0.07784960031410358,0.09589913299999964,,0
Stick,1,WFC-as-SAT,frequency,28,True,0.002214503517879541,0.07784960031410358,0.002214503517879541,0.07784960031410358,0.09527852699999961,0,0
Stick,1,ordinary WFC,context,28,True,0.003304981867583226,0.0019632752020612414,0.003304981867583226,0.0019632752020612414,0.09620245600000032,,0
Stick,1,WFC-as-SAT,context,28,True,0.003304981867583226,0.0019632752020612414,0.003304981867583226,0.0019632752020612414,0.10121481300000035,0,0
Stick,1,ordinary WFC,uniform,29,True,0.19850932210496255,0.546945138123483,0.19850932210496255,0.546945138123483,0.071456873999999,,0
Stick,1,WFC-as-SAT,uniform,29,True,0.19850932210496255,0.546945138123483,0.19850932210496255,0.546945138123483,0.07558154700000053,0,0
Stick,1,ordinary WFC,frequency,29,True,0.00011402782215475318,0.08161403598463171,0.00011402782215475318,0.08161403598463171,0.09430976700000038,,0
Stick,1,WFC-as-SAT,frequency,29,True,0.00011402782215475318,0.08161403598463171,0.00011402782215475318,0.08161403598463171,0.0929016530000002,0,0
Stick,1,ordinary WFC,context,29,True,0.00033801663695705135,0.0019478402148566751,0.00033801663695705135,0.0019478402148566751,0.09721533999999998,,0
Stick,1,WFC-as-SAT,context,29,True,0.00033801663695705135,0.0019478402148566751,0.00033801663695705135,0.0019478402148566751,0.09802388000000128,0,0
Stick,1,ordinary WFC,uniform,30,True,0.20980332494572151,0.6422466693356961,0.20980332494572151,0.6422466693356961,0.07265466900000206,,0
Stick,1,WFC-as-SAT,uniform,30,True,0.20980332494572151,0.6422466693356961,0.20980332494572151,0.6422466693356961,0.07742381699999967,0,0
Stick,1,ordinary WFC,frequency,30,True,0.008480424534837615,0.08653642506569105,0.008480424534837615,0.08653642506569105,0.09793555199999915,,0
Stick,1,WFC-as-SAT,frequency,30,True,0.008480424534837615,0.08653642506569105,0.008480424534837615,0.08653642506569105,0.09543003299999953,0,0
Stick,1,ordinary WFC,context,30,True,0.00011402782215475318,0.004389462951364231,0.00011402782215475318,0.004389462951364231,0.10086460499999816,,0
Stick,1,WFC-as-SAT,context,30,True,0.00011402782215475318,0.004389462951364231,0.00011402782215475318,0.004389462951364231,0.09975185000000053,0,0
Stick,1,ordinary WFC,uniform,31,True,0.17314368881994222,0.49682605759870985,0.17314368881994222,0.49682605759870985,0.07389928399999945,,0
Stick,1,WFC-as-SAT,uniform,31,True,0.17314368881994222,0.49682605759870985,0.17314368881994222,0.49682605759870985,0.07732294399999873,0,0
Stick,1,ordinary WFC,frequency,31,True,0.003553287974391091,0.07969593134896395,0.003553287974391091,0.07969593134896395,0.09772807599999922,,0
Stick,1,WFC-as-SAT,frequency,31,True,0.003553287974391091,0.07969593134896395,0.003553287974391091,0.07969593134896395,0.09407937299999958,0,0
Stick,1,ordinary WFC,context,31,True,0.0039616816967026035,0.0018403619942759953,0.0039616816967026035,0.0018403619942759953,0.09709222599999734,,0
Stick,1,WFC-as-SAT,context,31,True,0.0039616816967026035,0.0018403619942759953,0.0039616816967026035,0.0018403619942759953,0.09557480200000157,0,0
Stick,1,ordinary WFC,uniform,32,True,0.20980332494572151,0.6096227163935187,0.20980332494572151,0.6096227163935187,0.07204855700000223,,0
Stick,1,WFC-as-SAT,uniform,32,True,0.20980332494572151,0.6096227163935187,0.20980332494572151,0.6096227163935187,0.07721228000000124,0,0
Stick,1,ordinary WFC,frequency,32,True,0.00033801663695705135,0.10715466637957435,0.00033801663695705135,0.10715466637957435,0.0953607130000016,,0
Stick,1,WFC-as-SAT,frequency,32,True,0.00033801663695705135,0.10715466637957435,0.00033801663695705135,0.10715466637957435,0.09355214200000006,0,0
Stick,1,ordinary WFC,context,32,True,0.00805690150709324,0.007061601550836929,0.00805690150709324,0.007061601550836929,0.0966372650000018,,0
Stick,1,WFC-as-SAT,context,32,True,0.00805690150709324,0.007061601550836929,0.00805690150709324,0.007061601550836929,0.09688178000000036,0,0
Stick,1,ordinary WFC,uniform,33,True,0.18384394528870296,0.5576006929732258,0.18384394528870296,0.5576006929732258,0.0714390310000006,,0
Stick,1,WFC-as-SAT,uniform,33,True,0.18384394528870296,0.5576006929732258,0.18384394528870296,0.5576006929732258,0.07613866599999852,0,0
Stick,1,ordinary WFC,frequency,33,True,0.0005111303366110726,0.0827353721588121,0.0005111303366110726,0.0827353721588121,0.09462933700000065,,0
Stick,1,WFC-as-SAT,frequency,33,True,0.0005111303366110726,0.0827353721588121,0.0005111303366110726,0.0827353721588121,0.09366831699999878,0,0
Stick,1,ordinary WFC,context,33,True,4.738058860077974e-05,0.002109722494052736,4.738058860077974e-05,0.002109722494052736,0.09730375599999874,,0
Stick,1,WFC-as-SAT,context,33,True,4.738058860077974e-05,0.002109722494052736,4.738058860077974e-05,0.002109722494052736,0.09810551200000006,0,0
Stick,1,ordinary WFC,uniform,34,True,0.22918051593415126,0.6012974939889948,0.22918051593415126,0.6012974939889948,0.0725880810000028,,0
Stick,1,WFC-as-SAT,uniform,34,True,0.22918051593415126,0.6012974939889948,0.22918051593415126,0.6012974939889948,0.07397080499999831,0,0
Stick,1,ordinary WFC,frequency,34,True,0.0002762275017081598,0.08448544552834783,0.0002762275017081598,0.08448544552834783,0.09580427699999916,,0
Stick,1,WFC-as-SAT,frequency,34,True,0.0002762275017081598,0.08448544552834783,0.0002762275017081598,0.08448544552834783,0.09394868799999756,0,0
Stick,1,ordinary WFC,context,34,True,0.012259109902079561,0.01213292806657237,0.012259109902079561,0.01213292806657237,0.09458983499999718,,0
Stick,1,WFC-as-SAT,context,34,True,0.012259109902079561,0.01213292806657237,0.012259109902079561,0.01213292806657237,0.09381435499999924,0,0
Stick,1,ordinary WFC,uniform,35,True,0.16615420260092056,0.5434896804878092,0.16615420260092056,0.5434896804878092,0.07691890399999934,,0
Stick,1,WFC-as-SAT,uniform,35,True,0.16615420260092056,0.5434896804878092,0.16615420260092056,0.5434896804878092,0.07738384299999979,0,0
Stick,1,ordinary WFC,frequency,35,True,0.004352580035757173,0.08246880180081388,0.004352580035757173,0.08246880180081388,0.09539818800000077,,0
Stick,1,WFC-as-SAT,frequency,35,True,0.004352580035757173,0.08246880180081388,0.004352580035757173,0.08246880180081388,0.09541958799999861,0,0
Stick,1,ordinary WFC,context,35,True,0.002214503517879541,0.01827687374046611,0.002214503517879541,0.01827687374046611,0.10084611899999985,,0
Stick,1,WFC-as-SAT,context,35,True,0.002214503517879541,0.01827687374046611,0.002214503517879541,0.01827687374046611,0.10082711200000105,0,0
Stick,1,ordinary WFC,uniform,36,True,0.20601077161582454,0.6417617052486626,0.20601077161582454,0.6417617052486626,0.07406224500000036,,0
Stick,1,WFC-as-SAT,uniform,36,True,0.20601077161582454,0.6417617052486626,0.20601077161582454,0.6417617052486626,0.07498891699999888,0,0
Stick,1,ordinary WFC,frequency,36,True,0.0005111303366110726,0.06884404596340885,0.0005111303366110726,0.06884404596340885,0.09622669599999867,,0
Stick,1,WFC-as-SAT,frequency,36,True,0.0005111303366110726,0.06884404596340885,0.0005111303366110726,0.06884404596340885,0.09421954599999793,0,0
Stick,1,ordinary WFC,context,36,True,0.013432245279568454,0.008900967173390487,0.013432245279568454,0.008900967173390487,0.09828662700000024,,0
Stick,1,WFC-as-SAT,context,36,True,0.013432245279568454,0.008900967173390487,0.013432245279568454,0.008900967173390487,0.09643625099999653,0,0
Stick,1,ordinary WFC,uniform,37,True,0.22525013021630513,0.61155384326374,0.22525013021630513,0.61155384326374,0.07097547200000065,,0
Stick,1,WFC-as-SAT,uniform,37,True,0.22525013021630513,0.61155384326374,0.22525013021630513,0.61155384326374,0.0752974019999968,0,0
Stick,1,ordinary WFC,frequency,37,True,0.002841430142510995,0.08375394702115785,0.002841430142510995,0.08375394702115785,0.09557646700000078,,0
Stick,1,WFC-as-SAT,frequency,37,True,0.002841430142510995,0.08375394702115785,0.002841430142510995,0.08375394702115785,0.09489263900000111,0,0
Stick,1,ordinary WFC,context,37,True,0.0005111303366110726,0.005542799908093732,0.0005111303366110726,0.005542799908093732,0.09962217500000037,,0
Stick,1,WFC-as-SAT,context,37,True,0.0005111303366110726,0.005542799908093732,0.0005111303366110726,0.005542799908093732,0.09911738999999997,0,0
Stick,1,ordinary WFC,uniform,38,True,0.1948006290937666,0.5864204037539127,0.1948006290937666,0.5864204037539127,0.07629221800000252,,0
Stick,1,WFC-as-SAT,uniform,38,True,0.1948006290937666,0.5864204037539127,0.1948006290937666,0.5864204037539127,0.07757752700000253,0,0
Stick,1,ordinary WFC,frequency,38,True,0.00011402782215475318,0.07271044927530111,0.00011402782215475318,0.07271044927530111,0.09179661199999956,,0
Stick,1,WFC-as-SAT,frequency,38,True,0.00011402782215475318,0.07271044927530111,0.00011402782215475318,0.07271044927530111,0.09355627000000055,0,0
Stick,1,ordinary WFC,context,38,True,4.738058860077974e-05,0.004784839525679305,4.738058860077974e-05,0.004784839525679305,0.1006483679999981,,0
Stick,1,WFC-as-SAT,context,38,True,4.738058860077974e-05,0.004784839525679305,4.738058860077974e-05,0.004784839525679305,0.09934934399999662,0,0
Stick,1,ordinary WFC,uniform,39,True,0.1592810837525132,0.46192722088219174,0.1592810837525132,0.46192722088219174,0.07327534599999908,,0
Stick,1,WFC-as-SAT,uniform,39,True,0.1592810837525132,0.46192722088219174,0.1592810837525132,0.46192722088219174,0.07783437400000182,0,0
Stick,1,ordinary WFC,frequency,39,True,0.0002762275017081598,0.09725388329755823,0.0002762275017081598,0.09725388329755823,0.09326638900000006,,0
Stick,1,WFC-as-SAT,frequency,39,True,0.0002762275017081598,0.09725388329755823,0.0002762275017081598,0.09725388329755823,0.09419602599999877,0,0
Stick,1,ordinary WFC,context,39,True,0.002214503517879541,0.014054776084461335,0.002214503517879541,0.014054776084461335,0.10024239699999882,,0
Stick,1,WFC-as-SAT,context,39,True,0.002214503517879541,0.014054776084461335,0.002214503517879541,0.014054776084461335,0.10110709699999987,0,0
Stick,1,ordinary WFC,uniform,40,True,0.16615420260092056,0.48597288377748343,0.16615420260092056,0.48597288377748343,0.08100465399999734,,0
Stick,1,WFC-as-SAT,uniform,40,True,0.16615420260092056,0.48597288377748343,0.16615420260092056,0.48597288377748343,0.07730824400000103,0,0
Stick,1,ordinary WFC,frequency,40,True,0.005241977634400621,0.07704000581003982,0.005241977634400621,0.07704000581003982,0.09754044099999959,,0
Stick,1,WFC-as-SAT,frequency,40,True,0.005241977634400621,0.07704000581003982,0.005241977634400621,0.07704000581003982,0.09645275300000122,0,0
Stick,1,ordinary WFC,context,40,True,0.004352580035757173,0.017291428724169444,0.004352580035757173,0.017291428724169444,0.10384913700000098,,0
Stick,1,WFC-as-SAT,context,40,True,0.004352580035757173,0.017291428724169444,0.004352580035757173,0.017291428724169444,0.10143228299999762,0,0
Stick,1,ordinary WFC,uniform,41,True,0.2371230891329615,0.7216006256370465,0.2371230891329615,0.7216006256370465,0.07047806100000287,,0
Stick,1,WFC-as-SAT,uniform,41,True,0.2371230891329615,0.7216006256370465,0.2371230891329615,0.7216006256370465,0.07398375599999696,0,0
Stick,1,ordinary WFC,frequency,41,True,2.2862949333223373e-05,0.09129316477693991,2.2862949333223373e-05,0.09129316477693991,0.0928465650000021,,0
Stick,1,WFC-as-SAT,frequency,41,True,2.2862949333223373e-05,0.09129316477693991,2.2862949333223373e-05,0.09129316477693991,0.09501833899999923,0,0
Stick,1,ordinary WFC,context,41,True,0.0002762275017081598,0.005549365662120755,0.0002762275017081598,0.005549365662120755,0.0986897010000014,,0
Stick,1,WFC-as-SAT,context,41,True,0.0002762275017081598,0.005549365662120755,0.0002762275017081598,0.005549365662120755,0.09947786799999747,0,0
Stick,1,ordinary WFC,uniform,42,True,0.20980332494572151,0.5816910652927916,0.20980332494572151,0.5816910652927916,0.07170056000000002,,0
Stick,1,WFC-as-SAT,uniform,42,True,0.20980332494572151,0.5816910652927916,0.20980332494572151,0.5816910652927916,0.07555993600000122,0,0
Stick,1,ordinary WFC,frequency,42,True,0.00033801663695705135,0.09157858390830578,0.00033801663695705135,0.09157858390830578,0.09044106099999993,,0
Stick,1,WFC-as-SAT,frequency,42,True,0.00033801663695705135,0.09157858390830578,0.00033801663695705135,0.09157858390830578,0.09307211599999832,0,0
Stick,1,ordinary WFC,context,42,True,0.0054399861958536605,0.003707696977529793,0.0054399861958536605,0.003707696977529793,0.0934978700000002,,0
Stick,1,WFC-as-SAT,context,42,True,0.0054399861958536605,0.003707696977529793,0.0054399861958536605,0.003707696977529793,0.09600829100000041,0,0
Stick,1,ordinary WFC,uniform,43,True,0.21362363233917298,0.5857104627546024,0.21362363233917298,0.5857104627546024,0.07123691500000007,,0
Stick,1,WFC-as-SAT,uniform,43,True,0.21362363233917298,0.5857104627546024,0.21362363233917298,0.5857104627546024,0.07517687600000045,0,0
Stick,1,ordinary WFC,frequency,43,True,0.002841430142510995,0.0779359202750178,0.002841430142510995,0.0779359202750178,0.09748868899999863,,0
Stick,1,WFC-as-SAT,frequency,43,True,0.002841430142510995,0.0779359202750178,0.002841430142510995,0.0779359202750178,0.0954072030000006,0,0
Stick,1,ordinary WFC,context,43,True,0.00033801663695705135,0.0016562211706584013,0.00033801663695705135,0.0016562211706584013,0.10095682200000056,,0
Stick,1,WFC-as-SAT,context,43,True,0.00033801663695705135,0.0016562211706584013,0.00033801663695705135,0.0016562211706584013,0.09940313299999914,0,0
Stick,1,ordinary WFC,uniform,44,True,0.1948006290937666,0.616849645017238,0.1948006290937666,0.616849645017238,0.0726024289999998,,0
Stick,1,WFC-as-SAT,uniform,44,True,0.1948006290937666,0.616849645017238,0.1948006290937666,0.616849645017238,0.07665366599999857,0,0
Stick,1,ordinary WFC,frequency,44,True,0.0002762275017081598,0.09520050130331288,0.0002762275017081598,0.09520050130331288,0.09375868400000087,,0
Stick,1,WFC-as-SAT,frequency,44,True,0.0002762275017081598,0.09520050130331288,0.0002762275017081598,0.09520050130331288,0.09422570799999974,0,0
Stick,1,ordinary WFC,context,44,True,0.00016012481931655057,0.000752592156754028,0.00016012481931655057,0.000752592156754028,0.09746676199999982,,0
Stick,1,WFC-as-SAT,context,44,True,0.00016012481931655057,0.000752592156754028,0.00016012481931655057,0.000752592156754028,0.09902869300000106,0,0
Stick,1,ordinary WFC,uniform,45,True,0.2371230891329615,0.706032860332591,0.2371230891329615,0.706032860332591,0.06911366699999988,,0
Stick,1,WFC-as-SAT,uniform,45,True,0.2371230891329615,0.706032860332591,0.2371230891329615,0.706032860332591,0.0745183520000019,0,0
Stick,1,ordinary WFC,frequency,45,True,0.0005111303366110726,0.10319007844039456,0.0005111303366110726,0.10319007844039456,0.09543912799999887,,0
Stick,1,WFC-as-SAT,frequency,45,True,0.0005111303366110726,0.10319007844039456,0.0005111303366110726,0.10319007844039456,0.09326514800000041,0,0
Stick,1,ordinary WFC,context,45,True,0.0016701580651610273,0.01041047103334186,0.0016701580651610273,0.01041047103334186,0.09963253299999764,,0
Stick,1,WFC-as-SAT,context,45,True,0.0016701580651610273,0.01041047103334186,0.0016701580651610273,0.01041047103334186,0.10109134500000039,0,0
Stick,1,ordinary WFC,uniform,46,True,0.1766817574948706,0.49846826713382075,0.1766817574948706,0.49846826713382075,0.07221898700000295,,0
Stick,1,WFC-as-SAT,uniform,46,True,0.1766817574948706,0.49846826713382075,0.1766817574948706,0.49846826713382075,0.07673694700000055,0,0
Stick,1,ordinary WFC,frequency,46,True,0.00016012481931655057,0.08820960651833382,0.00016012481931655057,0.08820960651833382,0.09479692600000078,,0
Stick,1,WFC-as-SAT,frequency,46,True,0.00016012481931655057,0.08820960651833382,0.00016012481931655057,0.08820960651833382,0.09356899599999835,0,0
Stick,1,ordinary WFC,context,46,True,0.0008204960284418396,0.0152233019258141,0.0008204960284418396,0.0152233019258141,0.09994727499999811,,0
Stick,1,WFC-as-SAT,context,46,True,0.0008204960284418396,0.0152233019258141,0.0008204960284418396,0.0152233019258141,0.09924117799999976,0,0
Stick,1,ordinary WFC,uniform,47,True,0.21747159784110207,0.5743476090863199,0.21747159784110207,0.5743476090863199,0.07231722599999912,,0
Stick,1,WFC-as-SAT,uniform,47,True,0.21747159784110207,0.5743476090863199,0.21747159784110207,0.5743476090863199,0.07766801499999687,0,0
Stick,1,ordinary WFC,frequency,47,True,4.738058860077974e-05,0.08080483941112467,4.738058860077974e-05,0.08080483941112467,0.09236283199999917,,0
Stick,1,WFC-as-SAT,frequency,47,True,4.738058860077974e-05,0.08080483941112467,4.738058860077974e-05,0.08080483941112467,0.09390789100000063,0,0
Stick,1,ordinary WFC,context,47,True,0.00033801663695705135,0.0007231384436938429,0.00033801663695705135,0.0007231384436938429,0.09870038500000078,,0
Stick,1,WFC-as-SAT,context,47,True,0.00033801663695705135,0.0007231384436938429,0.00033801663695705135,0.0007231384436938429,0.09739595699999981,0,0
Stick,1,ordinary WFC,uniform,48,True,0.22134712767718928,0.5999036563915505,0.22134712767718928,0.5999036563915505,0.07038068299999978,,0
Stick,1,WFC-as-SAT,uniform,48,True,0.22134712767718928,0.5999036563915505,0.22134712767718928,0.5999036563915505,0.07567238400000065,0,0
Stick,1,ordinary WFC,frequency,48,True,0.0005111303366110726,0.08192500665438975,0.0005111303366110726,0.08192500665438975,0.09321634399999823,,0
Stick,1,WFC-as-SAT,frequency,48,True,0.0005111303366110726,0.08192500665438975,0.0005111303366110726,0.08192500665438975,0.09418596400000112,0,0
Stick,1,ordinary WFC,context,48,True,0.0027044681214487935,0.002791709540745462,0.0027044681214487935,0.002791709540745462,0.0977855390000002,,0
Stick,1,WFC-as-SAT,context,48,True,0.0027044681214487935,0.002791709540745462,0.0027044681214487935,0.002791709540745462,0.09817331400000029,0,0
Stick,1,ordinary WFC,uniform,49,True,0.19850932210496255,0.6056945083725809,0.19850932210496255,0.6056945083725809,0.07377280099999695,,0
Stick,1,WFC-as-SAT,uniform,49,True,0.19850932210496255,0.6056945083725809,0.19850932210496255,0.6056945083725809,0.07654081700000148,0,0
Stick,1,ordinary WFC,frequency,49,True,0.0002762275017081598,0.07508973795676228,0.0002762275017081598,0.07508973795676228,0.09451670300000004,,0
Stick,1,WFC-as-SAT,frequency,49,True,0.0002762275017081598,0.07508973795676228,0.0002762275017081598,0.07508973795676228,0.09256898199999952,0,0
Stick,1,ordinary WFC,context,49,True,0.002841430142510995,0.015247304665939264,0.002841430142510995,0.015247304665939264,0.10046694500000086,,0
Stick,1,WFC-as-SAT,context,49,True,0.002841430142510995,0.015247304665939264,0.002841430142510995,0.015247304665939264,0.10018078199999891,0,0
Stick,1,ordinary WFC,uniform,50,True,0.19112009656993292,0.4838745096517657,0.19112009656993292,0.4838745096517657,0.0728201360000007,,0
Stick,1,WFC-as-SAT,uniform,50,True,0.19112009656993292,0.4838745096517657,0.19112009656993292,0.4838745096517657,0.07830774399999996,0,0
Stick,1,ordinary WFC,frequency,50,True,0.00016012481931655057,0.10106908787054522,0.00016012481931655057,0.10106908787054522,0.0923388480000007,,0
Stick,1,WFC-as-SAT,frequency,50,True,0.00016012481931655057,0.10106908787054522,0.00016012481931655057,0.10106908787054522,0.0914806739999996,0,0
Stick,1,ordinary WFC,context,50,True,0.00016012481931655057,0.0012782398412318832,0.00016012481931655057,0.0012782398412318832,0.09853265499999964,,0
Stick,1,WFC-as-SAT,context,50,True,0.00016012481931655057,0.0012782398412318832,0.00016012481931655057,0.0012782398412318832,0.09860600500000061,0,0
Stick,1,ordinary WFC,uniform,51,True,0.24924020199115463,0.615814133718257,0.24924020199115463,0.615814133718257,0.06893276399999948,,0
Stick,1,WFC-as-SAT,uniform,51,True,0.24924020199115463,0.615814133718257,0.24924020199115463,0.615814133718257,0.07219652100000218,0,0
Stick,1,ordinary WFC,frequency,51,True,0.00011402782215475318,0.08788555113891876,0.00011402782215475318,0.08788555113891876,0.09512614000000141,,0
Stick,1,WFC-as-SAT,frequency,51,True,0.00011402782215475318,0.08788555113891876,0.00011402782215475318,0.08788555113891876,0.09389626999999834,0,0
Stick,1,ordinary WFC,context,51,True,0.00805690150709324,0.0039679467963868635,0.00805690150709324,0.0039679467963868635,0.09519560200000043,,0
Stick,1,WFC-as-SAT,context,51,True,0.00805690150709324,0.0039679467963868635,0.00805690150709324,0.0039679467963868635,0.09519876899999957,0,0
Stick,1,ordinary WFC,uniform,52,True,0.23313819737806643,0.6273497522000153,0.23313819737806643,0.6273497522000153,0.06935715199999848,,0
Stick,1,WFC-as-SAT,uniform,52,True,0.23313819737806643,0.6273497522000153,0.23313819737806643,0.6273497522000153,0.07526893200000018,0,0
Stick,1,ordinary WFC,frequency,52,True,2.2862949333223373e-05,0.09807651185131126,2.2862949333223373e-05,0.09807651185131126,0.09540551799999974,,0
Stick,1,WFC-as-SAT,frequency,52,True,2.2862949333223373e-05,0.09807651185131126,2.2862949333223373e-05,0.09807651185131126,0.09360295800000173,0,0
Stick,1,ordinary WFC,context,52,True,0.004673645330591336,0.0024807655122176375,0.004673645330591336,0.0024807655122176375,0.11691921299999919,,0
Stick,1,WFC-as-SAT,context,52,True,0.004673645330591336,0.0024807655122176375,0.004673645330591336,0.0024807655122176375,0.11101485500000052,0,0
Stick,1,ordinary WFC,uniform,53,True,0.1766817574948706,0.4677434120794619,0.1766817574948706,0.4677434120794619,0.07856469499999719,,0
Stick,1,WFC-as-SAT,uniform,53,True,0.1766817574948706,0.4677434120794619,0.1766817574948706,0.4677434120794619,0.0919237310000014,0,0
Stick,1,ordinary WFC,frequency,53,True,0.0016701580651610273,0.07759027743547389,0.0016701580651610273,0.07759027743547389,0.09556120099999887,,0
Stick,1,WFC-as-SAT,frequency,53,True,0.0016701580651610273,0.07759027743547389,0.0016701580651610273,0.07759027743547389,0.09388209100000111,0,0
Stick,1,ordinary WFC,context,53,True,0.00033801663695705135,0.0011901137513610901,0.00033801663695705135,0.0011901137513610901,0.0969248649999983,,0
Stick,1,WFC-as-SAT,context,53,True,0.00033801663695705135,0.0011901137513610901,0.00033801663695705135,0.0011901137513610901,0.09735808099999943,0,0
Stick,1,ordinary WFC,uniform,54,True,0.18024854881566196,0.5414348398593807,0.18024854881566196,0.5414348398593807,0.07294839100000061,,0
Stick,1,WFC-as-SAT,uniform,54,True,0.18024854881566196,0.5414348398593807,0.18024854881566196,0.5414348398593807,0.07735478800000095,0,0
Stick,1,ordinary WFC,frequency,54,True,0.0005111303366110726,0.07310422754387912,0.0005111303366110726,0.07310422754387912,0.09485899199999892,,0
Stick,1,WFC-as-SAT,frequency,54,True,0.0005111303366110726,0.07310422754387912,0.0005111303366110726,0.07310422754387912,0.09306497700000094,0,0
Stick,1,ordinary WFC,context,54,True,0.015921060228488236,0.012528060751628992,0.015921060228488236,0.012528060751628992,0.09465084500000032,,0
Stick,1,WFC-as-SAT,context,54,True,0.015921060228488236,0.012528060751628992,0.015921060228488236,0.012528060751628992,0.09398803799999911,0,0
Stick,1,ordinary WFC,uniform,55,True,0.21747159784110207,0.6096885880620332,0.21747159784110207,0.6096885880620332,0.07122837300000029,,0
Stick,1,WFC-as-SAT,uniform,55,True,0.21747159784110207,0.6096885880620332,0.21747159784110207,0.6096885880620332,0.07543460600000174,0,0
Stick,1,ordinary WFC,frequency,55,True,0.0016701580651610273,0.09457212241973854,0.0016701580651610273,0.09457212241973854,0.09468144500000264,,0
Stick,1,WFC-as-SAT,frequency,55,True,0.0016701580651610273,0.09457212241973854,0.0016701580651610273,0.09457212241973854,0.09456610399999832,0,0
Stick,1,ordinary WFC,context,55,True,0.0039616816967026035,0.006832444916858535,0.0039616816967026035,0.006832444916858535,0.09382949500000137,,0
Stick,1,WFC-as-SAT,context,55,True,0.0039616816967026035,0.006832444916858535,0.0039616816967026035,0.006832444916858535,0.09748044399999856,0,0
Stick,1,ordinary WFC,uniform,56,True,0.20601077161582454,0.5017642456730448,0.20601077161582454,0.5017642456730448,0.06998961800000103,,0
Stick,1,WFC-as-SAT,uniform,56,True,0.20601077161582454,0.5017642456730448,0.20601077161582454,0.5017642456730448,0.07649973399999865,0,0
Stick,1,ordinary WFC,frequency,56,True,1.1490419316935625e-06,0.09978267283037254,1.1490419316935625e-06,0.09978267283037254,0.09299859100000063,,0
Stick,1,WFC-as-SAT,frequency,56,True,1.1490419316935625e-06,0.09978267283037254,1.1490419316935625e-06,0.09978267283037254,0.09177428499999962,0,0
Stick,1,ordinary WFC,context,56,True,1.1490419316935625e-06,0.006871788799743645,1.1490419316935625e-06,0.006871788799743645,0.0984405620000004,,0
Stick,1,WFC-as-SAT,context,56,True,1.1490419316935625e-06,0.006871788799743645,1.1490419316935625e-06,0.006871788799743645,0.10599036999999711,0,0
Stick,1,ordinary WFC,uniform,57,True,0.19112009656993292,0.5067211476921422,0.19112009656993292,0.5067211476921422,0.07371274600000177,,0
Stick,1,WFC-as-SAT,uniform,57,True,0.19112009656993292,0.5067211476921422,0.19112009656993292,0.5067211476921422,0.07513413899999932,0,0
Stick,1,ordinary WFC,frequency,57,True,0.0012061832385946523,0.08705849666241396,0.0012061832385946523,0.08705849666241396,0.09590303600000283,,0
Stick,1,WFC-as-SAT,frequency,57,True,0.0012061832385946523,0.08705849666241396,0.0012061832385946523,0.08705849666241396,0.09376602400000067,0,0
Stick,1,ordinary WFC,context,57,True,0.0054399861958536605,0.004066643536246681,0.0054399861958536605,0.004066643536246681,0.09495056399999768,,0
Stick,1,WFC-as-SAT,context,57,True,0.0054399861958536605,0.004066643536246681,0.0054399861958536605,0.004066643536246681,0.0958417200000028,0,0
Stick,1,ordinary WFC,uniform,58,True,0.16963446291743783,0.5021488148161162,0.16963446291743783,0.5021488148161162,0.07228686099999848,,0
Stick,1,WFC-as-SAT,uniform,58,True,0.16963446291743783,0.5021488148161162,0.16963446291743783,0.5021488148161162,0.07741910200000035,0,0
Stick,1,ordinary WFC,frequency,58,True,0.00011402782215475318,0.08928329399135426,0.00011402782215475318,0.08928329399135426,0.09303973299999768,,0
Stick,1,WFC-as-SAT,frequency,58,True,0.00011402782215475318,0.08928329399135426,0.00011402782215475318,0.08928329399135426,0.09318837799999713,0,0
Stick,1,ordinary WFC,context,58,True,0.015921060228488236,0.011886347413967727,0.015921060228488236,0.011886347413967727,0.09486502099999683,,0
Stick,1,WFC-as-SAT,context,58,True,0.015921060228488236,0.011886347413967727,0.015921060228488236,0.011886347413967727,0.09500228299999947,0,0
Stick,1,ordinary WFC,uniform,59,True,0.21747159784110207,0.6522757148660404,0.21747159784110207,0.6522757148660404,0.07261722100000156,,0
Stick,1,WFC-as-SAT,uniform,59,True,0.21747159784110207,0.6522757148660404,0.21747159784110207,0.6522757148660404,0.07454313699999915,0,0
Stick,1,ordinary WFC,frequency,59,True,4.738058860077974e-05,0.08378521273162072,4.738058860077974e-05,0.08378521273162072,0.09351233200000308,,0
Stick,1,WFC-as-SAT,frequency,59,True,4.738058860077974e-05,0.08378521273162072,4.738058860077974e-05,0.08378521273162072,0.09272404499999709,0,0
Stick,1,ordinary WFC,context,59,True,0.0012061832385946523,0.009380240973955779,0.0012061832385946523,0.009380240973955779,0.10545780999999721,,0
Stick,1,WFC-as-SAT,context,59,True,0.0012061832385946523,0.009380240973955779,0.0012061832385946523,0.009380240973955779,0.09788304199999942,0,0
Stick,1,ordinary WFC,uniform,60,True,0.22918051593415126,0.7209866123917176,0.22918051593415126,0.7209866123917176,0.06910968200000411,,0
Stick,1,WFC-as-SAT,uniform,60,True,0.22918051593415126,0.7209866123917176,0.22918051593415126,0.7209866123917176,0.07597648599999474,0,0
Stick,1,ordinary WFC,frequency,60,True,0.0016701580651610273,0.0804565801734212,0.0016701580651610273,0.0804565801734212,0.09370701699999984,,0
Stick,1,WFC-as-SAT,frequency,60,True,0.0016701580651610273,0.0804565801734212,0.0016701580651610273,0.0804565801734212,0.09414014899999756,0,0
Stick,1,ordinary WFC,context,60,True,0.00033801663695705135,0.0012152997937230937,0.00033801663695705135,0.0012152997937230937,0.0948201629999943,,0
Stick,1,WFC-as-SAT,context,60,True,0.00033801663695705135,0.0012152997937230937,0.00033801663695705135,0.0012152997937230937,0.10007547199999323,0,0
Stick,1,ordinary WFC,uniform,61,True,0.1948006290937666,0.4815918327652082,0.1948006290937666,0.4815918327652082,0.07101516100000538,,0
Stick,1,WFC-as-SAT,uniform,61,True,0.1948006290937666,0.4815918327652082,0.1948006290937666,0.4815918327652082,0.07902570800000319,0,0
Stick,1,ordinary WFC,frequency,61,True,0.00011402782215475318,0.09514454801725056,0.00011402782215475318,0.09514454801725056,0.09226699599999932,,0
Stick,1,WFC-as-SAT,frequency,61,True,0.00011402782215475318,0.09514454801725056,0.00011402782215475318,0.09514454801725056,0.092937347000003,0,0
Stick,1,ordinary WFC,context,61,True,0.004673645330591336,0.002090159157296818,0.004673645330591336,0.002090159157296818,0.09481122799999753,,0
Stick,1,WFC-as-SAT,context,61,True,0.004673645330591336,0.002090159157296818,0.004673645330591336,0.002090159157296818,0.09565684399999697,0,0
Stick,1,ordinary WFC,uniform,62,True,0.19850932210496255,0.5558351440567565,0.19850932210496255,0.5558351440567565,0.07110173200000247,,0
Stick,1,WFC-as-SAT,uniform,62,True,0.19850932210496255,0.5558351440567565,0.19850932210496255,0.5558351440567565,0.07572098600000032,0,0
Stick,1,ordinary WFC,frequency,62,True,0.0008204960284418396,0.07804138204896963,0.0008204960284418396,0.07804138204896963,0.09708584500000228,,0
Stick,1,WFC-as-SAT,frequency,62,True,0.0008204960284418396,0.07804138204896963,0.0008204960284418396,0.07804138204896963,0.09424248700000248,0,0
Stick,1,ordinary WFC,context,62,True,0.0071324201362094955,0.004069751596075754,0.0071324201362094955,0.004069751596075754,0.09664729099999647,,0
Stick,1,WFC-as-SAT,context,62,True,0.0071324201362094955,0.004069751596075754,0.0071324201362094955,0.004069751596075754,0.09408110799999747,0,0
Stick,1,ordinary WFC,uniform,63,True,0.1592810837525132,0.4779242197848743,0.1592810837525132,0.4779242197848743,0.07583224700000102,,0
Stick,1,WFC-as-SAT,uniform,63,True,0.1592810837525132,0.4779242197848743,0.1592810837525132,0.4779242197848743,0.07948846800000098,0,0
Stick,1,ordinary WFC,frequency,63,True,0.0016701580651610273,0.08322306484726051,0.0016701580651610273,0.08322306484726051,0.09544332400000144,,0
Stick,1,WFC-as-SAT,frequency,63,True,0.0016701580651610273,0.08322306484726051,0.0016701580651610273,0.08322306484726051,0.09372234399999968,0,0
Stick,1,ordinary WFC,context,63,True,0.00033801663695705135,0.000529235385903935,0.00033801663695705135,0.000529235385903935,0.09884587399999845,,0
Stick,1,WFC-as-SAT,context,63,True,0.00033801663695705135,0.000529235385903935,0.00033801663695705135,0.000529235385903935,0.09830921600000408,0,0
Stick,1,ordinary WFC,uniform,64,True,0.17314368881994222,0.4783702495407961,0.17314368881994222,0.4783702495407961,0.07307530499999615,,0
Stick,1,WFC-as-SAT,uniform,64,True,0.17314368881994222,0.4783702495407961,0.17314368881994222,0.4783702495407961,0.07650791500000054,0,0
Stick,1,ordinary WFC,frequency,64,True,4.738058860077974e-05,0.10250552279105195,4.738058860077974e-05,0.10250552279105195,0.09241949900000179,,0
Stick,1,WFC-as-SAT,frequency,64,True,4.738058860077974e-05,0.10250552279105195,4.738058860077974e-05,0.10250552279105195,0.09150672700000229,0,0
Stick,1,ordinary WFC,context,64,True,0.0027044681214487935,0.008492316102851904,0.0027044681214487935,0.008492316102851904,0.09521523899999806,,0
Stick,1,WFC-as-SAT,context,64,True,0.0027044681214487935,0.008492316102851904,0.0027044681214487935,0.008492316102851904,0.09690318100000184,0,0
Stick,1,ordinary WFC,uniform,65,True,0.22525013021630513,0.6488011549036977,0.22525013021630513,0.6488011549036977,0.07144410000000079,,0
Stick,1,WFC-as-SAT,uniform,65,True,0.22525013021630513,0.6488011549036977,0.22525013021630513,0.6488011549036977,0.07441921499999893,0,0
Stick,1,ordinary WFC,frequency,65,True,0.0012061832385946523,0.08926176373799978,0.0012061832385946523,0.08926176373799978,0.09465529799999928,,0
Stick,1,WFC-as-SAT,frequency,65,True,0.0012061832385946523,0.08926176373799978,0.0012061832385946523,0.08926176373799978,0.09309363300000228,0,0
Stick,1,ordinary WFC,context,65,True,0.00016012481931655057,0.000851993099118058,0.00016012481931655057,0.000851993099118058,0.09759957600000035,,0
Stick,1,WFC-as-SAT,context,65,True,0.00016012481931655057,0.000851993099118058,0.00016012481931655057,0.000851993099118058,0.09782952799999833,0,0
Stick,1,ordinary WFC,uniform,66,True,0.19850932210496255,0.5617845060950658,0.19850932210496255,0.5617845060950658,0.07155938400000394,,0
Stick,1,WFC-as-SAT,uniform,66,True,0.19850932210496255,0.5617845060950658,0.19850932210496255,0.5617845060950658,0.07626828300000454,0,0
Stick,1,ordinary WFC,frequency,66,True,0.00033801663695705135,0.10505793087701121,0.00033801663695705135,0.10505793087701121,0.09390668799999702,,0
Stick,1,WFC-as-SAT,frequency,66,True,0.00033801663695705135,0.10505793087701121,0.00033801663695705135,0.10505793087701121,0.09205117300000154,0,0
Stick,1,ordinary WFC,context,66,True,2.2862949333223373e-05,0.0030072694486216007,2.2862949333223373e-05,0.0030072694486216007,0.09801416599999868,,0
Stick,1,WFC-as-SAT,context,66,True,2.2862949333223373e-05,0.0030072694486216007,2.2862949333223373e-05,0.0030072694486216007,0.097275094000004,0,0
Stick,1,ordinary WFC,uniform,67,True,0.22525013021630513,0.5746445119188901,0.22525013021630513,0.5746445119188901,0.0696022119999995,,0
Stick,1,WFC-as-SAT,uniform,67,True,0.22525013021630513,0.5746445119188901,0.22525013021630513,0.5746445119188901,0.0747762399999985,0,0
Stick,1,ordinary WFC,frequency,67,True,0.0008204960284418396,0.09182476658956047,0.0008204960284418396,0.09182476658956047,0.09534326099999646,,0
Stick,1,WFC-as-SAT,frequency,67,True,0.0008204960284418396,0.09182476658956047,0.0008204960284418396,0.09182476658956047,0.0934870979999971,0,0
Stick,1,ordinary WFC,context,67,True,0.009760988078666117,0.030858292997168666,0.009760988078666117,0.030858292997168666,0.10360679400000095,,0
Stick,1,WFC-as-SAT,context,67,True,0.009760988078666117,0.030858292997168666,0.009760988078666117,0.030858292997168666,0.10123100700000265,0,0
Stick,1,ordinary WFC,uniform,68,True,0.22525013021630513,0.5985828282180288,0.22525013021630513,0.5985828282180288,0.07195910400000116,,0
Stick,1,WFC-as-SAT,uniform,68,True,0.22525013021630513,0.5985828282180288,0.22525013021630513,0.5985828282180288,0.07736922300000515,0,0
Stick,1,ordinary WFC,frequency,68,True,0.0002762275017081598,0.07817695557023643,0.0002762275017081598,0.07817695557023643,0.09262321799999995,,0
Stick,1,WFC-as-SAT,frequency,68,True,0.0002762275017081598,0.07817695557023643,0.0002762275017081598,0.07817695557023643,0.09276913699999767,0,0
Stick,1,ordinary WFC,context,68,True,0.0027044681214487935,0.004179426963465859,0.0027044681214487935,0.004179426963465859,0.09571771599999579,,0
Stick,1,WFC-as-SAT,context,68,True,0.0027044681214487935,0.004179426963465859,0.0027044681214487935,0.004179426963465859,0.09575132300000178,0,0
Stick,1,ordinary WFC,uniform,69,True,0.19850932210496255,0.6200074277860222,0.19850932210496255,0.6200074277860222,0.07300474800000245,,0
Stick,1,WFC-as-SAT,uniform,69,True,0.19850932210496255,0.6200074277860222,0.19850932210496255,0.6200074277860222,0.07599379799999895,0,0
Stick,1,ordinary WFC,frequency,69,True,2.2862949333223373e-05,0.0903378318739638,2.2862949333223373e-05,0.0903378318739638,0.09229362399999985,,0
Stick,1,WFC-as-SAT,frequency,69,True,2.2862949333223373e-05,0.0903378318739638,2.2862949333223373e-05,0.0903378318739638,0.09445682399999811,0,0
Stick,1,ordinary WFC,context,69,True,0.003304981867583226,0.0015019882999079302,0.003304981867583226,0.0015019882999079302,0.09280947100000247,,0
Stick,1,WFC-as-SAT,context,69,True,0.003304981867583226,0.0015019882999079302,0.003304981867583226,0.0015019882999079302,0.09833814000000274,0,0
Stick,1,ordinary WFC,uniform,70,True,0.20980332494572151,0.5933162879003717,0.20980332494572151,0.5933162879003717,0.07275710400000435,,0
Stick,1,WFC-as-SAT,uniform,70,True,0.20980332494572151,0.5933162879003717,0.20980332494572151,0.5933162879003717,0.07792940500000611,0,0
Stick,1,ordinary WFC,frequency,70,True,0.0005111303366110726,0.09227446694710577,0.0005111303366110726,0.09227446694710577,0.0964263699999961,,0
Stick,1,WFC-as-SAT,frequency,70,True,0.0005111303366110726,0.09227446694710577,0.0005111303366110726,0.09227446694710577,0.09339670399999989,0,0
Stick,1,ordinary WFC,context,70,True,0.00805690150709324,0.006356711885243685,0.00805690150709324,0.006356711885243685,0.0916465990000006,,0
Stick,1,WFC-as-SAT,context,70,True,0.00805690150709324,0.006356711885243685,0.00805690150709324,0.006356711885243685,0.0968793560000023,0,0
Stick,1,ordinary WFC,uniform,71,True,0.1948006290937666,0.5435847312333603,0.1948006290937666,0.5435847312333603,0.07024302499999635,,0
Stick,1,WFC-as-SAT,uniform,71,True,0.1948006290937666,0.5435847312333603,0.1948006290937666,0.5435847312333603,0.07604260899999815,0,0
Stick,1,ordinary WFC,frequency,71,True,0.005241977634400621,0.0741734129506345,0.005241977634400621,0.0741734129506345,0.09599484499999988,,0
Stick,1,WFC-as-SAT,frequency,71,True,0.005241977634400621,0.0741734129506345,0.005241977634400621,0.0741734129506345,0.0942074020000021,0,0
Stick,1,ordinary WFC,context,71,True,0.0016758794977550853,0.000512142008888385,0.0016758794977550853,0.000512142008888385,0.09642688499999963,,0
Stick,1,WFC-as-SAT,context,71,True,0.0016758794977550853,0.000512142008888385,0.0016758794977550853,0.000512142008888385,0.0971287959999998,0,0
Stick,1,ordinary WFC,uniform,72,True,0.22918051593415126,0.6197171687372509,0.22918051593415126,0.6197171687372509,0.06840690800000004,,0
Stick,1,WFC-as-SAT,uniform,72,True,0.22918051593415126,0.6197171687372509,0.22918051593415126,0.6197171687372509,0.07412791800000207,0,0
Stick,1,ordinary WFC,frequency,72,True,0.0005797540099439884,0.10473002232674064,0.0005797540099439884,0.10473002232674064,0.09215045100000196,,0
Stick,1,WFC-as-SAT,frequency,72,True,0.0005797540099439884,0.10473002232674064,0.0005797540099439884,0.10473002232674064,0.09316565599999649,0,0
Stick,1,ordinary WFC,context,72,True,0.0071324201362094955,0.006332197501265277,0.0071324201362094955,0.006332197501265277,0.09160197199999942,,0
Stick,1,WFC-as-SAT,context,72,True,0.0071324201362094955,0.006332197501265277,0.0071324201362094955,0.006332197501265277,0.09663783799999948,0,0
Stick,1,ordinary WFC,uniform,73,True,0.1766817574948706,0.4641508370025784,0.1766817574948706,0.4641508370025784,0.07280974300000054,,0
Stick,1,WFC-as-SAT,uniform,73,True,0.1766817574948706,0.4641508370025784,0.1766817574948706,0.4641508370025784,0.07775671899999992,0,0
Stick,1,ordinary WFC,frequency,73,True,0.004352580035757173,0.06676094426568699,0.004352580035757173,0.06676094426568699,0.0964216879999995,,0
Stick,1,WFC-as-SAT,frequency,73,True,0.004352580035757173,0.06676094426568699,0.004352580035757173,0.06676094426568699,0.09516750099999882,0,0
Stick,1,ordinary WFC,context,73,True,0.0016758794977550853,0.0006311801331970049,0.0016758794977550853,0.0006311801331970049,0.09517552699999499,,0
Stick,1,WFC-as-SAT,context,73,True,0.0016758794977550853,0.0006311801331970049,0.0016758794977550853,0.0006311801331970049,0.09780702999999846,0,0
Stick,1,ordinary WFC,uniform,74,True,0.22918051593415126,0.5971674776188065,0.22918051593415126,0.5971674776188065,0.0682013809999944,,0
Stick,1,WFC-as-SAT,uniform,74,True,0.22918051593415126,0.5971674776188065,0.22918051593415126,0.5971674776188065,0.07394677799999982,0,0
Stick,1,ordinary WFC,frequency,74,True,0.0008840937746982889,0.06638716516333512,0.0008840937746982889,0.06638716516333512,0.09101454100000694,,0
Stick,1,WFC-as-SAT,frequency,74,True,0.0008840937746982889,0.06638716516333512,0.0008840937746982889,0.06638716516333512,0.09176251400000268,0,0
Stick,1,ordinary WFC,context,74,True,0.03831491814151387,0.045967022343316,0.03831491814151387,0.045967022343316,0.08830680800000579,,0
Stick,1,WFC-as-SAT,context,74,True,0.03831491814151387,0.045967022343316,0.03831491814151387,0.045967022343316,0.09052918500000118,0,0
Stick,1,ordinary WFC,uniform,75,True,0.20601077161582454,0.5312167441879979,0.20601077161582454,0.5312167441879979,0.07249743899999572,,0
Stick,1,WFC-as-SAT,uniform,75,True,0.20601077161582454,0.5312167441879979,0.20601077161582454,0.5312167441879979,0.0789237840000041,0,0
Stick,1,ordinary WFC,frequency,75,True,0.003553287974391091,0.09008748796130607,0.003553287974391091,0.09008748796130607,0.09823284799999499,,0
Stick,1,WFC-as-SAT,frequency,75,True,0.003553287974391091,0.09008748796130607,0.003553287974391091,0.09008748796130607,0.0973014459999959,0,0
Stick,1,ordinary WFC,context,75,True,0.0008840937746982889,0.0018618591022848937,0.0008840937746982889,0.0018618591022848937,0.09565317800000628,,0
Stick,1,WFC-as-SAT,context,75,True,0.0008840937746982889,0.0018618591022848937,0.0008840937746982889,0.0018618591022848937,0.1050573280000009,0,0
Stick,1,ordinary WFC,uniform,76,True,0.22525013021630513,0.6026172383976627,0.22525013021630513,0.6026172383976627,0.07281013800000125,,0
Stick,1,WFC-as-SAT,uniform,76,True,0.22525013021630513,0.6026172383976627,0.22525013021630513,0.6026172383976627,0.07629949700000083,0,0
Stick,1,ordinary WFC,frequency,76,True,0.0002762275017081598,0.09520050130331288,0.0002762275017081598,0.09520050130331288,0.09325855099999814,,0
Stick,1,WFC-as-SAT,frequency,76,True,0.0002762275017081598,0.09520050130331288,0.0002762275017081598,0.09520050130331288,0.09510540100000497,0,0
Stick,1,ordinary WFC,context,76,True,0.0054399861958536605,0.003734818314456061,0.0054399861958536605,0.003734818314456061,0.09286135699999676,,0
Stick,1,WFC-as-SAT,context,76,True,0.0054399861958536605,0.003734818314456061,0.0054399861958536605,0.003734818314456061,0.10661202000000003,0,0
Stick,1,ordinary WFC,uniform,77,True,0.22918051593415126,0.6623159443664868,0.22918051593415126,0.6623159443664868,0.07040389899999866,,0
Stick,1,WFC-as-SAT,uniform,77,True,0.22918051593415126,0.6623159443664868,0.22918051593415126,0.6623159443664868,0.07569916799999987,0,0
Stick,1,ordinary WFC,frequency,77,True,0.0005111303366110726,0.07246245337842203,0.0005111303366110726,0.07246245337842203,0.09559305900000226,,0
Stick,1,WFC-as-SAT,frequency,77,True,0.0005111303366110726,0.07246245337842203,0.0005111303366110726,0.07246245337842203,0.09341003899999833,0,0
Stick,1,ordinary WFC,context,77,True,0.0016758794977550853,0.0004469558587954685,0.0016758794977550853,0.0004469558587954685,0.09458906399999734,,0
Stick,1,WFC-as-SAT,context,77,True,0.0016758794977550853,0.0004469558587954685,0.0016758794977550853,0.0004469558587954685,0.09684133000000372,0,0
Stick,1,ordinary WFC,uniform,78,True,0.18384394528870296,0.5268970979769668,0.18384394528870296,0.5268970979769668,0.07140693499999884,,0
Stick,1,WFC-as-SAT,uniform,78,True,0.18384394528870296,0.5268970979769668,0.18384394528870296,0.5268970979769668,0.07799444300000147,0,0
Stick,1,ordinary WFC,frequency,78,True,1.1490419316935625e-06,0.08288733817688404,1.1490419316935625e-06,0.08288733817688404,0.09335256600000008,,0
Stick,1,WFC-as-SAT,frequency,78,True,1.1490419316935625e-06,0.08288733817688404,1.1490419316935625e-06,0.08288733817688404,0.09350602500000349,0,0
Stick,1,ordinary WFC,context,78,True,0.011134334608998632,0.005573367944098777,0.011134334608998632,0.005573367944098777,0.09464658800000336,,0
Stick,1,WFC-as-SAT,context,78,True,0.011134334608998632,0.005573367944098777,0.011134334608998632,0.005573367944098777,0.09721685499999921,0,0
Stick,1,ordinary WFC,uniform,79,True,0.1874678320010601,0.5503852138180101,0.1874678320010601,0.5503852138180101,0.07132649900000132,,0
Stick,1,WFC-as-SAT,uniform,79,True,0.1874678320010601,0.5503852138180101,0.1874678320010601,0.5503852138180101,0.07670795299999611,0,0
Stick,1,ordinary WFC,frequency,79,True,0.0012061832385946523,0.08126672667490646,0.0012061832385946523,0.08126672667490646,0.09581552299999885,,0
Stick,1,WFC-as-SAT,frequency,79,True,0.0012061832385946523,0.08126672667490646,0.0012061832385946523,0.08126672667490646,0.09316202500000514,0,0
Stick,1,ordinary WFC,context,79,True,0.0027044681214487935,0.0012902866094938782,0.0027044681214487935,0.0012902866094938782,0.09475278600000081,,0
Stick,1,WFC-as-SAT,context,79,True,0.0027044681214487935,0.0012902866094938782,0.0027044681214487935,0.0012902866094938782,0.09648412199999967,0,0
Stick,1,ordinary WFC,uniform,80,True,0.17314368881994222,0.4941490060917092,0.17314368881994222,0.4941490060917092,0.07413538999999503,,0
Stick,1,WFC-as-SAT,uniform,80,True,0.17314368881994222,0.4941490060917092,0.17314368881994222,0.4941490060917092,0.07691015900000053,0,0
Stick,1,ordinary WFC,frequency,80,True,2.2862949333223373e-05,0.07991394969490653,2.2862949333223373e-05,0.07991394969490653,0.09367284100000006,,0
Stick,1,WFC-as-SAT,frequency,80,True,2.2862949333223373e-05,0.07991394969490653,2.2862949333223373e-05,0.07991394969490653,0.09366696000000019,0,0
Stick,1,ordinary WFC,context,80,True,0.004673645330591336,0.008465495503927268,0.004673645330591336,0.008465495503927268,0.09916698199999985,,0
Stick,1,WFC-as-SAT,context,80,True,0.004673645330591336,0.008465495503927268,0.004673645330591336,0.008465495503927268,0.09778296500000039,0,0
Stick,1,ordinary WFC,uniform,81,True,0.19850932210496255,0.5052950821141541,0.19850932210496255,0.5052950821141541,0.07307510500000092,,0
Stick,1,WFC-as-SAT,uniform,81,True,0.19850932210496255,0.5052950821141541,0.19850932210496255,0.5052950821141541,0.07682275599999855,0,0
Stick,1,ordinary WFC,frequency,81,True,1.1490419316935625e-06,0.09271594232545363,1.1490419316935625e-06,0.09271594232545363,0.0938497819999995,,0
Stick,1,WFC-as-SAT,frequency,81,True,1.1490419316935625e-06,0.09271594232545363,1.1490419316935625e-06,0.09271594232545363,0.0925560349999941,0,0
Stick,1,ordinary WFC,context,81,True,0.0071324201362094955,0.0074380715117243175,0.0071324201362094955,0.0074380715117243175,0.09401130100000188,,0
Stick,1,WFC-as-SAT,context,81,True,0.0071324201362094955,0.0074380715117243175,0.0071324201362094955,0.0074380715117243175,0.09879164300000554,0,0
Stick,1,ordinary WFC,uniform,82,True,0.21362363233917298,0.6518163457922543,0.21362363233917298,0.6518163457922543,0.06949216600000341,,0
Stick,1,WFC-as-SAT,uniform,82,True,0.21362363233917298,0.6518163457922543,0.21362363233917298,0.6518163457922543,0.07558858000000157,0,0
Stick,1,ordinary WFC,frequency,82,True,0.0008840937746982889,0.11032677960946549,0.0008840937746982889,0.11032677960946549,0.09506520400000085,,0
Stick,1,WFC-as-SAT,frequency,82,True,0.0008840937746982889,0.11032677960946549,0.0008840937746982889,0.11032677960946549,0.09317576299999786,0,0
Stick,1,ordinary WFC,context,82,True,0.0071324201362094955,0.0047388438634878354,0.0071324201362094955,0.0047388438634878354,0.09459574899999978,,0
Stick,1,WFC-as-SAT,context,82,True,0.0071324201362094955,0.0047388438634878354,0.0071324201362094955,0.0047388438634878354,0.0984361800000002,0,0
Stick,1,ordinary WFC,uniform,83,True,0.22525013021630513,0.7211987335335674,0.22525013021630513,0.7211987335335674,0.07049979199999967,,0
Stick,1,WFC-as-SAT,uniform,83,True,0.22525013021630513,0.7211987335335674,0.22525013021630513,0.7211987335335674,0.0765166079999986,0,0
Stick,1,ordinary WFC,frequency,83,True,0.00011402782215475318,0.08514904348191063,0.00011402782215475318,0.08514904348191063,0.09550548299999662,,0
Stick,1,WFC-as-SAT,frequency,83,True,0.00011402782215475318,0.08514904348191063,0.00011402782215475318,0.08514904348191063,0.093926230000001,0,0
Stick,1,ordinary WFC,context,83,True,0.0062598514474681705,0.0030717959988115057,0.0062598514474681705,0.0030717959988115057,0.0912157260000015,,0
Stick,1,WFC-as-SAT,context,83,True,0.0062598514474681705,0.0030717959988115057,0.0062598514474681705,0.0030717959988115057,0.09594231500000205,0,0
Stick,1,ordinary WFC,uniform,84,True,0.22134712767718928,0.589645145626815,0.22134712767718928,0.589645145626815,0.0693343460000051,,0
Stick,1,WFC-as-SAT,uniform,84,True,0.22134712767718928,0.589645145626815,0.22134712767718928,0.589645145626815,0.07474307599999719,0,0
Stick,1,ordinary WFC,frequency,84,True,0.0021611005760421194,0.10480506118316668,0.0021611005760421194,0.10480506118316668,0.0917741129999996,,0
Stick,1,WFC-as-SAT,frequency,84,True,0.0021611005760421194,0.10480506118316668,0.0021611005760421194,0.10480506118316668,0.09158382199999693,0,0
Stick,1,ordinary WFC,context,84,True,0.00805690150709324,0.0046052746594933604,0.00805690150709324,0.0046052746594933604,0.09409724900000072,,0
Stick,1,WFC-as-SAT,context,84,True,0.00805690150709324,0.0046052746594933604,0.00805690150709324,0.0046052746594933604,0.09526446800000343,0,0
Stick,1,ordinary WFC,uniform,85,True,0.18384394528870296,0.523565830093843,0.18384394528870296,0.523565830093843,0.07276222200000149,,0
Stick,1,WFC-as-SAT,uniform,85,True,0.18384394528870296,0.523565830093843,0.18384394528870296,0.523565830093843,0.07761693799999847,0,0
Stick,1,ordinary WFC,frequency,85,True,2.2862949333223373e-05,0.06316689150115964,2.2862949333223373e-05,0.06316689150115964,0.09463215299999916,,0
Stick,1,WFC-as-SAT,frequency,85,True,2.2862949333223373e-05,0.06316689150115964,2.2862949333223373e-05,0.06316689150115964,0.09376306500000453,0,0
Stick,1,ordinary WFC,context,85,True,4.738058860077974e-05,0.002925239222006033,4.738058860077974e-05,0.002925239222006033,0.09982470799999987,,0
Stick,1,WFC-as-SAT,context,85,True,4.738058860077974e-05,0.002925239222006033,4.738058860077974e-05,0.002925239222006033,0.09873218599999944,0,0
Stick,1,ordinary WFC,uniform,86,True,0.19112009656993292,0.49342159316944345,0.19112009656993292,0.49342159316944345,0.07273068099999591,,0
Stick,1,WFC-as-SAT,uniform,86,True,0.19112009656993292,0.49342159316944345,0.19112009656993292,0.49342159316944345,0.07587757199999601,0,0
Stick,1,ordinary WFC,frequency,86,True,0.0008204960284418396,0.06679782245945814,0.0008204960284418396,0.06679782245945814,0.09406672299999741,,0
Stick,1,WFC-as-SAT,frequency,86,True,0.0008204960284418396,0.06679782245945814,0.0008204960284418396,0.06679782245945814,0.09601950399999737,0,0
Stick,1,ordinary WFC,context,86,True,0.0002762275017081598,0.007815654774593433,0.0002762275017081598,0.007815654774593433,0.09731622500000014,,0
Stick,1,WFC-as-SAT,context,86,True,0.0002762275017081598,0.007815654774593433,0.0002762275017081598,0.007815654774593433,0.1024044270000033,0,0
Stick,1,ordinary WFC,uniform,87,True,0.1766817574948706,0.5134967874148351,0.1766817574948706,0.5134967874148351,0.0712819320000051,,0
Stick,1,WFC-as-SAT,uniform,87,True,0.1766817574948706,0.5134967874148351,0.1766817574948706,0.5134967874148351,0.07897790599999865,0,0
Stick,1,ordinary WFC,frequency,87,True,0.0012061832385946523,0.08409505662380615,0.0012061832385946523,0.08409505662380615,0.09501583600000174,,0
Stick,1,WFC-as-SAT,frequency,87,True,0.0012061832385946523,0.08409505662380615,0.0012061832385946523,0.08409505662380615,0.09383050400000315,0,0
Stick,1,ordinary WFC,context,87,True,0.00033801663695705135,0.0035987972091261165,0.00033801663695705135,0.0035987972091261165,0.09642951300000391,,0
Stick,1,WFC-as-SAT,context,87,True,0.00033801663695705135,0.0035987972091261165,0.00033801663695705135,0.0035987972091261165,0.0982591020000001,0,0
Stick,1,ordinary WFC,uniform,88,True,0.17314368881994222,0.5072055462002214,0.17314368881994222,0.5072055462002214,0.07181623299999984,,0
Stick,1,WFC-as-SAT,uniform,88,True,0.17314368881994222,0.5072055462002214,0.17314368881994222,0.5072055462002214,0.07574173899999437,0,0
Stick,1,ordinary WFC,frequency,88,True,0.0002762275017081598,0.08924617503025212,0.0002762275017081598,0.08924617503025212,0.09475108899999896,,0
Stick,1,WFC-as-SAT,frequency,88,True,0.0002762275017081598,0.08924617503025212,0.0002762275017081598,0.08924617503025212,0.09341834399999982,0,0
Stick,1,ordinary WFC,context,88,True,0.0071324201362094955,0.006466379075687491,0.0071324201362094955,0.006466379075687491,0.09394085699999977,,0
Stick,1,WFC-as-SAT,context,88,True,0.0071324201362094955,0.006466379075687491,0.0071324201362094955,0.006466379075687491,0.09612953999999974,0,0
Stick,1,ordinary WFC,uniform,89,True,0.21747159784110207,0.6104139283597673,0.21747159784110207,0.6104139283597673,0.07072498699999841,,0
Stick,1,WFC-as-SAT,uniform,89,True,0.21747159784110207,0.6104139283597673,0.21747159784110207,0.6104139283597673,0.07385457600000223,0,0
Stick,1,ordinary WFC,frequency,89,True,0.003553287974391091,0.08196450418190639,0.003553287974391091,0.08196450418190639,0.0967321860000041,,0
Stick,1,WFC-as-SAT,frequency,89,True,0.003553287974391091,0.08196450418190639,0.003553287974391091,0.08196450418190639,0.09515737800000323,0,0
Stick,1,ordinary WFC,context,89,True,0.0005797540099439884,0.001832556053814125,0.0005797540099439884,0.001832556053814125,0.09467891499999581,,0
Stick,1,WFC-as-SAT,context,89,True,0.0005797540099439884,0.001832556053814125,0.0005797540099439884,0.001832556053814125,0.09865014500000058,0,0
Stick,1,ordinary WFC,uniform,90,True,0.1948006290937666,0.5728391039548621,0.1948006290937666,0.5728391039548621,0.07065028200000256,,0
Stick,1,WFC-as-SAT,uniform,90,True,0.1948006290937666,0.5728391039548621,0.1948006290937666,0.5728391039548621,0.07499723400000136,0,0
Stick,1,ordinary WFC,frequency,90,True,0.002214503517879541,0.06577501093337143,0.002214503517879541,0.06577501093337143,0.09713937499999759,,0
Stick,1,WFC-as-SAT,frequency,90,True,0.002214503517879541,0.06577501093337143,0.002214503517879541,0.06577501093337143,0.09446629400000006,0,0
Stick,1,ordinary WFC,context,90,True,0.0016758794977550853,0.00024416125506366453,0.0016758794977550853,0.00024416125506366453,0.09936030399999396,,0
Stick,1,WFC-as-SAT,context,90,True,0.0016758794977550853,0.00024416125506366453,0.0016758794977550853,0.00024416125506366453,0.10085548200000005,0,0
Stick,1,ordinary WFC,uniform,91,True,0.24113510778834651,0.6392550983193298,0.24113510778834651,0.6392550983193298,0.06939629800000091,,0
Stick,1,WFC-as-SAT,uniform,91,True,0.24113510778834651,0.6392550983193298,0.24113510778834651,0.6392550983193298,0.07422919200000422,0,0
Stick,1,ordinary WFC,frequency,91,True,0.00033801663695705135,0.11470524785746254,0.00033801663695705135,0.11470524785746254,0.09234077400000018,,0
Stick,1,WFC-as-SAT,frequency,91,True,0.00033801663695705135,0.11470524785746254,0.00033801663695705135,0.11470524785746254,0.09503870600000397,0,0
Stick,1,ordinary WFC,context,91,True,0.013432245279568454,0.008090662239812366,0.013432245279568454,0.008090662239812366,0.09280418799999524,,0
Stick,1,WFC-as-SAT,context,91,True,0.013432245279568454,0.008090662239812366,0.013432245279568454,0.008090662239812366,0.09409669399999387,0,0
Stick,1,ordinary WFC,uniform,92,True,0.24517417190641563,0.6004102848114812,0.24517417190641563,0.6004102848114812,0.06983310300000056,,0
Stick,1,WFC-as-SAT,uniform,92,True,0.24517417190641563,0.6004102848114812,0.24517417190641563,0.6004102848114812,0.07348242700000185,0,0
Stick,1,ordinary WFC,frequency,92,True,0.0012061832385946523,0.07241232080726948,0.0012061832385946523,0.07241232080726948,0.09484729300000083,,0
Stick,1,WFC-as-SAT,frequency,92,True,0.0012061832385946523,0.07241232080726948,0.0012061832385946523,0.07241232080726948,0.09403619499999394,0,0
Stick,1,ordinary WFC,context,92,True,0.00033801663695705135,0.0013966182193185907,0.00033801663695705135,0.0013966182193185907,0.09842377400000402,,0
Stick,1,WFC-as-SAT,context,92,True,0.00033801663695705135,0.0013966182193185907,0.00033801663695705135,0.0013966182193185907,0.09800308399999835,0,0
Stick,1,ordinary WFC,uniform,93,True,0.1766817574948706,0.4551815267175803,0.1766817574948706,0.4551815267175803,0.07483062800000084,,0
Stick,1,WFC-as-SAT,uniform,93,True,0.1766817574948706,0.4551815267175803,0.1766817574948706,0.4551815267175803,0.07674420200000043,0,0
Stick,1,ordinary WFC,frequency,93,True,0.003304981867583226,0.11595555866949002,0.003304981867583226,0.11595555866949002,0.09108789899999437,,0
Stick,1,WFC-as-SAT,frequency,93,True,0.003304981867583226,0.11595555866949002,0.003304981867583226,0.11595555866949002,0.08966246199999972,0,0
Stick,1,ordinary WFC,context,93,True,0.003304981867583226,0.004723303951917469,0.003304981867583226,0.004723303951917469,0.09605863199999476,,0
Stick,1,WFC-as-SAT,context,93,True,0.003304981867583226,0.004723303951917469,0.003304981867583226,0.004723303951917469,0.09806301899999426,0,0
Stick,1,ordinary WFC,uniform,94,True,0.22918051593415126,0.6609676038603693,0.22918051593415126,0.6609676038603693,0.06862615200000022,,0
Stick,1,WFC-as-SAT,uniform,94,True,0.22918051593415126,0.6609676038603693,0.22918051593415126,0.6609676038603693,0.07579105900000371,0,0
Stick,1,ordinary WFC,frequency,94,True,0.00033801663695705135,0.08511874825356487,0.00033801663695705135,0.08511874825356487,0.09185603299999912,,0
Stick,1,WFC-as-SAT,frequency,94,True,0.00033801663695705135,0.08511874825356487,0.00033801663695705135,0.08511874825356487,0.09300572000000074,0,0
Stick,1,ordinary WFC,context,94,True,0.010058580863588906,0.008818516289736171,0.010058580863588906,0.008818516289736171,0.09114477699999668,,0
Stick,1,WFC-as-SAT,context,94,True,0.010058580863588906,0.008818516289736171,0.010058580863588906,0.008818516289736171,0.10054165100000034,0,0
Stick,1,ordinary WFC,uniform,95,True,0.21362363233917298,0.5653999309104907,0.21362363233917298,0.5653999309104907,0.07217119300000263,,0
Stick,1,WFC-as-SAT,uniform,95,True,0.21362363233917298,0.5653999309104907,0.21362363233917298,0.5653999309104907,0.07572485299999698,0,0
Stick,1,ordinary WFC,frequency,95,True,0.003553287974391091,0.07398549502620047,0.003553287974391091,0.07398549502620047,0.09635086000000115,,0
Stick,1,WFC-as-SAT,frequency,95,True,0.003553287974391091,0.07398549502620047,0.003553287974391091,0.07398549502620047,0.09456454899999756,0,0
Stick,1,ordinary WFC,context,95,True,0.002841430142510995,0.014564711400888691,0.002841430142510995,0.014564711400888691,0.0996679940000007,,0
Stick,1,WFC-as-SAT,context,95,True,0.002841430142510995,0.014564711400888691,0.002841430142510995,0.014564711400888691,0.1013788120000001,0,0
Stick,1,ordinary WFC,uniform,96,True,0.16963446291743783,0.489921864216718,0.16963446291743783,0.489921864216718,0.07454312899999849,,0
Stick,1,WFC-as-SAT,uniform,96,True,0.16963446291743783,0.489921864216718,0.16963446291743783,0.489921864216718,0.07692294099999941,0,0
Stick,1,ordinary WFC,frequency,96,True,0.002214503517879541,0.09002680413528999,0.002214503517879541,0.09002680413528999,0.09475422899999586,,0
Stick,1,WFC-as-SAT,frequency,96,True,0.002214503517879541,0.09002680413528999,0.002214503517879541,0.09002680413528999,0.09347067000000209,0,0
Stick,1,ordinary WFC,context,96,True,0.011134334608998632,0.008975786182071056,0.011134334608998632,0.008975786182071056,0.09707898900000345,,0
Stick,1,WFC-as-SAT,context,96,True,0.011134334608998632,0.008975786182071056,0.011134334608998632,0.008975786182071056,0.09602650299999738,0,0
Stick,1,ordinary WFC,uniform,97,True,0.22918051593415126,0.6750975341779737,0.22918051593415126,0.6750975341779737,0.06971321599999669,,0
Stick,1,WFC-as-SAT,uniform,97,True,0.22918051593415126,0.6750975341779737,0.22918051593415126,0.6750975341779737,0.075228611,0,0
Stick,1,ordinary WFC,frequency,97,True,1.1490419316935625e-06,0.07722275698575055,1.1490419316935625e-06,0.07722275698575055,0.0936702869999948,,0
Stick,1,WFC-as-SAT,frequency,97,True,1.1490419316935625e-06,0.07722275698575055,1.1490419316935625e-06,0.07722275698575055,0.1004582979999995,0,0
Stick,1,ordinary WFC,context,97,True,0.018595912699175002,0.01785051799715332,0.018595912699175002,0.01785051799715332,0.11944594300000233,,0
Stick,1,WFC-as-SAT,context,97,True,0.018595912699175002,0.01785051799715332,0.018595912699175002,0.01785051799715332,0.09747079399999592,0,0
Stick,1,ordinary WFC,uniform,98,True,0.22134712767718928,0.6582672286894592,0.22134712767718928,0.6582672286894592,0.07227219899999682,,0
Stick,1,WFC-as-SAT,uniform,98,True,0.22134712767718928,0.6582672286894592,0.22134712767718928,0.6582672286894592,0.07642370299999612,0,0
Stick,1,ordinary WFC,frequency,98,True,0.007302723057714601,0.0852721739786218,0.007302723057714601,0.0852721739786218,0.10563423199999988,,0
Stick,1,WFC-as-SAT,frequency,98,True,0.007302723057714601,0.0852721739786218,0.007302723057714601,0.0852721739786218,0.09625161900000023,0,0
Stick,1,ordinary WFC,context,98,True,0.019844080173469725,0.06113381673289076,0.019844080173469725,0.06113381673289076,0.10648994499999986,,0
Stick,1,WFC-as-SAT,context,98,True,0.019844080173469725,0.06113381673289076,0.019844080173469725,0.06113381673289076,0.11721337400000209,0,0
Stick,1,ordinary WFC,uniform,99,True,0.1948006290937666,0.5537998383097432,0.1948006290937666,0.5537998383097432,0.0728563340000008,,0
Stick,1,WFC-as-SAT,uniform,99,True,0.1948006290937666,0.5537998383097432,0.1948006290937666,0.5537998383097432,0.09255984699999686,0,0
Stick,1,ordinary WFC,frequency,99,True,0.004352580035757173,0.07981581896967853,0.004352580035757173,0.07981581896967853,0.09541581499999552,,0
Stick,1,WFC-as-SAT,frequency,99,True,0.004352580035757173,0.07981581896967853,0.004352580035757173,0.07981581896967853,0.1201848830000003,0,0
Stick,1,ordinary WFC,context,99,True,0.0008840937746982889,0.0015352630114280517,0.0008840937746982889,0.0015352630114280517,0.0981453099999996,,0
Stick,1,WFC-as-SAT,context,99,True,0.0008840937746982889,0.0015352630114280517,0.0008840937746982889,0.0015352630114280517,0.11632686699999795,0,0
Stick,1,Plain SAT/CDCL,solver,0,True,0.5018593443745004,0.9980429974661365,0.5018593443745004,0.9980429974661365,0.02516468599999655,0,0
Zelda,1,ordinary WFC,uniform,0,True,0.48750292036029286,1.8757988422035905,0.48750292036029286,1.8757988422035905,0.5133102999999999,,0
Zelda,1,ordinary WFC,frequency,0,True,0.16182617377143757,1.6524435362959047,0.16182617377143757,1.6524435362959047,0.688087441,,0
Zelda,1,ordinary WFC,context,0,True,0.39095312966906814,0.5345216271774289,0.39095312966906814,0.5345216271774289,0.6974038869999997,,0
Zelda,1,ordinary WFC,uniform,1,True,0.5067801766630812,1.7092288132728999,0.5067801766630812,1.7092288132728999,0.46524605299999955,,0
Zelda,1,ordinary WFC,frequency,1,True,0.1865386323725285,1.7347015851871173,0.1865386323725285,1.7347015851871173,0.687847916,,0
Zelda,1,ordinary WFC,context,1,True,0.40794220017449184,0.530416901553534,0.40794220017449184,0.530416901553534,0.6193402199999998,,0
Zelda,1,ordinary WFC,uniform,2,True,0.37138227255621054,1.7791645935029448,0.37138227255621054,1.7791645935029448,0.48951754900000033,,0
Zelda,1,ordinary WFC,frequency,2,True,0.1684656912371501,1.6744240247714508,0.1684656912371501,1.6744240247714508,0.6635900479999997,,0
Zelda,1,ordinary WFC,context,2,True,0.37127730269003356,0.4766153244122924,0.37127730269003356,0.4766153244122924,0.6583185609999997,,0
Zelda,1,ordinary WFC,uniform,3,True,0.44727667804446486,1.8965033390625416,0.44727667804446486,1.8965033390625416,0.5809119929999991,,0
Zelda,1,ordinary WFC,frequency,3,True,0.18865366231527292,1.5755632527559305,0.18865366231527292,1.5755632527559305,0.7553251230000004,,0
Zelda,1,ordinary WFC,context,3,True,1.027859464451937,1.329898781058759,1.027859464451937,1.329898781058759,0.7143783490000004,,0
Zelda,1,ordinary WFC,uniform,4,True,0.42696481147942317,1.8587259440692052,0.42696481147942317,1.8587259440692052,0.6421549550000005,,0
Zelda,1,ordinary WFC,frequency,4,True,0.14040775703026695,1.61366412817466,0.14040775703026695,1.61366412817466,0.6903209819999994,,0
Zelda,1,ordinary WFC,context,4,True,2.014088598129188,2.24914469946999,2.014088598129188,2.24914469946999,0.6741086659999986,,0
Zelda,1,ordinary WFC,uniform,5,True,0.4889466145629096,1.719101805733883,0.4889466145629096,1.719101805733883,0.6225160580000004,,0
Zelda,1,ordinary WFC,frequency,5,True,0.15421290629570308,1.5882438123931815,0.15421290629570308,1.5882438123931815,0.6813917100000015,,0
Zelda,1,ordinary WFC,context,5,True,0.46775642967308484,0.7068316546609339,0.46775642967308484,0.7068316546609339,0.6627007999999996,,0
Zelda,1,ordinary WFC,uniform,6,True,0.44904467389498426,1.8368413592107709,0.44904467389498426,1.8368413592107709,0.5430828599999984,,0
Zelda,1,ordinary WFC,frequency,6,True,0.169871776514616,1.794071982344406,0.169871776514616,1.794071982344406,0.6880785609999993,,0
Zelda,1,ordinary WFC,context,6,True,0.6448870013404483,0.9291174756372843,0.6448870013404483,0.9291174756372843,0.6576148579999987,,0
Zelda,1,ordinary WFC,uniform,7,True,0.40247156906018966,1.838093836349322,0.40247156906018966,1.838093836349322,0.4927962850000007,,0
Zelda,1,ordinary WFC,frequency,7,True,0.19294851627277548,1.7780219365870156,0.19294851627277548,1.7780219365870156,0.8389632049999989,,0
Zelda,1,ordinary WFC,context,7,True,0.6776049679333754,0.9216528336206076,0.6776049679333754,0.9216528336206076,0.6441581020000022,,0
Zelda,1,ordinary WFC,uniform,8,True,0.8655407468976435,2.2827157007541237,0.8655407468976435,2.2827157007541237,0.47091936300000015,,0
Zelda,1,ordinary WFC,frequency,8,True,0.15690341738123958,1.6097422795065222,0.15690341738123958,1.6097422795065222,0.725449624000003,,0
Zelda,1,ordinary WFC,context,8,True,0.49519385796920345,0.7953834223204431,0.49519385796920345,0.7953834223204431,0.7343991780000003,,0
Zelda,1,ordinary WFC,uniform,9,True,0.3304539099981296,1.8603273924952892,0.3304539099981296,1.8603273924952892,0.5698945219999985,,0
Zelda,1,ordinary WFC,frequency,9,True,0.20711329007555718,1.6653813606776546,0.20711329007555718,1.6653813606776546,0.708562158000003,,0
Zelda,1,ordinary WFC,context,9,True,0.32144430271488883,0.5041493690931317,0.32144430271488883,0.5041493690931317,0.6846725930000019,,0
Zelda,1,ordinary WFC,uniform,10,True,0.3628852448538561,1.725440478752001,0.3628852448538561,1.725440478752001,0.5258212130000004,,0
Zelda,1,ordinary WFC,frequency,10,True,0.20914462588433522,1.7197680959931663,0.20914462588433522,1.7197680959931663,0.7064298449999988,,0
Zelda,1,ordinary WFC,context,10,True,0.28998961690957303,0.4861938596897327,0.28998961690957303,0.4861938596897327,0.6272947949999974,,0
Zelda,1,ordinary WFC,uniform,11,True,0.5932420382281126,2.142726940526052,0.5932420382281126,2.142726940526052,0.49289642099999753,,0
Zelda,1,ordinary WFC,frequency,11,True,0.1658222767718548,1.6222589518552126,0.1658222767718548,1.6222589518552126,0.6940713380000005,,0
Zelda,1,ordinary WFC,context,11,True,0.4020924616386266,0.5972619250905762,0.4020924616386266,0.5972619250905762,0.6845504099999999,,0
Zelda,1,ordinary WFC,uniform,12,True,0.5129054586168669,1.8443445290880456,0.5129054586168669,1.8443445290880456,0.6523853379999984,,0
Zelda,1,ordinary WFC,frequency,12,True,0.2002585621433751,1.6620201491908613,0.2002585621433751,1.6620201491908613,0.7175883550000002,,0
Zelda,1,ordinary WFC,context,12,True,0.5645986145240137,0.786912139964396,0.5645986145240137,0.786912139964396,0.6470936289999969,,0
Zelda,1,ordinary WFC,uniform,13,True,0.37277888501520323,1.82936410604202,0.37277888501520323,1.82936410604202,0.48587581600000007,,0
Zelda,1,ordinary WFC,frequency,13,True,0.19004361983123103,1.685891740605902,0.19004361983123103,1.685891740605902,0.6701430510000002,,0
Zelda,1,ordinary WFC,context,13,True,0.821207486045657,1.0962615896933288,0.821207486045657,1.0962615896933288,0.7145248560000006,,0
Zelda,1,ordinary WFC,uniform,14,True,0.35335673300843007,1.7488037327750245,0.35335673300843007,1.7488037327750245,0.5315821350000007,,0
Zelda,1,ordinary WFC,frequency,14,True,0.18281293602024704,1.699047112138324,0.18281293602024704,1.699047112138324,0.6967656319999982,,0
Zelda,1,ordinary WFC,context,14,True,0.42866496001673066,0.6019965174516012,0.42866496001673066,0.6019965174516012,0.6385168730000004,,0
Zelda,1,ordinary WFC,uniform,15,True,0.5221275197379448,1.9172824735381537,0.5221275197379448,1.9172824735381537,0.4673096450000003,,0
Zelda,1,ordinary WFC,frequency,15,True,0.14755599802058797,1.6023052155907127,0.14755599802058797,1.6023052155907127,0.680232985,,0
Zelda,1,ordinary WFC,context,15,True,1.0838830896732157,1.422874933804382,1.0838830896732157,1.422874933804382,0.6661142359999985,,0
Zelda,1,ordinary WFC,uniform,16,True,0.3147542949926573,1.7861409362234535,0.3147542949926573,1.7861409362234535,0.4883399170000047,,0
Zelda,1,ordinary WFC,frequency,16,True,0.18358115186559149,1.6412864212834264,0.18358115186559149,1.6412864212834264,0.6871221319999989,,0
Zelda,1,ordinary WFC,context,16,True,0.3065604443063099,0.44982199221227653,0.3065604443063099,0.44982199221227653,0.6345031240000054,,0
Zelda,1,ordinary WFC,uniform,17,True,0.6492168555405257,2.007549963721505,0.6492168555405257,2.007549963721505,0.4875941309999945,,0
Zelda,1,ordinary WFC,frequency,17,True,0.14910955477609067,1.6618721815173703,0.14910955477609067,1.6618721815173703,0.6622049730000015,,0
Zelda,1,ordinary WFC,context,17,True,0.3844267744360514,0.5223403409891336,0.3844267744360514,0.5223403409891336,0.6411997139999954,,0
Zelda,1,ordinary WFC,uniform,18,True,0.40943098461798677,1.7403073950499026,0.40943098461798677,1.7403073950499026,0.5370977230000022,,0
Zelda,1,ordinary WFC,frequency,18,True,0.17549161764412982,1.6797266574755036,0.17549161764412982,1.6797266574755036,0.6711803710000055,,0
Zelda,1,ordinary WFC,context,18,True,0.29169987047462453,0.46303730144865635,0.29169987047462453,0.46303730144865635,0.5918402749999956,,0
Zelda,1,ordinary WFC,uniform,19,True,0.3679162815837857,2.035740092236753,0.3679162815837857,2.035740092236753,0.5124486959999999,,0
Zelda,1,ordinary WFC,frequency,19,True,0.20668070156625126,1.6158152167147612,0.20668070156625126,1.6158152167147612,0.6732912610000028,,0
Zelda,1,ordinary WFC,context,19,True,1.947437690491871,2.1956959179313293,1.947437690491871,2.1956959179313293,0.7179787310000023,,0
Zelda,1,ordinary WFC,uniform,20,True,0.3345696595964103,1.6797600559668624,0.3345696595964103,1.6797600559668624,0.5087373160000013,,0
Zelda,1,ordinary WFC,frequency,20,True,0.17128594756066656,1.7108106577188804,0.17128594756066656,1.7108106577188804,0.6627053269999976,,0
Zelda,1,ordinary WFC,context,20,True,0.5029420732798641,0.6635401796264944,0.5029420732798641,0.6635401796264944,0.6165845479999987,,0
Zelda,1,ordinary WFC,uniform,21,True,0.395205133142732,1.814802147639382,0.395205133142732,1.814802147639382,0.47624729099999996,,0
Zelda,1,ordinary WFC,frequency,21,True,0.19937002132372122,1.5835623688725702,0.19937002132372122,1.5835623688725702,0.7490674519999985,,0
Zelda,1,ordinary WFC,context,21,True,0.3497300899440481,0.4993641903743304,0.3497300899440481,0.4993641903743304,0.6312556589999971,,0
Zelda,1,ordinary WFC,uniform,22,True,0.3403940149664377,1.7094279243378538,0.3403940149664377,1.7094279243378538,0.5030908179999969,,0
Zelda,1,ordinary WFC,frequency,22,True,0.1562322584792455,1.6618965611199894,0.1562322584792455,1.6618965611199894,0.6534563159999962,,0
Zelda,1,ordinary WFC,context,22,True,0.4694499043685013,0.7476421270544209,0.4694499043685013,0.7476421270544209,0.6305961909999951,,0
Zelda,1,ordinary WFC,uniform,23,True,0.42634876703540026,1.9108803995518304,0.42634876703540026,1.9108803995518304,0.499217490999996,,0
Zelda,1,ordinary WFC,frequency,23,True,0.18467271510744937,1.5840709023678137,0.18467271510744937,1.5840709023678137,0.6676636360000003,,0
Zelda,1,ordinary WFC,context,23,True,0.3454465291107214,0.5162780836317344,0.3454465291107214,0.5162780836317344,0.6573448649999989,,0
Zelda,1,ordinary WFC,uniform,24,True,0.6034712929675424,1.844226890105974,0.6034712929675424,1.844226890105974,0.46230945599999984,,0
Zelda,1,ordinary WFC,frequency,24,True,0.1728127069325289,1.7271549025667574,0.1728127069325289,1.7271549025667574,0.6771992409999967,,0
Zelda,1,ordinary WFC,context,24,True,0.6572152875471081,0.8794030225813587,0.6572152875471081,0.8794030225813587,0.628533216000001,,0
Zelda,1,ordinary WFC,uniform,25,True,0.6353917061728548,1.8315040604063884,0.6353917061728548,1.8315040604063884,0.41442516100000404,,0
Zelda,1,ordinary WFC,frequency,25,True,0.19609505455246226,1.7401801653471005,0.19609505455246226,1.7401801653471005,0.686844360000002,,0
Zelda,1,ordinary WFC,context,25,True,0.41035725772334497,0.572212562532935,0.41035725772334497,0.572212562532935,0.5828655549999979,,0
Zelda,1,ordinary WFC,uniform,26,True,0.49762706142906143,1.8913279903978208,0.49762706142906143,1.8913279903978208,0.4888620810000006,,0
Zelda,1,ordinary WFC,frequency,26,True,0.1666588826138535,1.6866481696751086,0.1666588826138535,1.6866481696751086,0.6729377569999997,,0
Zelda,1,ordinary WFC,context,26,True,0.36026178055646163,0.5423841343813549,0.36026178055646163,0.5423841343813549,0.6055419030000024,,0
Zelda,1,ordinary WFC,uniform,27,True,0.8092550198668637,2.172296736389252,0.8092550198668637,2.172296736389252,0.42276115299999617,,0
Zelda,1,ordinary WFC,frequency,27,True,0.19693943630800428,1.5140038461710876,0.19693943630800428,1.5140038461710876,0.6900270270000064,,0
Zelda,1,ordinary WFC,context,27,True,1.2117827590935981,1.5939510469638136,1.2117827590935981,1.5939510469638136,0.5862944110000043,,0
Zelda,1,ordinary WFC,uniform,28,True,0.3567304057435936,1.7622913812339325,0.3567304057435936,1.7622913812339325,0.4790978390000049,,0
Zelda,1,ordinary WFC,frequency,28,True,0.18648924340037118,1.6005758950774425,0.18648924340037118,1.6005758950774425,0.6668891820000056,,0
Zelda,1,ordinary WFC,context,28,True,0.35856869074636666,0.5250960765225371,0.35856869074636666,0.5250960765225371,0.6192691420000003,,0
Zelda,1,ordinary WFC,uniform,29,True,0.5219552547854845,1.8560348589008704,0.5219552547854845,1.8560348589008704,0.4860131800000005,,0
Zelda,1,ordinary WFC,frequency,29,True,0.16696231446137236,1.6568863891112546,0.16696231446137236,1.6568863891112546,0.6555665639999972,,0
Zelda,1,ordinary WFC,context,29,True,0.3148334277907578,0.4382482090019041,0.3148334277907578,0.4382482090019041,0.6433469489999979,,0
Zelda,1,ordinary WFC,uniform,30,True,1.0488106924493816,2.272045496047087,1.0488106924493816,2.272045496047087,0.42591291499999784,,0
Zelda,1,ordinary WFC,frequency,30,True,0.1960440740940745,1.4852571143245907,0.1960440740940745,1.4852571143245907,0.6647763520000041,,0
Zelda,1,ordinary WFC,context,30,True,0.25685332178595766,0.5368368776332689,0.25685332178595766,0.5368368776332689,0.6525772040000035,,0
Zelda,1,ordinary WFC,uniform,31,True,0.43847631518660735,1.870098572078735,0.43847631518660735,1.870098572078735,0.500186927999998,,0
Zelda,1,ordinary WFC,frequency,31,True,0.17756099070394085,1.54258845102081,0.17756099070394085,1.54258845102081,0.6618974119999947,,0
Zelda,1,ordinary WFC,context,31,True,0.6087867933342751,0.7862631277741156,0.6087867933342751,0.7862631277741156,0.6021962469999949,,0
Zelda,1,ordinary WFC,uniform,32,True,0.5769945058996607,2.069294686750593,0.5769945058996607,2.069294686750593,0.45313660600000105,,0
Zelda,1,ordinary WFC,frequency,32,True,0.17817347737137562,1.752110919765157,0.17817347737137562,1.752110919765157,0.6587955270000023,,0
Zelda,1,ordinary WFC,context,32,True,0.45618804915010464,0.618736798308299,0.45618804915010464,0.618736798308299,0.6730322019999946,,0
Zelda,1,ordinary WFC,uniform,33,True,0.5295701524387662,1.9837977103144928,0.5295701524387662,1.9837977103144928,0.48359740399999396,,0
Zelda,1,ordinary WFC,frequency,33,True,0.16648832714450326,1.6057594407060143,0.16648832714450326,1.6057594407060143,0.6667592749999898,,0
Zelda,1,ordinary WFC,context,33,True,0.37343479811753216,0.5962987414199048,0.37343479811753216,0.5962987414199048,0.6211536160000009,,0
Zelda,1,ordinary WFC,uniform,34,True,0.8471744439174829,2.202897887983521,0.8471744439174829,2.202897887983521,0.4724463569999955,,0
Zelda,1,ordinary WFC,frequency,34,True,0.16089462331577015,1.6273077556906772,0.16089462331577015,1.6273077556906772,0.6534821130000097,,0
Zelda,1,ordinary WFC,context,34,True,0.47580466308435176,0.5819331388718212,0.47580466308435176,0.5819331388718212,0.5978971499999943,,0
Zelda,1,ordinary WFC,uniform,35,True,0.5186199523255017,1.7806072244956312,0.5186199523255017,1.7806072244956312,0.4810858419999988,,0
Zelda,1,ordinary WFC,frequency,35,True,0.19656823743715218,1.8070733133255068,0.19656823743715218,1.8070733133255068,0.6713747649999959,,0
Zelda,1,ordinary WFC,context,35,True,0.46344832762301186,0.6424585303167039,0.46344832762301186,0.6424585303167039,0.6477455339999949,,0
Zelda,1,ordinary WFC,uniform,36,True,0.2845735151783773,1.65888578788,0.2845735151783773,1.65888578788,0.5246022379999999,,0
Zelda,1,ordinary WFC,frequency,36,True,0.18039987307027708,1.4859660118551066,0.18039987307027708,1.4859660118551066,0.7041999300000015,,0
Zelda,1,ordinary WFC,context,36,True,0.9591876677803257,1.25307792972804,0.9591876677803257,1.25307792972804,0.6247704350000021,,0
Zelda,1,ordinary WFC,uniform,37,True,0.36578393380980107,1.8710252489625476,0.36578393380980107,1.8710252489625476,0.5024615340000054,,0
Zelda,1,ordinary WFC,frequency,37,True,0.18883576879802302,1.684517821351154,0.18883576879802302,1.684517821351154,0.6868675399999944,,0
Zelda,1,ordinary WFC,context,37,True,0.33582724989505564,0.5028658496874467,0.33582724989505564,0.5028658496874467,0.6592798199999947,,0
Zelda,1,ordinary WFC,uniform,38,True,0.48111556802139993,1.9241738759714573,0.48111556802139993,1.9241738759714573,0.48881048699999496,,0
Zelda,1,ordinary WFC,frequency,38,True,0.1607324792147296,1.843438363133271,0.1607324792147296,1.843438363133271,0.6767583959999968,,0
Zelda,1,ordinary WFC,context,38,True,0.4868797916132485,0.6553049453274422,0.4868797916132485,0.6553049453274422,0.5893847349999959,,0
Zelda,1,ordinary WFC,uniform,39,True,0.48884741853913355,1.7786471520658582,0.48884741853913355,1.7786471520658582,0.46620570800000394,,0
Zelda,1,ordinary WFC,frequency,39,True,0.19007787190238054,1.82294762016556,0.19007787190238054,1.82294762016556,0.6461797199999921,,0
Zelda,1,ordinary WFC,context,39,True,1.015661095072787,1.3198019869460749,1.015661095072787,1.3198019869460749,0.5655852659999994,,0
Zelda,1,ordinary WFC,uniform,40,True,0.5254340794238722,1.9224160444544525,0.5254340794238722,1.9224160444544525,0.4920926239999943,,0
Zelda,1,ordinary WFC,frequency,40,True,0.17981875978617157,1.7210812585766326,0.17981875978617157,1.7210812585766326,0.6805845429999948,,0
Zelda,1,ordinary WFC,context,40,True,0.5823290943855683,0.7203091662361812,0.5823290943855683,0.7203091662361812,0.6634152129999933,,0
Zelda,1,ordinary WFC,uniform,41,True,0.6983325633759941,2.1059042575196707,0.6983325633759941,2.1059042575196707,0.47800566200000105,,0
Zelda,1,ordinary WFC,frequency,41,True,0.17202057055006853,1.6405868947081208,0.17202057055006853,1.6405868947081208,0.6760799190000029,,0
Zelda,1,ordinary WFC,context,41,True,0.4905815252213123,0.6830008138248274,0.4905815252213123,0.6830008138248274,0.6031310219999995,,0
Zelda,1,ordinary WFC,uniform,42,True,0.5523503127470198,1.9645534848669752,0.5523503127470198,1.9645534848669752,0.48982610300001284,,0
Zelda,1,ordinary WFC,frequency,42,True,0.16034783688615217,1.7523242994710029,0.16034783688615217,1.7523242994710029,0.6665645100000006,,0
Zelda,1,ordinary WFC,context,42,True,0.43786913167245234,0.5630686300624869,0.43786913167245234,0.5630686300624869,0.6122582710000017,,0
Zelda,1,ordinary WFC,uniform,43,True,0.39365129449558944,1.8169156678242864,0.39365129449558944,1.8169156678242864,0.5152169499999957,,0
Zelda,1,ordinary WFC,frequency,43,True,0.18574461832541678,1.7495048903894055,0.18574461832541678,1.7495048903894055,0.6928249279999932,,0
Zelda,1,ordinary WFC,context,43,True,0.5026009296433496,0.7119901749092076,0.5026009296433496,0.7119901749092076,0.6161884790000016,,0
Zelda,1,ordinary WFC,uniform,44,True,0.5948398624646795,2.1364922085016302,0.5948398624646795,2.1364922085016302,0.4731677449999978,,0
Zelda,1,ordinary WFC,frequency,44,True,0.18478372228311146,1.7155507835928667,0.18478372228311146,1.7155507835928667,0.6684944389999998,,0
Zelda,1,ordinary WFC,context,44,True,0.7172186321209272,1.0309345704897925,0.7172186321209272,1.0309345704897925,0.5367906900000037,,0
Zelda,1,ordinary WFC,uniform,45,True,0.6851372146313967,1.953332495422261,0.6851372146313967,1.953332495422261,0.43896431999999663,,0
Zelda,1,ordinary WFC,frequency,45,True,0.16413110744556184,1.3922283158782784,0.16413110744556184,1.3922283158782784,0.6451022549999976,,0
Zelda,1,ordinary WFC,context,45,True,0.42160355099554647,0.5594558606718407,0.42160355099554647,0.5594558606718407,0.6301385259999961,,0
Zelda,1,ordinary WFC,uniform,46,True,0.8348165271592244,2.2906468240621907,0.8348165271592244,2.2906468240621907,0.505443575000001,,0
Zelda,1,ordinary WFC,frequency,46,True,0.16778747024599547,1.6278252760188672,0.16778747024599547,1.6278252760188672,0.6925901819999893,,0
Zelda,1,ordinary WFC,context,46,True,0.32501641421592253,0.5712563486275632,0.32501641421592253,0.5712563486275632,0.642910227999991,,0
Zelda,1,ordinary WFC,uniform,47,True,0.5399619749633368,1.763581610708714,0.5399619749633368,1.763581610708714,0.7401447910000059,,0
Zelda,1,ordinary WFC,frequency,47,True,0.15330965966412602,1.507249331687576,0.15330965966412602,1.507249331687576,0.7678680380000031,,0
Zelda,1,ordinary WFC,context,47,True,0.26303468262637414,0.4406481881074165,0.26303468262637414,0.4406481881074165,0.7087703820000115,,0
Zelda,1,ordinary WFC,uniform,48,True,0.3125550576335111,1.9227397779675097,0.3125550576335111,1.9227397779675097,0.5196812099999875,,0
Zelda,1,ordinary WFC,frequency,48,True,0.16525109655501824,1.6336403050100279,0.16525109655501824,1.6336403050100279,0.6866536009999891,,0
Zelda,1,ordinary WFC,context,48,True,0.3666000548405704,0.4921529386488634,0.3666000548405704,0.4921529386488634,0.6579263309999988,,0
Zelda,1,ordinary WFC,uniform,49,True,0.5888322393746318,1.9935607525007384,0.5888322393746318,1.9935607525007384,0.49005491199999085,,0
Zelda,1,ordinary WFC,frequency,49,True,0.21522971530222332,1.661857283579161,0.21522971530222332,1.661857283579161,0.726153870999994,,0
Zelda,1,ordinary WFC,context,49,True,0.4293619252699991,0.5708113211741295,0.4293619252699991,0.5708113211741295,0.7394644019999959,,0
Zelda,1,ordinary WFC,uniform,50,True,0.33049260885941467,1.6167161633505212,0.33049260885941467,1.6167161633505212,0.5185259109999976,,0
Zelda,1,ordinary WFC,frequency,50,True,0.17528224638177714,1.6500046614904165,0.17528224638177714,1.6500046614904165,0.6937303879999916,,0
Zelda,1,ordinary WFC,context,50,True,0.6956443482461321,0.8670085007892597,0.6956443482461321,0.8670085007892597,0.7211940880000043,,0
Zelda,1,ordinary WFC,uniform,51,True,0.4510387014687216,1.9092495595193841,0.4510387014687216,1.9092495595193841,0.5295504300000005,,0
Zelda,1,ordinary WFC,frequency,51,True,0.20738032017360322,1.6419073993707465,0.20738032017360322,1.6419073993707465,0.7969014359999989,,0
Zelda,1,ordinary WFC,context,51,True,0.6715123510501908,0.9233836079989008,0.6715123510501908,0.9233836079989008,0.6240467459999905,,0
Zelda,1,ordinary WFC,uniform,52,True,0.7181301912150744,2.1828970869960784,0.7181301912150744,2.1828970869960784,0.5061305409999903,,0
Zelda,1,ordinary WFC,frequency,52,True,0.1754227548465644,1.7224927825422214,0.1754227548465644,1.7224927825422214,0.712046187999988,,0
Zelda,1,ordinary WFC,context,52,True,0.5894760815601412,0.7643771689817768,0.5894760815601412,0.7643771689817768,0.6962387559999996,,0
Zelda,1,ordinary WFC,uniform,53,True,0.45810163233588136,1.6830997827347796,0.45810163233588136,1.6830997827347796,0.4620457719999962,,0
Zelda,1,ordinary WFC,frequency,53,True,0.22444562333860005,1.5289648380381586,0.22444562333860005,1.5289648380381586,0.7026811829999957,,0
Zelda,1,ordinary WFC,context,53,True,0.7463633595297915,0.9852605186121111,0.7463633595297915,0.9852605186121111,0.6394458850000007,,0
Zelda,1,ordinary WFC,uniform,54,True,0.5174701449479433,1.9607497627299835,0.5174701449479433,1.9607497627299835,0.5173304030000025,,0
Zelda,1,ordinary WFC,frequency,54,True,0.19547470610749246,1.7240443918234623,0.19547470610749246,1.7240443918234623,0.710779474000006,,0
Zelda,1,ordinary WFC,context,54,True,0.4618931182315956,0.734875405641941,0.4618931182315956,0.734875405641941,0.6845947620000032,,0
Zelda,1,ordinary WFC,uniform,55,True,0.5018440122349535,1.8494802455491992,0.5018440122349535,1.8494802455491992,0.4801270840000029,,0
Zelda,1,ordinary WFC,frequency,55,True,0.22050642930625286,1.6273695655960414,0.22050642930625286,1.6273695655960414,0.794425253,,0
Zelda,1,ordinary WFC,context,55,True,0.4285815759442206,0.5854608622488842,0.4285815759442206,0.5854608622488842,0.6606904369999995,,0
Zelda,1,ordinary WFC,uniform,56,True,0.30572970460994364,1.9100526789592702,0.30572970460994364,1.9100526789592702,0.5217490690000091,,0
Zelda,1,ordinary WFC,frequency,56,True,0.15444072708274018,1.6891618725698743,0.15444072708274018,1.6891618725698743,0.6870879479999985,,0
Zelda,1,ordinary WFC,context,56,True,0.7443378488704099,0.9862804080404889,0.7443378488704099,0.9862804080404889,0.642300046999992,,0
Zelda,1,ordinary WFC,uniform,57,True,0.28843100694632307,1.8194693222843108,0.28843100694632307,1.8194693222843108,0.6459462960000053,,0
Zelda,1,ordinary WFC,frequency,57,True,0.1764968418673055,1.5867743254496214,0.1764968418673055,1.5867743254496214,0.7093522970000095,,0
Zelda,1,ordinary WFC,context,57,True,0.33667874297599787,0.5256393505879976,0.33667874297599787,0.5256393505879976,0.6565373629999982,,0
Zelda,1,ordinary WFC,uniform,58,True,0.39823611260200026,1.911360494753889,0.39823611260200026,1.911360494753889,0.5019639650000016,,0
Zelda,1,ordinary WFC,frequency,58,True,0.19870785118372097,1.5764906165910946,0.19870785118372097,1.5764906165910946,0.7144157070000006,,0
Zelda,1,ordinary WFC,context,58,True,0.42866709817458365,0.5573322097831537,0.42866709817458365,0.5573322097831537,0.7687333379999899,,0
Zelda,1,ordinary WFC,uniform,59,True,0.5529436587786136,1.773835652194045,0.5529436587786136,1.773835652194045,0.4884157620000025,,0
Zelda,1,ordinary WFC,frequency,59,True,0.17723412859135432,1.6854705115502326,0.17723412859135432,1.6854705115502326,0.6892900309999987,,0
Zelda,1,ordinary WFC,context,59,True,0.504493772414892,0.6768478499254352,0.504493772414892,0.6768478499254352,0.6069401789999915,,0
Zelda,1,ordinary WFC,uniform,60,True,0.33950528996688845,1.5647919841609903,0.33950528996688845,1.5647919841609903,0.535134670000005,,0
Zelda,1,ordinary WFC,frequency,60,True,0.1710132838893273,1.6696434325453673,0.1710132838893273,1.6696434325453673,0.7028794630000021,,0
Zelda,1,ordinary WFC,context,60,True,0.6328133546459515,0.8410465288455985,0.6328133546459515,0.8410465288455985,0.7457837830000074,,0
Zelda,1,ordinary WFC,uniform,61,True,0.37688177404712225,1.814008028487101,0.37688177404712225,1.814008028487101,0.5497659069999941,,0
Zelda,1,ordinary WFC,frequency,61,True,0.16192452243394817,1.5721240329644501,0.16192452243394817,1.5721240329644501,0.6976099949999934,,0
Zelda,1,ordinary WFC,context,61,True,0.3819571698796814,0.5202914246783192,0.3819571698796814,0.5202914246783192,0.6481983319999927,,0
Zelda,1,ordinary WFC,uniform,62,True,0.48956948797942396,1.876787689196375,0.48956948797942396,1.876787689196375,0.5233864030000035,,0
Zelda,1,ordinary WFC,frequency,62,True,0.17528641202771944,1.5900832468149917,0.17528641202771944,1.5900832468149917,0.7540670190000043,,0
Zelda,1,ordinary WFC,context,62,True,0.44192650078682927,0.6834862126986658,0.44192650078682927,0.6834862126986658,0.694338175999988,,0
Zelda,1,ordinary WFC,uniform,63,True,0.40297625522711034,2.017546839131228,0.40297625522711034,2.017546839131228,0.5471856510000066,,0
Zelda,1,ordinary WFC,frequency,63,True,0.19246896142245726,1.6424925261375525,0.19246896142245726,1.6424925261375525,0.8016573820000019,,0
Zelda,1,ordinary WFC,context,63,True,0.5033360881294574,0.6818013535457752,0.5033360881294574,0.6818013535457752,0.7159181009999998,,0
Zelda,1,ordinary WFC,uniform,64,True,0.4158243299060457,1.781863252530773,0.4158243299060457,1.781863252530773,0.5387069030000049,,0
Zelda,1,ordinary WFC,frequency,64,True,0.20251267792198566,1.5865858120499443,0.20251267792198566,1.5865858120499443,0.738841948000001,,0
Zelda,1,ordinary WFC,context,64,True,0.5930201532351798,0.7939501715807067,0.5930201532351798,0.7939501715807067,0.6520278499999961,,0
Zelda,1,ordinary WFC,uniform,65,True,0.2967823158056941,1.7395903395300474,0.2967823158056941,1.7395903395300474,0.5338535369999988,,0
Zelda,1,ordinary WFC,frequency,65,True,0.21245666868777746,1.6857319145065763,0.21245666868777746,1.6857319145065763,0.7388409590000009,,0
Zelda,1,ordinary WFC,context,65,True,0.5263750392323024,0.6688528165088852,0.5263750392323024,0.6688528165088852,0.7103758319999969,,0
Zelda,1,ordinary WFC,uniform,66,True,0.4138769382887159,1.8198566119464572,0.4138769382887159,1.8198566119464572,0.5209583520000081,,0
Zelda,1,ordinary WFC,frequency,66,True,0.15157572132248046,1.6255153124352857,0.15157572132248046,1.6255153124352857,0.6943811820000008,,0
Zelda,1,ordinary WFC,context,66,True,0.3862767371825175,0.5298950865754861,0.3862767371825175,0.5298950865754861,0.6212159719999875,,0
Zelda,1,ordinary WFC,uniform,67,True,0.42506087238619294,1.9172315316402149,0.42506087238619294,1.9172315316402149,0.4894223590000024,,0
Zelda,1,ordinary WFC,frequency,67,True,0.1836296162315876,1.5938246931795144,0.1836296162315876,1.5938246931795144,0.6987705479999988,,0
Zelda,1,ordinary WFC,context,67,True,0.41269193945641935,0.601083026446189,0.41269193945641935,0.601083026446189,0.6927563949999893,,0
Zelda,1,ordinary WFC,uniform,68,True,0.5370012318662701,1.8832431991310012,0.5370012318662701,1.8832431991310012,0.47310415199999056,,0
Zelda,1,ordinary WFC,frequency,68,True,0.18055014381779905,1.6295603132926422,0.18055014381779905,1.6295603132926422,0.6787857569999858,,0
Zelda,1,ordinary WFC,context,68,True,0.8473182799240054,1.0122498091981236,0.8473182799240054,1.0122498091981236,0.6947571629999914,,0
Zelda,1,ordinary WFC,uniform,69,True,0.31053999207458566,1.5904680077935591,0.31053999207458566,1.5904680077935591,0.5224601199999768,,0
Zelda,1,ordinary WFC,frequency,69,True,0.19340767072652065,1.6245391200930759,0.19340767072652065,1.6245391200930759,0.6580765020000001,,0
Zelda,1,ordinary WFC,context,69,True,0.7558907795083198,0.8860839009374833,0.7558907795083198,0.8860839009374833,0.6961602500000197,,0
Zelda,1,ordinary WFC,uniform,70,True,0.38484171648405446,1.943054531107708,0.38484171648405446,1.943054531107708,0.5146228960000201,,0
Zelda,1,ordinary WFC,frequency,70,True,0.20873752287932654,1.6041368925395567,0.20873752287932654,1.6041368925395567,0.6780594319999977,,0
Zelda,1,ordinary WFC,context,70,True,0.3710900768801605,0.5070195666759644,0.3710900768801605,0.5070195666759644,0.6450345020000157,,0
Zelda,1,ordinary WFC,uniform,71,True,0.5322733284917913,2.015420996142744,0.5322733284917913,2.015420996142744,0.4802679219999959,,0
Zelda,1,ordinary WFC,frequency,71,True,0.18248536981256988,1.4804670402142448,0.18248536981256988,1.4804670402142448,0.6753989470000192,,0
Zelda,1,ordinary WFC,context,71,True,0.7326081993403804,1.0012800774058321,0.7326081993403804,1.0012800774058321,0.711705324999997,,0
Zelda,1,ordinary WFC,uniform,72,True,0.38619983032433813,1.7957906854185977,0.38619983032433813,1.7957906854185977,0.48776048700000274,,0
Zelda,1,ordinary WFC,frequency,72,True,0.1653166348725131,1.6990750596024662,0.1653166348725131,1.6990750596024662,0.6832549829999834,,0
Zelda,1,ordinary WFC,context,72,True,0.7794305773729674,1.0793270841242595,0.7794305773729674,1.0793270841242595,0.5344745589999889,,0
Zelda,1,ordinary WFC,uniform,73,True,0.3092300377924907,1.7268579372449824,0.3092300377924907,1.7268579372449824,0.543723362999998,,0
Zelda,1,ordinary WFC,frequency,73,True,0.2173120623555959,1.655977617285,0.2173120623555959,1.655977617285,0.682318897000016,,0
Zelda,1,ordinary WFC,context,73,True,0.33279231485924354,0.4153978753215925,0.33279231485924354,0.4153978753215925,0.6532236169999805,,0
Zelda,1,ordinary WFC,uniform,74,True,0.5207813075572296,2.0904103963860026,0.5207813075572296,2.0904103963860026,0.4964251039999965,,0
Zelda,1,ordinary WFC,frequency,74,True,0.1562682656180478,1.7194574131457199,0.1562682656180478,1.7194574131457199,0.6838764020000099,,0
Zelda,1,ordinary WFC,context,74,True,0.4102719051601412,0.6115180446053229,0.4102719051601412,0.6115180446053229,0.6150497069999972,,0
Zelda,1,ordinary WFC,uniform,75,True,0.3249526033240469,1.6249691419901646,0.3249526033240469,1.6249691419901646,0.5058747279999807,,0
Zelda,1,ordinary WFC,frequency,75,True,0.19533676169955638,1.627082814284242,0.19533676169955638,1.627082814284242,0.6942651939999962,,0
Zelda,1,ordinary WFC,context,75,True,0.3810715449332847,0.5670793802381346,0.3810715449332847,0.5670793802381346,0.6347838979999949,,0
Zelda,1,ordinary WFC,uniform,76,True,0.3647346026132068,1.7652755372345914,0.3647346026132068,1.7652755372345914,0.4889370190000193,,0
Zelda,1,ordinary WFC,frequency,76,True,0.1759879199200383,1.5453965009755095,0.1759879199200383,1.5453965009755095,0.6908138560000054,,0
Zelda,1,ordinary WFC,context,76,True,0.4337581060956124,0.6253436296178628,0.4337581060956124,0.6253436296178628,0.6771284809999827,,0
Zelda,1,ordinary WFC,uniform,77,True,0.6510907782093021,2.28913823019757,0.6510907782093021,2.28913823019757,0.460408029000007,,0
Zelda,1,ordinary WFC,frequency,77,True,0.16348352210705067,1.604342252119178,0.16348352210705067,1.604342252119178,0.6743335959999968,,0
Zelda,1,ordinary WFC,context,77,True,0.9320758627817234,1.1814926766771057,0.9320758627817234,1.1814926766771057,0.5972744670000054,,0
Zelda,1,ordinary WFC,uniform,78,True,0.41490056381937784,1.7744613426598606,0.41490056381937784,1.7744613426598606,0.47503372799999966,,0
Zelda,1,ordinary WFC,frequency,78,True,0.16166819563369972,1.6277443970069785,0.16166819563369972,1.6277443970069785,0.6906780469999774,,0
Zelda,1,ordinary WFC,context,78,True,0.3188842697401986,0.5112508882556522,0.3188842697401986,0.5112508882556522,0.6224193019999973,,0
Zelda,1,ordinary WFC,uniform,79,True,0.5292504725286756,1.9770625500220613,0.5292504725286756,1.9770625500220613,0.5122256939999943,,0
Zelda,1,ordinary WFC,frequency,79,True,0.1904087420874876,1.7447273771152383,0.1904087420874876,1.7447273771152383,0.6791566769999804,,0
Zelda,1,ordinary WFC,context,79,True,0.6359424021142439,0.8399467807458123,0.6359424021142439,0.8399467807458123,0.5985131449999983,,0
Zelda,1,ordinary WFC,uniform,80,True,0.5014162501794679,1.881086367911738,0.5014162501794679,1.881086367911738,0.4517798560000017,,0
Zelda,1,ordinary WFC,frequency,80,True,0.174727676982542,1.6443070843797636,0.174727676982542,1.6443070843797636,0.6753928839999901,,0
Zelda,1,ordinary WFC,context,80,True,0.3441640857451803,0.5105134417002277,0.3441640857451803,0.5105134417002277,0.6526675370000135,,0
Zelda,1,ordinary WFC,uniform,81,True,0.36580963076365136,1.7152266286402473,0.36580963076365136,1.7152266286402473,0.5580920619999858,,0
Zelda,1,ordinary WFC,frequency,81,True,0.16718769799240674,1.7118883692891476,0.16718769799240674,1.7118883692891476,0.8653085370000042,,0
Zelda,1,ordinary WFC,context,81,True,0.31963392599710133,0.4790590203063196,0.31963392599710133,0.4790590203063196,0.6860167810000064,,0
Zelda,1,ordinary WFC,uniform,82,True,0.567306102756705,1.7511285995661197,0.567306102756705,1.7511285995661197,0.47106047099998705,,0
Zelda,1,ordinary WFC,frequency,82,True,0.1861420183245774,1.370153749442563,0.1861420183245774,1.370153749442563,0.6769403469999986,,0
Zelda,1,ordinary WFC,context,82,True,0.35728880734685503,0.5550641891373083,0.35728880734685503,0.5550641891373083,0.6290523590000134,,0
Zelda,1,ordinary WFC,uniform,83,True,0.557887540432754,1.935048733639992,0.557887540432754,1.935048733639992,0.4591536000000076,,0
Zelda,1,ordinary WFC,frequency,83,True,0.17570670844369024,1.5587479943037683,0.17570670844369024,1.5587479943037683,0.6619204060000072,,0
Zelda,1,ordinary WFC,context,83,True,0.8312104221067665,0.9761137519643063,0.8312104221067665,0.9761137519643063,0.6369390620000104,,0
Zelda,1,ordinary WFC,uniform,84,True,0.47443689270423284,2.051665491189506,0.47443689270423284,2.051665491189506,0.4998187170000108,,0
Zelda,1,ordinary WFC,frequency,84,True,0.19713558567728265,1.5964306147343694,0.19713558567728265,1.5964306147343694,0.6885652410000205,,0
Zelda,1,ordinary WFC,context,84,True,0.28030718630846224,0.5233493890285112,0.28030718630846224,0.5233493890285112,0.6479947370000048,,0
Zelda,1,ordinary WFC,uniform,85,True,0.40034106213549553,1.6905146741643224,0.40034106213549553,1.6905146741643224,0.4829794480000089,,0
Zelda,1,ordinary WFC,frequency,85,True,0.16801429312417343,1.5802639300605108,0.16801429312417343,1.5802639300605108,0.6594490940000242,,0
Zelda,1,ordinary WFC,context,85,True,0.9895578618209725,1.1692083704027079,0.9895578618209725,1.1692083704027079,0.5808075470000063,,0
Zelda,1,ordinary WFC,uniform,86,True,0.42857030593318407,1.9437732588084289,0.42857030593318407,1.9437732588084289,0.49139053800001875,,0
Zelda,1,ordinary WFC,frequency,86,True,0.1803387054197359,1.7229746452844146,0.1803387054197359,1.7229746452844146,0.6865408889999856,,0
Zelda,1,ordinary WFC,context,86,True,1.5403495300269008,1.798472259475806,1.5403495300269008,1.798472259475806,0.6193378359999997,,0
Zelda,1,ordinary WFC,uniform,87,True,0.6742408182829318,1.8472818554114443,0.6742408182829318,1.8472818554114443,0.4288080210000089,,0
Zelda,1,ordinary WFC,frequency,87,True,0.15334349815953305,1.7558886807171608,0.15334349815953305,1.7558886807171608,0.6461503349999873,,0
Zelda,1,ordinary WFC,context,87,True,0.39554026898749023,0.5823236836177249,0.39554026898749023,0.5823236836177249,0.639871769999985,,0
Zelda,1,ordinary WFC,uniform,88,True,0.39695744372312125,1.8096688903714584,0.39695744372312125,1.8096688903714584,0.48730762400001026,,0
Zelda,1,ordinary WFC,frequency,88,True,0.16801060634744333,1.7615285399875595,0.16801060634744333,1.7615285399875595,0.6562207430000058,,0
Zelda,1,ordinary WFC,context,88,True,0.49425834173834393,0.642430106879677,0.49425834173834393,0.642430106879677,0.6394508070000029,,0
Zelda,1,ordinary WFC,uniform,89,True,0.4867757304306023,1.950867305691571,0.4867757304306023,1.950867305691571,0.47178111400000944,,0
Zelda,1,ordinary WFC,frequency,89,True,0.18889481182201834,1.7152527424505932,0.18889481182201834,1.7152527424505932,0.6620523379999952,,0
Zelda,1,ordinary WFC,context,89,True,0.7492552918112244,0.9361902609374352,0.7492552918112244,0.9361902609374352,0.6705474080000045,,0
Zelda,1,ordinary WFC,uniform,90,True,0.7744760964161767,2.0455682641398703,0.7744760964161767,2.0455682641398703,0.41934413600000653,,0
Zelda,1,ordinary WFC,frequency,90,True,0.16610808471652141,1.5349065366688333,0.16610808471652141,1.5349065366688333,0.6773071499999901,,0
Zelda,1,ordinary WFC,context,90,True,0.7528415030755788,0.9253650049926453,0.7528415030755788,0.9253650049926453,0.6348509999999976,,0
Zelda,1,ordinary WFC,uniform,91,True,0.5150946991463875,1.9993966462016515,0.5150946991463875,1.9993966462016515,0.47159995699999513,,0
Zelda,1,ordinary WFC,frequency,91,True,0.14890827749064287,1.6228874234335848,0.14890827749064287,1.6228874234335848,0.6687090789999957,,0
Zelda,1,ordinary WFC,context,91,True,0.40889869059079065,0.513928364978436,0.40889869059079065,0.513928364978436,0.6072422360000189,,0
Zelda,1,ordinary WFC,uniform,92,True,0.4192680410607241,1.8056808210671864,0.4192680410607241,1.8056808210671864,0.5185665550000067,,0
Zelda,1,ordinary WFC,frequency,92,True,0.15576664309287455,1.5902135207737147,0.15576664309287455,1.5902135207737147,0.6473141740000017,,0
Zelda,1,ordinary WFC,context,92,True,0.4173385983076728,0.5517674343293824,0.4173385983076728,0.5517674343293824,0.6587355350000053,,0
Zelda,1,ordinary WFC,uniform,93,True,0.330929409585285,1.7329555296195438,0.330929409585285,1.7329555296195438,0.4967489169999908,,0
Zelda,1,ordinary WFC,frequency,93,True,0.1553587781300794,1.8398492240094466,0.1553587781300794,1.8398492240094466,0.6707439380000153,,0
Zelda,1,ordinary WFC,context,93,True,0.30316467452586465,0.4615953749116116,0.30316467452586465,0.4615953749116116,0.6119396630000153,,0
Zelda,1,ordinary WFC,uniform,94,True,0.3678468826173909,1.8682465013503413,0.3678468826173909,1.8682465013503413,0.5176801439999963,,0
Zelda,1,ordinary WFC,frequency,94,True,0.14794412345301905,1.6933309141916248,0.14794412345301905,1.6933309141916248,0.6586259119999909,,0
Zelda,1,ordinary WFC,context,94,True,0.3259268188981351,0.5439744612744417,0.3259268188981351,0.5439744612744417,0.6400271659999817,,0
Zelda,1,ordinary WFC,uniform,95,True,0.33515269960549,1.7729795504045127,0.33515269960549,1.7729795504045127,0.5018484259999809,,0
Zelda,1,ordinary WFC,frequency,95,True,0.1872972279187341,1.6278378480098572,0.1872972279187341,1.6278378480098572,0.6756921409999848,,0
Zelda,1,ordinary WFC,context,95,True,0.3630050886871189,0.494211063185431,0.3630050886871189,0.494211063185431,0.6558628690000035,,0
Zelda,1,ordinary WFC,uniform,96,True,0.4900326948804732,1.9264052046731361,0.4900326948804732,1.9264052046731361,0.4913725309999961,,0
Zelda,1,ordinary WFC,frequency,96,True,0.21534889105196217,1.6881410735869706,0.21534889105196217,1.6881410735869706,0.6636917499999981,,0
Zelda,1,ordinary WFC,context,96,True,0.36228270418635256,0.4999435088716829,0.36228270418635256,0.4999435088716829,0.645303159000008,,0
Zelda,1,ordinary WFC,uniform,97,True,0.5019424784664667,1.8631893584647399,0.5019424784664667,1.8631893584647399,0.48966466000001674,,0
Zelda,1,ordinary WFC,frequency,97,True,0.1591449051752099,1.6501473759332044,0.1591449051752099,1.6501473759332044,0.6315625249999925,,0
Zelda,1,ordinary WFC,context,97,True,0.4026579204101251,0.5966265787794471,0.4026579204101251,0.5966265787794471,0.5869935739999903,,0
Zelda,1,ordinary WFC,uniform,98,True,0.3878038323113273,1.9513059994719262,0.3878038323113273,1.9513059994719262,0.48474892000001546,,0
Zelda,1,ordinary WFC,frequency,98,True,0.19584876323149433,1.699130478824914,0.19584876323149433,1.699130478824914,0.6900359619999961,,0
Zelda,1,ordinary WFC,context,98,True,0.49314061571342765,0.6659852721461887,0.49314061571342765,0.6659852721461887,0.6685525689999849,,0
Zelda,1,ordinary WFC,uniform,99,True,0.6149469156218987,1.9145473083018225,0.6149469156218987,1.9145473083018225,0.4306694969999967,,0
Zelda,1,ordinary WFC,frequency,99,True,0.19007501688774703,1.7056462288496441,0.19007501688774703,1.7056462288496441,0.6661505619999843,,0
Zelda,1,ordinary WFC,context,99,True,0.4449632214956048,0.582011540397346,0.4449632214956048,0.582011540397346,0.6514663999999755,,0
