engine,decision,seed,success,timed_out,failure,tile_kl,edge_kl,runtime_seconds,solve_seconds,conflicts,decisions,backtracks,restarts,error
ordinary WFC,frequency,0,True,False,False,0.16182617377143757,1.6524435362959047,0.6422777179999999,,,379,0,0,
WFC-as-SAT,frequency,0,True,False,False,0.1910631662255279,1.7674338124661424,3.240727079999999,0.21448200000000006,288,845,289,1,
ordinary WFC,context,0,True,False,False,0.39095312966906814,0.5345216271774289,0.6504346709999993,,,376,0,0,
WFC-as-SAT,context,0,True,False,False,0.39095312966906814,0.5345216271774289,3.158297574999999,0.13604300000000014,0,376,0,0,
ordinary WFC,frequency,1,True,False,False,0.1865386323725285,1.7347015851871173,0.6389928260000008,,,380,0,0,
WFC-as-SAT,frequency,1,True,False,False,0.15884708958247779,1.5819307671231588,3.529444902,0.5003189999999997,646,1802,652,6,
ordinary WFC,context,1,True,False,False,0.40794220017449184,0.530416901553534,0.5855405940000011,,,356,0,0,
WFC-as-SAT,context,1,True,False,False,0.43847921107436955,0.5428495932125853,3.1604657009999997,0.13215899999999992,4,359,4,0,
ordinary WFC,frequency,2,True,False,False,0.1684656912371501,1.6744240247714508,0.6226092849999993,,,369,0,0,
WFC-as-SAT,frequency,2,True,False,False,0.16640083549960633,1.6662743589585023,3.404353314999998,0.38607499999999995,427,1287,431,4,
ordinary WFC,context,2,True,False,False,0.37127730269003356,0.4766153244122924,0.6080256570000024,,,349,0,0,
WFC-as-SAT,context,2,True,False,False,0.3695507842232985,0.48153704625860094,3.1720685179999997,0.13336300000000012,5,359,5,0,
ordinary WFC,frequency,3,True,False,False,0.18865366231527292,1.5755632527559305,0.6564895249999978,,,384,0,0,
WFC-as-SAT,frequency,3,True,False,False,0.1746360164580762,1.7531192544211305,3.1943275099999973,0.17245200000000005,288,679,288,0,
ordinary WFC,context,3,True,False,False,1.027859464451937,1.329898781058759,0.667103713000003,,,367,0,0,
WFC-as-SAT,context,3,True,False,False,1.4397145148719785,1.703732774445403,3.2232823939999946,0.19334299999999982,90,586,91,1,
ordinary WFC,frequency,4,True,False,False,0.14040775703026695,1.61366412817466,0.6131512469999976,,,363,0,0,
WFC-as-SAT,frequency,4,True,False,False,0.22010259690141762,1.5839753337338405,3.3293233790000016,0.29244899999999974,323,926,324,1,
ordinary WFC,context,4,True,False,False,2.014088598129188,2.24914469946999,0.5663217739999951,,,371,0,0,
WFC-as-SAT,context,4,True,False,False,2.449051914182751,2.5960357815976547,3.148401448999998,0.13409000000000026,3,403,3,0,
ordinary WFC,frequency,5,True,False,False,0.15421290629570308,1.5882438123931815,0.6286471800000015,,,377,0,0,
WFC-as-SAT,frequency,5,True,False,False,0.2091156680605889,1.6475401909488228,3.4229494060000007,0.404822,486,1365,489,3,
ordinary WFC,context,5,True,False,False,0.46775642967308484,0.7068316546609339,0.6023626969999967,,,341,0,0,
WFC-as-SAT,context,5,True,False,False,0.3146058544589121,0.52209945099383,3.1628883799999983,0.14601600000000015,47,401,47,0,
ordinary WFC,frequency,6,True,False,False,0.169871776514616,1.794071982344406,0.6329907269999993,,,367,0,0,
WFC-as-SAT,frequency,6,True,False,False,0.19459500632080948,1.6670789362702598,3.3397831739999972,0.3142100000000001,383,1036,386,3,
ordinary WFC,context,6,True,False,False,0.6448870013404483,0.9291174756372843,0.6108486560000017,,,354,0,0,
WFC-as-SAT,context,6,True,False,False,0.491357675251696,0.7368586396976883,3.186057513999998,0.14947500000000002,59,420,59,0,
ordinary WFC,frequency,7,True,False,False,0.19294851627277548,1.7780219365870156,0.6446017750000053,,,387,0,0,
WFC-as-SAT,frequency,7,True,False,False,0.20322947037707956,1.7757255247274846,3.533748882999994,0.5035180000000001,687,1823,690,3,
ordinary WFC,context,7,True,False,False,0.6776049679333754,0.9216528336206076,0.5895505229999998,,,337,0,0,
WFC-as-SAT,context,7,True,False,False,0.5685510026838017,0.7437392115330301,3.163261642000009,0.13803900000000002,8,385,8,0,
ordinary WFC,frequency,8,True,False,False,0.15690341738123958,1.6097422795065222,0.6594479299999989,,,392,0,0,
WFC-as-SAT,frequency,8,True,False,False,0.18326971763027372,1.5500047527747385,3.198163483000002,0.17110900000000018,281,677,281,0,
ordinary WFC,context,8,True,False,False,0.49519385796920345,0.7953834223204431,0.6198183999999998,,,341,0,0,
WFC-as-SAT,context,8,True,False,False,0.4013094496515979,0.6116603559635856,3.150840231999993,0.13537899999999992,10,357,10,0,
ordinary WFC,frequency,9,True,False,False,0.20711329007555718,1.6653813606776546,0.6584148910000067,,,384,0,0,
WFC-as-SAT,frequency,9,True,False,False,0.20184683687967006,1.6709839583471184,3.2092103159999965,0.15639299999999978,172,564,172,0,
ordinary WFC,context,9,True,False,False,0.32144430271488883,0.5041493690931317,0.6286008820000006,,,366,0,0,
WFC-as-SAT,context,9,True,False,False,0.3723937267897236,0.5139318818073699,3.1599343869999927,0.137197,2,380,2,0,
ordinary WFC,frequency,10,True,False,False,0.20914462588433522,1.7197680959931663,0.6627175459999961,,,385,0,0,
WFC-as-SAT,frequency,10,True,False,False,0.21574883447247567,1.5820890019756622,3.2336711260000044,0.15963099999999986,201,591,201,0,
ordinary WFC,context,10,True,False,False,0.28998961690957303,0.4861938596897327,0.5868386050000112,,,341,0,0,
WFC-as-SAT,context,10,True,False,False,0.3542856938166901,0.5229261065638258,3.160585365000003,0.13924899999999973,22,386,22,0,
ordinary WFC,frequency,11,True,False,False,0.1658222767718548,1.6222589518552126,0.6329987310000007,,,373,0,0,
WFC-as-SAT,frequency,11,True,False,False,0.18708385580784873,1.6308779244331388,3.1725003960000038,0.15895500000000018,197,585,197,0,
ordinary WFC,context,11,True,False,False,0.4020924616386266,0.5972619250905762,0.5764532540000005,,,332,0,0,
WFC-as-SAT,context,11,True,False,False,0.35655973605175245,0.5624986142861392,3.175285611999996,0.13844900000000004,9,352,9,0,
ordinary WFC,frequency,12,True,False,False,0.2002585621433751,1.6620201491908613,0.6397833520000091,,,377,0,0,
WFC-as-SAT,frequency,12,True,False,False,0.18381707964254324,1.6944418700943906,5.068488380000005,2.12282,2741,7681,2762,20,
ordinary WFC,context,12,True,False,False,0.5645986145240137,0.786912139964396,0.5971715839999945,,,329,0,0,
WFC-as-SAT,context,12,True,False,False,0.3435704905844638,0.5543251850996728,3.2274916880000006,0.158126,89,447,89,0,
ordinary WFC,frequency,13,True,False,False,0.19004361983123103,1.685891740605902,0.6523971240000037,,,382,0,0,
WFC-as-SAT,frequency,13,True,False,False,0.17222656611120915,1.5661855370846212,3.6575796709999935,0.6308030000000002,824,2355,841,17,
ordinary WFC,context,13,True,False,False,0.821207486045657,1.0962615896933288,0.5906855620000044,,,349,0,0,
WFC-as-SAT,context,13,True,False,False,0.9101495970254682,1.1288136230965173,3.2227151270000007,0.15315799999999968,72,436,72,0,
ordinary WFC,frequency,14,True,False,False,0.18281293602024704,1.699047112138324,0.647297041999991,,,375,0,0,
WFC-as-SAT,frequency,14,True,False,False,0.2214362779054588,1.6778093988932476,3.310306171999997,0.26441500000000007,456,841,456,0,
ordinary WFC,context,14,True,False,False,0.42866496001673066,0.6019965174516012,0.5632096479999973,,,321,0,0,
WFC-as-SAT,context,14,True,False,False,0.426198201077448,0.5277944881641793,3.157031071999995,0.13033800000000006,0,338,0,0,
ordinary WFC,frequency,15,True,False,False,0.14755599802058797,1.6023052155907127,0.6296572159999982,,,374,0,0,
WFC-as-SAT,frequency,15,True,False,False,0.16173867275767315,1.5951545889583003,3.180105554000008,0.15995800000000027,213,599,213,0,
ordinary WFC,context,15,True,False,False,1.0838830896732157,1.422874933804382,0.6190374870000142,,,350,0,0,
WFC-as-SAT,context,15,True,False,False,1.4679853045223352,1.776101501917727,3.207766282999984,0.1750830000000001,140,526,140,0,
ordinary WFC,frequency,16,True,False,False,0.18358115186559149,1.6412864212834264,0.6458763439999871,,,383,0,0,
WFC-as-SAT,frequency,16,True,False,False,0.21146212051137742,1.6021168141753264,3.1814221420000024,0.15760299999999972,179,570,179,0,
ordinary WFC,context,16,True,False,False,0.3065604443063099,0.44982199221227653,0.5925231499999768,,,346,0,0,
WFC-as-SAT,context,16,True,False,False,0.4855783369683482,0.6771763038784259,3.185050657000005,0.13460800000000006,6,370,6,0,
ordinary WFC,frequency,17,True,False,False,0.14910955477609067,1.6618721815173703,0.627322673000009,,,376,0,0,
WFC-as-SAT,frequency,17,True,False,False,0.17413875508101315,1.7109252882799963,3.2453559319999954,0.15984200000000004,196,584,196,0,
ordinary WFC,context,17,True,False,False,0.3844267744360514,0.5223403409891336,0.5996102830000041,,,345,0,0,
WFC-as-SAT,context,17,True,False,False,0.45264654535004106,0.6552095107283273,3.20634944599999,0.13701800000000008,5,373,5,0,
ordinary WFC,frequency,18,True,False,False,0.17549161764412982,1.6797266574755036,0.6233211520000168,,,378,0,0,
WFC-as-SAT,frequency,18,True,False,False,0.1978626197815141,1.6808800445904661,3.2104105100000027,0.19019600000000003,278,747,279,1,
ordinary WFC,context,18,True,False,False,0.29169987047462453,0.46303730144865635,0.5642070339999918,,,354,0,0,
WFC-as-SAT,context,18,True,False,False,0.2510867859709153,0.41685474066853323,3.176639458000011,0.135216,4,364,4,0,
ordinary WFC,frequency,19,True,False,False,0.20668070156625126,1.6158152167147612,0.6424580409999976,,,384,0,0,
WFC-as-SAT,frequency,19,True,False,False,0.19822340342989073,1.5712928359975558,3.6883529300000077,0.66147,773,2458,787,14,
ordinary WFC,context,19,True,False,False,1.947437690491871,2.1956959179313293,0.6821334260000071,,,380,0,0,
WFC-as-SAT,context,19,True,False,False,2.070920137299962,2.3448871319394393,3.165076110000001,0.1391169999999997,1,379,1,0,
ordinary WFC,frequency,20,True,False,False,0.17128594756066656,1.7108106577188804,0.6324839289999886,,,377,0,0,
WFC-as-SAT,frequency,20,True,False,False,0.15806602700292663,1.7896934691701218,3.217797388000008,0.16093500000000027,209,598,209,0,
ordinary WFC,context,20,True,False,False,0.5029420732798641,0.6635401796264944,0.5735894199999905,,,349,0,0,
WFC-as-SAT,context,20,True,False,False,0.5803025334888412,0.7553327151477909,3.1536986479999882,0.13592000000000026,1,369,1,0,
ordinary WFC,frequency,21,True,False,False,0.19937002132372122,1.5835623688725702,0.6565440889999934,,,383,0,0,
WFC-as-SAT,frequency,21,True,False,False,0.17690018474159008,1.779750103374541,3.1795472389999873,0.15461800000000014,158,545,158,0,
ordinary WFC,context,21,True,False,False,0.3497300899440481,0.4993641903743304,0.5962192799999855,,,362,0,0,
WFC-as-SAT,context,21,True,False,False,0.6556707740292256,0.9410703379686137,3.153721378,0.137529,2,378,2,0,
ordinary WFC,frequency,22,True,False,False,0.1562322584792455,1.6618965611199894,0.6231605190000096,,,374,0,0,
WFC-as-SAT,frequency,22,True,False,False,0.17002072531321413,1.6531028765133844,3.26319765300002,0.17303400000000035,233,657,234,1,
ordinary WFC,context,22,True,False,False,0.4694499043685013,0.7476421270544209,0.6018702089999977,,,340,0,0,
WFC-as-SAT,context,22,True,False,False,0.39861484376532286,0.6820532466641536,3.170016775000022,0.1490999999999998,64,417,64,0,
ordinary WFC,frequency,23,True,False,False,0.18467271510744937,1.5840709023678137,0.6435718839999822,,,380,0,0,
WFC-as-SAT,frequency,23,True,False,False,0.2087546025675803,1.5735753101903698,3.2459827570000073,0.23574000000000028,277,898,278,1,
ordinary WFC,context,23,True,False,False,0.3454465291107214,0.5162780836317344,0.6146133560000067,,,347,0,0,
WFC-as-SAT,context,23,True,False,False,0.36796440722273116,0.5375911586591415,3.165755660000002,0.137297,15,378,15,0,
ordinary WFC,frequency,24,True,False,False,0.1728127069325289,1.7271549025667574,0.6398084799999992,,,381,0,0,
WFC-as-SAT,frequency,24,True,False,False,0.1782071613659719,1.6996636704107722,3.18672255300001,0.15694000000000008,194,585,194,0,
ordinary WFC,context,24,True,False,False,0.6572152875471081,0.8794030225813587,0.5816759589999947,,,317,0,0,
WFC-as-SAT,context,24,True,False,False,2.8213522356101275,2.9001377505923744,3.1372360360000187,0.13097400000000015,12,340,12,0,
ordinary WFC,frequency,25,True,False,False,0.19609505455246226,1.7401801653471005,0.6529822360000139,,,388,0,0,
WFC-as-SAT,frequency,25,True,False,False,0.19722326088165532,1.7554178066459059,3.3229883709999797,0.21423100000000006,297,841,298,1,
ordinary WFC,context,25,True,False,False,0.41035725772334497,0.572212562532935,0.5563628439999775,,,337,0,0,
WFC-as-SAT,context,25,True,False,False,0.29872820030321845,0.4790545407186422,3.1705466170000136,0.13385199999999986,2,344,2,0,
ordinary WFC,frequency,26,True,False,False,0.1666588826138535,1.6866481696751086,0.6443953259999944,,,384,0,0,
WFC-as-SAT,frequency,26,True,False,False,0.17575144394182418,1.6519562875874625,3.182004183999993,0.15903100000000014,209,593,209,0,
ordinary WFC,context,26,True,False,False,0.36026178055646163,0.5423841343813549,0.5720872079999992,,,330,0,0,
WFC-as-SAT,context,26,True,False,False,0.32773863922781454,0.45076516387054366,3.1818516970000132,0.13490200000000008,1,371,1,0,
ordinary WFC,frequency,27,True,False,False,0.19693943630800428,1.5140038461710876,0.6594753630000127,,,382,0,0,
WFC-as-SAT,frequency,27,True,False,False,0.14829077140829403,1.6115840287740213,3.3387604129999886,0.31465600000000005,344,997,347,3,
ordinary WFC,context,27,True,False,False,1.2117827590935981,1.5939510469638136,0.5595175329999904,,,349,0,0,
WFC-as-SAT,context,27,True,False,False,2.63399029287469,2.7579887819307283,3.1302188250000142,0.13012599999999996,1,381,1,0,
ordinary WFC,frequency,28,True,False,False,0.18648924340037118,1.6005758950774425,0.6358970560000046,,,383,0,0,
WFC-as-SAT,frequency,28,True,False,False,0.17008345208477746,1.6224332062412536,3.190236317,0.16536000000000017,235,628,235,0,
ordinary WFC,context,28,True,False,False,0.35856869074636666,0.5250960765225371,0.57883639100001,,,364,0,0,
WFC-as-SAT,context,28,True,False,False,0.3333112884151635,0.464359843722423,3.153909051999989,0.13739199999999996,14,377,14,0,
ordinary WFC,frequency,29,True,False,False,0.16696231446137236,1.6568863891112546,0.6330698040000016,,,376,0,0,
WFC-as-SAT,frequency,29,True,False,False,0.20224600184224176,1.7279066222882715,3.2373014009999963,0.15790800000000016,200,584,200,0,
ordinary WFC,context,29,True,False,False,0.3148334277907578,0.4382482090019041,0.5995223269999883,,,354,0,0,
WFC-as-SAT,context,29,True,False,False,0.8337073396875727,1.0928429259129426,3.275655540999992,0.25256299999999987,131,730,132,1,
ordinary WFC,frequency,30,True,False,False,0.1960440740940745,1.4852571143245907,0.6352980359999947,,,377,0,0,
WFC-as-SAT,frequency,30,True,False,False,0.15669519682162217,1.661714979912893,3.177671953000015,0.159219,211,594,211,0,
ordinary WFC,context,30,True,False,False,0.25685332178595766,0.5368368776332689,0.6263354710000044,,,363,0,0,
WFC-as-SAT,context,30,True,False,False,0.3856593521101155,0.5867783867938491,3.158589983000013,0.14383800000000013,45,402,45,0,
ordinary WFC,frequency,31,True,False,False,0.17756099070394085,1.54258845102081,0.6395401910000089,,,384,0,0,
WFC-as-SAT,frequency,31,True,False,False,0.2263921581642353,1.5952493221882906,3.1685338950000244,0.160053,200,592,200,0,
ordinary WFC,context,31,True,False,False,0.6087867933342751,0.7862631277741156,0.5763732890000028,,,356,0,0,
WFC-as-SAT,context,31,True,False,False,0.4937006034792969,0.6740608477832636,3.151449714000023,0.13556700000000022,12,367,12,0,
ordinary WFC,frequency,32,True,False,False,0.17817347737137562,1.752110919765157,0.6382744470000148,,,385,0,0,
WFC-as-SAT,frequency,32,True,False,False,0.18565461201485614,1.6849336006424318,3.4546117930000264,0.44707799999999986,586,1581,597,11,
ordinary WFC,context,32,True,False,False,0.45618804915010464,0.618736798308299,0.6514177590000259,,,371,0,0,
WFC-as-SAT,context,32,True,False,False,0.3190727027805468,0.46403091176875716,3.1864547670000434,0.13636499999999985,5,375,5,0,
ordinary WFC,frequency,33,True,False,False,0.16648832714450326,1.6057594407060143,0.6385171169999921,,,386,0,0,
WFC-as-SAT,frequency,33,True,False,False,0.1720933311151686,1.7119966899991321,3.3508031050000113,0.32092300000000007,360,1018,361,1,
ordinary WFC,context,33,True,False,False,0.37343479811753216,0.5962987414199048,0.6092998049999778,,,339,0,0,
WFC-as-SAT,context,33,True,False,False,0.813968204040032,1.1044747603994416,3.209337495999989,0.16672199999999981,110,469,110,0,
ordinary WFC,frequency,34,True,False,False,0.16089462331577015,1.6273077556906772,0.6321131820000119,,,373,0,0,
WFC-as-SAT,frequency,34,True,False,False,0.17140755239418273,1.6173105809754473,3.318749260000004,0.28891699999999987,325,927,326,1,
ordinary WFC,context,34,True,False,False,0.47580466308435176,0.5819331388718212,0.5748962339999935,,,331,0,0,
WFC-as-SAT,context,34,True,False,False,0.3533745420580303,0.4605369128452448,3.1584586939999895,0.13327999999999984,0,350,0,0,
ordinary WFC,frequency,35,True,False,False,0.19656823743715218,1.8070733133255068,0.6368488370000023,,,376,0,0,
WFC-as-SAT,frequency,35,True,False,False,0.1933989269363953,1.869486607146003,3.3211671439999577,0.287358,301,897,303,2,
ordinary WFC,context,35,True,False,False,0.46344832762301186,0.6424585303167039,0.6104284669999629,,,375,0,0,
WFC-as-SAT,context,35,True,False,False,0.6304080739381414,0.7713068375148461,3.147170597000013,0.13677399999999995,12,386,12,0,
ordinary WFC,frequency,36,True,False,False,0.18039987307027708,1.4859660118551066,0.6709252309999556,,,387,0,0,
WFC-as-SAT,frequency,36,True,False,False,0.16916382902631782,1.706800275001115,3.36337393499997,0.3373789999999999,425,1165,430,5,
ordinary WFC,context,36,True,False,False,0.9591876677803257,1.25307792972804,0.5921330010000361,,,343,0,0,
WFC-as-SAT,context,36,True,False,False,0.3078957273862709,0.48832988361431634,3.155951100999971,0.14156799999999992,13,375,13,0,
ordinary WFC,frequency,37,True,False,False,0.18883576879802302,1.684517821351154,0.6726948269999866,,,388,0,0,
WFC-as-SAT,frequency,37,True,False,False,0.20245507707906216,1.6382915916596608,3.1811951849999787,0.16020699999999977,190,577,190,0,
ordinary WFC,context,37,True,False,False,0.33582724989505564,0.5028658496874467,0.6262410460000183,,,367,0,0,
WFC-as-SAT,context,37,True,False,False,0.314975759284588,0.46793536654617424,3.179857900000002,0.1352199999999999,4,362,4,0,
ordinary WFC,frequency,38,True,False,False,0.1607324792147296,1.843438363133271,0.6543143100000179,,,386,0,0,
WFC-as-SAT,frequency,38,True,False,False,0.16560227624111645,1.7375212329128498,3.2096566949999783,0.16235800000000022,213,601,213,0,
ordinary WFC,context,38,True,False,False,0.4868797916132485,0.6553049453274422,0.5624827190000019,,,332,0,0,
WFC-as-SAT,context,38,True,False,False,0.38693509592493547,0.5253369310545143,3.188150538000002,0.13774700000000029,11,372,11,0,
ordinary WFC,frequency,39,True,False,False,0.19007787190238054,1.82294762016556,0.6339393949999703,,,373,0,0,
WFC-as-SAT,frequency,39,True,False,False,0.195713242289512,1.7372980691217526,3.6128436440000087,0.5854189999999999,667,2120,676,9,
ordinary WFC,context,39,True,False,False,1.015661095072787,1.3198019869460749,0.5545332959999882,,,365,0,0,
WFC-as-SAT,context,39,True,False,False,0.8376323802341903,1.0716349238573017,3.218951613999991,0.15830300000000008,94,445,94,0,
ordinary WFC,frequency,40,True,False,False,0.17981875978617157,1.7210812585766326,0.7344950689999905,,,383,0,0,
WFC-as-SAT,frequency,40,True,False,False,0.21671948249339268,1.707502139858755,3.877034223999999,0.7732209999999999,919,2872,943,24,
ordinary WFC,context,40,True,False,False,0.5823290943855683,0.7203091662361812,0.6359146269999769,,,361,0,0,
WFC-as-SAT,context,40,True,False,False,0.4054224160292411,0.5186431385310674,3.157493952999971,0.13418799999999997,5,365,5,0,
ordinary WFC,frequency,41,True,False,False,0.17202057055006853,1.6405868947081208,0.650271153999995,,,378,0,0,
WFC-as-SAT,frequency,41,True,False,False,0.19131017299145475,1.583464711389999,3.4159503789999803,0.3684470000000002,409,1191,412,3,
ordinary WFC,context,41,True,False,False,0.4905815252213123,0.6830008138248274,0.5735017579999635,,,330,0,0,
WFC-as-SAT,context,41,True,False,False,1.1778896492219117,1.3999391643702357,3.221782207999979,0.1554439999999997,73,448,73,0,
ordinary WFC,frequency,42,True,False,False,0.16034783688615217,1.7523242994710029,0.6441410369999971,,,382,0,0,
WFC-as-SAT,frequency,42,True,False,False,0.12733244445198963,1.638810020628816,4.685612449999951,1.835893,1966,6117,2034,67,
ordinary WFC,context,42,True,False,False,0.43786913167245234,0.5630686300624869,0.5841555000000085,,,358,0,0,
WFC-as-SAT,context,42,True,False,False,0.48373261436913834,0.5953825251441573,3.147021742999982,0.13114400000000015,0,361,0,0,
ordinary WFC,frequency,43,True,False,False,0.18574461832541678,1.7495048903894055,0.6673996589999547,,,388,0,0,
WFC-as-SAT,frequency,43,True,False,False,0.21571175138740456,1.5979809979247703,3.3653705869999726,0.32458699999999974,368,1024,371,3,
ordinary WFC,context,43,True,False,False,0.5026009296433496,0.7119901749092076,0.5955552389999639,,,349,0,0,
WFC-as-SAT,context,43,True,False,False,0.3980095387560765,0.5128930249576974,3.197463579999976,0.13613699999999995,5,365,5,0,
ordinary WFC,frequency,44,True,False,False,0.18478372228311146,1.7155507835928667,0.6473304920000373,,,380,0,0,
WFC-as-SAT,frequency,44,True,False,False,0.1810760161758834,1.7615430580195834,3.1899430469999857,0.16439700000000013,224,615,224,0,
ordinary WFC,context,44,True,False,False,0.7172186321209272,1.0309345704897925,0.5190234660000215,,,311,0,0,
WFC-as-SAT,context,44,True,False,False,0.3985731812991422,0.6192121243134479,3.2610009420000097,0.24242399999999997,146,739,148,2,
ordinary WFC,frequency,45,True,False,False,0.16413110744556184,1.3922283158782784,0.6198639820000267,,,364,0,0,
WFC-as-SAT,frequency,45,True,False,False,0.1831509539527002,1.549935804190005,3.6538136440000244,0.6373390000000001,833,2396,844,11,
ordinary WFC,context,45,True,False,False,0.42160355099554647,0.5594558606718407,0.591000839000003,,,348,0,0,
WFC-as-SAT,context,45,True,False,False,0.4897135606922083,0.6464054913323878,3.1575318330000073,0.13950200000000024,38,366,38,0,
ordinary WFC,frequency,46,True,False,False,0.16778747024599547,1.6278252760188672,0.6397350760000222,,,375,0,0,
WFC-as-SAT,frequency,46,True,False,False,0.16406558457782186,1.630702736515895,5.437020581000013,2.546912,2912,8923,2928,15,
ordinary WFC,context,46,True,False,False,0.32501641421592253,0.5712563486275632,0.5897559269999988,,,331,0,0,
WFC-as-SAT,context,46,True,False,False,0.2936001153952335,0.426466165249162,3.3305773630000317,0.3041999999999998,102,884,104,2,
ordinary WFC,frequency,47,True,False,False,0.15330965966412602,1.507249331687576,0.6417960040000139,,,379,0,0,
WFC-as-SAT,frequency,47,True,False,False,0.19304906336116198,1.7145808440027352,3.1750613330000306,0.15084500000000012,149,536,149,0,
ordinary WFC,context,47,True,False,False,0.26303468262637414,0.4406481881074165,0.5729576289999727,,,350,0,0,
WFC-as-SAT,context,47,True,False,False,0.5775332656597593,0.7393682901612154,3.183198398000002,0.14901999999999993,44,415,44,0,
ordinary WFC,frequency,48,True,False,False,0.16525109655501824,1.6336403050100279,0.6232096809999916,,,376,0,0,
WFC-as-SAT,frequency,48,True,False,False,0.19882747742030626,1.6147493658127627,3.2852166310000257,0.2659579999999999,362,888,363,1,
ordinary WFC,context,48,True,False,False,0.3666000548405704,0.4921529386488634,0.604492386000004,,,357,0,0,
WFC-as-SAT,context,48,True,False,False,0.6827241269663276,0.821126571198241,3.157976048000023,0.1371779999999998,10,379,10,0,
ordinary WFC,frequency,49,True,False,False,0.21522971530222332,1.661857283579161,0.6700113580000107,,,389,0,0,
WFC-as-SAT,frequency,49,True,False,False,0.19147011729303923,1.6670231201676375,3.1923459550000075,0.15614400000000006,172,561,172,0,
ordinary WFC,context,49,True,False,False,0.4293619252699991,0.5708113211741295,0.5866700309999828,,,362,0,0,
WFC-as-SAT,context,49,True,False,False,0.40597062228730424,0.5452421658564506,3.1567284220000147,0.13256899999999994,0,378,0,0,
ordinary WFC,frequency,50,True,False,False,0.17528224638177714,1.6500046614904165,0.6437891090000107,,,382,0,0,
WFC-as-SAT,frequency,50,True,False,False,0.17051591385163986,1.6831313557975478,3.33814901300002,0.29818100000000003,334,947,336,2,
ordinary WFC,context,50,True,False,False,0.6956443482461321,0.8670085007892597,0.6382064019999802,,,359,0,0,
WFC-as-SAT,context,50,True,False,False,0.7807267355026131,0.9918028071598928,3.3830497060000084,0.3620399999999999,114,1059,116,2,
ordinary WFC,frequency,51,True,False,False,0.20738032017360322,1.6419073993707465,0.6496733849999714,,,377,0,0,
WFC-as-SAT,frequency,51,True,False,False,0.18068048159079925,1.6863170111269534,3.3144441880000386,0.28809399999999985,512,1027,513,1,
ordinary WFC,context,51,True,False,False,0.6715123510501908,0.9233836079989008,0.5719958969999652,,,347,0,0,
WFC-as-SAT,context,51,True,False,False,0.5728383172550888,0.8587868086560942,3.1728118550000204,0.15054599999999985,62,413,62,0,
ordinary WFC,frequency,52,True,False,False,0.1754227548465644,1.7224927825422214,0.6539969609999616,,,384,0,0,
WFC-as-SAT,frequency,52,True,False,False,0.23258277088858065,1.6495190442570484,3.4908386399999927,0.39487300000000003,471,1301,473,2,
ordinary WFC,context,52,True,False,False,0.5894760815601412,0.7643771689817768,0.63684179400002,,,372,0,0,
WFC-as-SAT,context,52,True,False,False,0.7386917975990271,0.9636784182386998,3.160824611999999,0.13676500000000003,5,355,5,0,
ordinary WFC,frequency,53,True,False,False,0.22444562333860005,1.5289648380381586,0.666026941000041,,,389,0,0,
WFC-as-SAT,frequency,53,True,False,False,0.17215603185472422,1.605225617492253,3.1885503590000326,0.1590269999999998,200,590,200,0,
ordinary WFC,context,53,True,False,False,0.7463633595297915,0.9852605186121111,0.5792073819999928,,,356,0,0,
WFC-as-SAT,context,53,True,False,False,1.4074566606180763,1.7132918506699888,3.1805365779999875,0.1511269999999998,81,413,81,0,
ordinary WFC,frequency,54,True,False,False,0.19547470610749246,1.7240443918234623,0.6555150320000394,,,387,0,0,
WFC-as-SAT,frequency,54,True,False,False,0.1990778716375621,1.53099134064921,3.192275351000035,0.16345900000000024,242,633,242,0,
ordinary WFC,context,54,True,False,False,0.4618931182315956,0.734875405641941,0.6334889020000105,,,351,0,0,
WFC-as-SAT,context,54,True,False,False,0.500845355327166,0.7234426803793823,3.1761734489999753,0.1370340000000001,17,358,17,0,
ordinary WFC,frequency,55,True,False,False,0.22050642930625286,1.6273695655960414,0.6653038160000051,,,386,0,0,
WFC-as-SAT,frequency,55,True,False,False,0.15372234370845803,1.7052646866568772,3.2065549610000517,0.16266999999999987,217,601,217,0,
ordinary WFC,context,55,True,False,False,0.4285815759442206,0.5854608622488842,0.607022212000004,,,366,0,0,
WFC-as-SAT,context,55,True,False,False,0.41665636974025705,0.5667348457842967,3.1608295569999996,0.1475089999999999,61,407,61,0,
ordinary WFC,frequency,56,True,False,False,0.15444072708274018,1.6891618725698743,0.6553664019999701,,,380,0,0,
WFC-as-SAT,frequency,56,True,False,False,0.19255938736465572,1.469012649529829,3.1864139059999843,0.16719499999999998,271,650,271,0,
ordinary WFC,context,56,True,False,False,0.7443378488704099,0.9862804080404889,0.594070041000009,,,326,0,0,
WFC-as-SAT,context,56,True,False,False,0.4863437760019398,0.6427596177141447,3.1750023419999707,0.1333439999999999,1,354,1,0,
ordinary WFC,frequency,57,True,False,False,0.1764968418673055,1.5867743254496214,0.6563689419999719,,,390,0,0,
WFC-as-SAT,frequency,57,True,False,False,0.17575252708702765,1.657489845778734,3.3659827849999715,0.34457000000000004,332,1083,335,3,
ordinary WFC,context,57,True,False,False,0.33667874297599787,0.5256393505879976,0.6068053159999636,,,368,0,0,
WFC-as-SAT,context,57,True,False,False,0.5151925768476906,0.7239089443022204,3.1679896559999747,0.14795599999999975,58,408,58,0,
ordinary WFC,frequency,58,True,False,False,0.19870785118372097,1.5764906165910946,0.6694390989999874,,,387,0,0,
WFC-as-SAT,frequency,58,True,False,False,0.1615680378845858,1.5621398903593844,3.418795873000022,0.3978250000000001,465,1342,473,8,
ordinary WFC,context,58,True,False,False,0.42866709817458365,0.5573322097831537,0.6273224860000255,,,362,0,0,
WFC-as-SAT,context,58,True,False,False,0.524574570096894,0.6582533840242017,3.2218095869999956,0.13439699999999988,0,370,0,0,
ordinary WFC,frequency,59,True,False,False,0.17723412859135432,1.6854705115502326,0.6379184360000067,,,382,0,0,
WFC-as-SAT,frequency,59,True,False,False,0.16440988016933458,1.493853385141628,3.2020672419999983,0.158941,189,579,189,0,
ordinary WFC,context,59,True,False,False,0.504493772414892,0.6768478499254352,0.5546918269999992,,,347,0,0,
WFC-as-SAT,context,59,True,False,False,0.42788732326177675,0.584777377832761,3.1675035740000226,0.13271100000000002,5,359,5,0,
ordinary WFC,frequency,60,True,False,False,0.1710132838893273,1.6696434325453673,0.6436821720000125,,,378,0,0,
WFC-as-SAT,frequency,60,True,False,False,0.20645272489525618,1.5399732878789831,3.2076701120000166,0.16841299999999992,267,642,267,0,
ordinary WFC,context,60,True,False,False,0.6328133546459515,0.8410465288455985,0.5924928860000023,,,354,0,0,
WFC-as-SAT,context,60,True,False,False,0.3263741755906202,0.4861072445224231,3.1647535369999673,0.13817099999999982,18,361,18,0,
ordinary WFC,frequency,61,True,False,False,0.16192452243394817,1.5721240329644501,0.659332796000001,,,380,0,0,
WFC-as-SAT,frequency,61,True,False,False,0.20347510248491804,1.8303019330154846,3.434815087000004,0.4253819999999999,535,1498,540,5,
ordinary WFC,context,61,True,False,False,0.3819571698796814,0.5202914246783192,0.6020492540000077,,,356,0,0,
WFC-as-SAT,context,61,True,False,False,0.3511120903973837,0.49874895695887417,3.176596152000002,0.15250999999999992,76,425,76,0,
ordinary WFC,frequency,62,True,False,False,0.17528641202771944,1.5900832468149917,0.6577162749999843,,,390,0,0,
WFC-as-SAT,frequency,62,True,False,False,0.18272426260764868,1.6064902312535356,3.188860325999997,0.1577789999999999,201,588,201,0,
ordinary WFC,context,62,True,False,False,0.44192650078682927,0.6834862126986658,0.5838226570000415,,,334,0,0,
WFC-as-SAT,context,62,True,False,False,0.2605988655959315,0.4522501412234956,3.150439236000011,0.13804400000000028,15,360,15,0,
ordinary WFC,frequency,63,True,False,False,0.19246896142245726,1.6424925261375525,0.6736581399999864,,,384,0,0,
WFC-as-SAT,frequency,63,True,False,False,0.1952747173017411,1.4845458101780844,3.481483852999986,0.43439099999999997,494,1491,497,3,
ordinary WFC,context,63,True,False,False,0.5033360881294574,0.6818013535457752,0.6326794799999789,,,361,0,0,
WFC-as-SAT,context,63,True,False,False,0.4003091257507015,0.5569510536431089,3.1585409159999926,0.13655099999999987,7,378,7,0,
ordinary WFC,frequency,64,True,False,False,0.20251267792198566,1.5865858120499443,0.6471899519999624,,,382,0,0,
WFC-as-SAT,frequency,64,True,False,False,0.20928612961711443,1.6951897169517811,3.487364260999925,0.4593530000000001,542,1590,545,3,
ordinary WFC,context,64,True,False,False,0.5930201532351798,0.7939501715807067,0.6076507320000246,,,339,0,0,
WFC-as-SAT,context,64,True,False,False,0.7239006735463756,0.9033890039908864,3.2161679409999806,0.20103800000000027,38,570,39,1,
ordinary WFC,frequency,65,True,False,False,0.21245666868777746,1.6857319145065763,0.6598850110000285,,,385,0,0,
WFC-as-SAT,frequency,65,True,False,False,0.1929528818446217,1.590964494826402,3.182918104999999,0.165481,266,649,266,0,
ordinary WFC,context,65,True,False,False,0.5263750392323024,0.6688528165088852,0.6626959080000461,,,370,0,0,
WFC-as-SAT,context,65,True,False,False,0.6620952789727612,0.8033345621876822,3.1556472580000445,0.13521500000000009,0,382,0,0,
ordinary WFC,frequency,66,True,False,False,0.15157572132248046,1.6255153124352857,0.6512978110000631,,,386,0,0,
WFC-as-SAT,frequency,66,True,False,False,0.1714193005779746,1.413329316819547,3.1826799839999467,0.16260699999999995,218,607,218,0,
ordinary WFC,context,66,True,False,False,0.3862767371825175,0.5298950865754861,0.5725279750000709,,,337,0,0,
WFC-as-SAT,context,66,True,False,False,0.4588463978721754,0.6137408993806903,3.15866491099996,0.13179399999999997,6,352,6,0,
ordinary WFC,frequency,67,True,False,False,0.1836296162315876,1.5938246931795144,0.6482648830000244,,,380,0,0,
WFC-as-SAT,frequency,67,True,False,False,0.15591514617133292,1.4673493827432678,3.3464226859999826,0.3262400000000001,435,1085,438,3,
ordinary WFC,context,67,True,False,False,0.41269193945641935,0.601083026446189,0.6393315189999385,,,375,0,0,
WFC-as-SAT,context,67,True,False,False,0.7026099035739476,0.9191765710468454,3.1731154950000473,0.14610899999999982,26,418,26,0,
ordinary WFC,frequency,68,True,False,False,0.18055014381779905,1.6295603132926422,0.650634349000029,,,381,0,0,
WFC-as-SAT,frequency,68,True,False,False,0.14198620524788827,1.7852710568387442,3.467306802000053,0.4401170000000001,600,1609,603,3,
ordinary WFC,context,68,True,False,False,0.8473182799240054,1.0122498091981236,0.6624551130000782,,,384,0,0,
WFC-as-SAT,context,68,True,False,False,0.776649337244413,0.9152347406254152,3.1632315520000702,0.13830799999999988,6,387,6,0,
ordinary WFC,frequency,69,True,False,False,0.19340767072652065,1.6245391200930759,0.6331317809999746,,,375,0,0,
WFC-as-SAT,frequency,69,True,False,False,0.1614523892643663,1.505889560958038,3.34365121299993,0.31360999999999994,336,955,337,1,
ordinary WFC,context,69,True,False,False,0.7558907795083198,0.8860839009374833,0.655338893000021,,,386,0,0,
WFC-as-SAT,context,69,True,False,False,0.6857293639865063,0.8123783560201578,3.2068004320000227,0.13825500000000002,3,389,3,0,
ordinary WFC,frequency,70,True,False,False,0.20873752287932654,1.6041368925395567,0.6489036769999075,,,378,0,0,
WFC-as-SAT,frequency,70,True,False,False,0.18367080239736822,1.7454453144378752,3.5029263090000313,0.4845679999999999,583,1719,592,9,
ordinary WFC,context,70,True,False,False,0.3710900768801605,0.5070195666759644,0.6191518480000013,,,344,0,0,
WFC-as-SAT,context,70,True,False,False,0.5537582340749219,0.699058895144143,3.1495338059999085,0.1350770000000001,1,366,1,0,
ordinary WFC,frequency,71,True,False,False,0.18248536981256988,1.4804670402142448,0.6389603960000159,,,380,0,0,
WFC-as-SAT,frequency,71,True,False,False,0.18507665893502803,1.4254962373270346,3.315445199999999,0.2992029999999999,341,960,342,1,
ordinary WFC,context,71,True,False,False,0.7326081993403804,1.0012800774058321,0.6687424100000499,,,385,0,0,
WFC-as-SAT,context,71,True,False,False,0.58953669197143,0.8266403333994714,3.174004198000034,0.142733,14,383,14,0,
ordinary WFC,frequency,72,True,False,False,0.1653166348725131,1.6990750596024662,0.6530021520001128,,,385,0,0,
WFC-as-SAT,frequency,72,True,False,False,0.19785962329272783,1.6461352781857186,3.1804373190000206,0.1590769999999999,198,582,198,0,
ordinary WFC,context,72,True,False,False,0.7794305773729674,1.0793270841242595,0.5077519479999637,,,303,0,0,
WFC-as-SAT,context,72,True,False,False,0.42750183262972846,0.5664498749029031,3.398571731000061,0.37597599999999987,382,1040,383,1,
ordinary WFC,frequency,73,True,False,False,0.2173120623555959,1.655977617285,0.6554212419999885,,,383,0,0,
WFC-as-SAT,frequency,73,True,False,False,0.16334436943557862,1.6484924026224437,3.5206827060000023,0.4814820000000002,541,1635,544,3,
ordinary WFC,context,73,True,False,False,0.33279231485924354,0.4153978753215925,0.6276769649999778,,,372,0,0,
WFC-as-SAT,context,73,True,False,False,0.3471657828654381,0.43462559317600574,3.163629179000054,0.1334329999999999,0,372,0,0,
ordinary WFC,frequency,74,True,False,False,0.1562682656180478,1.7194574131457199,0.6562570689999347,,,384,0,0,
WFC-as-SAT,frequency,74,True,False,False,0.1942299444184153,1.7505323713167338,3.2007569630000035,0.16459699999999988,235,623,235,0,
ordinary WFC,context,74,True,False,False,0.4102719051601412,0.6115180446053229,0.585575337000023,,,345,0,0,
WFC-as-SAT,context,74,True,False,False,0.4629325064334067,0.6273922073412384,3.157070648000058,0.13845399999999985,14,372,14,0,
ordinary WFC,frequency,75,True,False,False,0.19533676169955638,1.627082814284242,0.6770058549999476,,,390,0,0,
WFC-as-SAT,frequency,75,True,False,False,0.20482516016341643,1.716210437733161,3.245532145000084,0.20894100000000004,282,819,283,1,
ordinary WFC,context,75,True,False,False,0.3810715449332847,0.5670793802381346,0.6077473929999542,,,342,0,0,
WFC-as-SAT,context,75,True,False,False,0.7985414974030494,0.9820049377620665,3.2028339089999918,0.18675699999999984,195,564,195,0,
ordinary WFC,frequency,76,True,False,False,0.1759879199200383,1.5453965009755095,0.6641573790000166,,,385,0,0,
WFC-as-SAT,frequency,76,True,False,False,0.16485209242647458,1.8057209528687543,3.1836203149999847,0.15631799999999996,182,571,182,0,
ordinary WFC,context,76,True,False,False,0.4337581060956124,0.6253436296178628,0.6375287380000145,,,357,0,0,
WFC-as-SAT,context,76,True,False,False,0.3602089881358154,0.48825797873103655,3.1517095970000355,0.14159900000000003,5,374,5,0,
ordinary WFC,frequency,77,True,False,False,0.16348352210705067,1.604342252119178,0.6428314409999984,,,376,0,0,
WFC-as-SAT,frequency,77,True,False,False,0.20283246619639067,1.8361493268450346,3.228227873000037,0.15909399999999985,184,571,184,0,
ordinary WFC,context,77,True,False,False,0.9320758627817234,1.1814926766771057,0.5670093280000401,,,321,0,0,
WFC-as-SAT,context,77,True,False,False,1.0841019172037016,1.339868880638355,3.1486600370000133,0.13592099999999996,7,358,7,0,
ordinary WFC,frequency,78,True,False,False,0.16166819563369972,1.6277443970069785,0.6535245320000058,,,384,0,0,
WFC-as-SAT,frequency,78,True,False,False,0.18808577819423286,1.648839634524562,3.1829501700000264,0.15969300000000008,209,599,209,0,
ordinary WFC,context,78,True,False,False,0.3188842697401986,0.5112508882556522,0.5948828120000371,,,350,0,0,
WFC-as-SAT,context,78,True,False,False,0.44335306684238684,0.6538609539375162,3.3834341109999286,0.3604479999999999,241,1050,244,3,
ordinary WFC,frequency,79,True,False,False,0.1904087420874876,1.7447273771152383,0.6497274210000796,,,384,0,0,
WFC-as-SAT,frequency,79,True,False,False,0.20600186348804173,1.7271575471238882,3.1856204539999453,0.15850199999999992,197,592,197,0,
ordinary WFC,context,79,True,False,False,0.6359424021142439,0.8399467807458123,0.5678898520000075,,,360,0,0,
WFC-as-SAT,context,79,True,False,False,0.3329775030649529,0.5682639534813273,3.1518505489999598,0.14688600000000007,58,410,58,0,
ordinary WFC,frequency,80,True,False,False,0.174727676982542,1.6443070843797636,0.6538849730000038,,,385,0,0,
WFC-as-SAT,frequency,80,True,False,False,0.19729764138686728,1.6330996001966211,3.1861685640000132,0.15917400000000015,227,618,227,0,
ordinary WFC,context,80,True,False,False,0.3441640857451803,0.5105134417002277,0.6178122970000004,,,362,0,0,
WFC-as-SAT,context,80,True,False,False,0.364266131731038,0.5929771765050634,3.2110009369999943,0.15866999999999987,89,451,89,0,
ordinary WFC,frequency,81,True,False,False,0.16718769799240674,1.7118883692891476,0.640977858000042,,,379,0,0,
WFC-as-SAT,frequency,81,True,False,False,0.18421771119406524,1.726353902734265,3.2183631259999856,0.20427499999999976,261,788,263,2,
ordinary WFC,context,81,True,False,False,0.31963392599710133,0.4790590203063196,0.6208971070000189,,,366,0,0,
WFC-as-SAT,context,81,True,False,False,0.401178994260075,0.6758066607084302,3.174599439000076,0.15089799999999975,60,419,60,0,
ordinary WFC,frequency,82,True,False,False,0.1861420183245774,1.370153749442563,0.6471527090000109,,,384,0,0,
WFC-as-SAT,frequency,82,True,False,False,0.20168355777884125,1.7098300685174381,3.3618921309999905,0.3395839999999999,450,1108,451,1,
ordinary WFC,context,82,True,False,False,0.35728880734685503,0.5550641891373083,0.5941309920000322,,,346,0,0,
WFC-as-SAT,context,82,True,False,False,0.46691101123179923,0.6439505313792695,3.1695596040000282,0.14424099999999984,45,397,45,0,
ordinary WFC,frequency,83,True,False,False,0.17570670844369024,1.5587479943037683,0.6354393809999692,,,374,0,0,
WFC-as-SAT,frequency,83,True,False,False,0.18957991836966606,1.5014462970450637,3.3237056849999362,0.21222300000000005,285,825,286,1,
ordinary WFC,context,83,True,False,False,0.8312104221067665,0.9761137519643063,0.5988711779999676,,,353,0,0,
WFC-as-SAT,context,83,True,False,False,0.3147393922321796,0.4869909333394467,3.175210657999969,0.13078000000000012,2,333,2,0,
ordinary WFC,frequency,84,True,False,False,0.19713558567728265,1.5964306147343694,0.662167844999999,,,384,0,0,
WFC-as-SAT,frequency,84,True,False,False,0.17700128129730963,1.6592376601324808,7.001386175999983,4.0850859999999996,4835,15047,4936,99,
ordinary WFC,context,84,True,False,False,0.28030718630846224,0.5233493890285112,0.6171871880000026,,,355,0,0,
WFC-as-SAT,context,84,True,False,False,0.40268857339534847,0.6822200399144329,3.1520826940000006,0.13700000000000023,10,359,10,0,
ordinary WFC,frequency,85,True,False,False,0.16801429312417343,1.5802639300605108,0.6385747629999514,,,379,0,0,
WFC-as-SAT,frequency,85,True,False,False,0.18824450094949133,1.538254509952554,3.1702266029999464,0.16160200000000025,239,627,239,0,
ordinary WFC,context,85,True,False,False,0.9895578618209725,1.1692083704027079,0.5475376199999573,,,365,0,0,
WFC-as-SAT,context,85,True,False,False,1.178576803049707,1.386702787269889,3.151467412000102,0.14209700000000014,32,408,32,0,
ordinary WFC,frequency,86,True,False,False,0.1803387054197359,1.7229746452844146,0.6658990390000099,,,386,0,0,
WFC-as-SAT,frequency,86,True,False,False,0.2168637646975285,1.6806512618713625,3.375428996999972,0.35126199999999996,412,1165,415,3,
ordinary WFC,context,86,True,False,False,1.5403495300269008,1.798472259475806,0.5890333529999907,,,339,0,0,
WFC-as-SAT,context,86,True,False,False,0.642447427171861,0.9229345868626707,3.1604718259999345,0.13580599999999987,6,359,6,0,
ordinary WFC,frequency,87,True,False,False,0.15334349815953305,1.7558886807171608,0.6289509120000503,,,382,0,0,
WFC-as-SAT,frequency,87,True,False,False,0.21613367040493417,1.6269111357456347,3.1756949919999897,0.152107,156,539,156,0,
ordinary WFC,context,87,True,False,False,0.39554026898749023,0.5823236836177249,0.6113841399999274,,,353,0,0,
WFC-as-SAT,context,87,True,False,False,0.28046583891289056,0.49819615800789735,3.179897803000017,0.15203299999999986,57,411,57,0,
ordinary WFC,frequency,88,True,False,False,0.16801060634744333,1.7615285399875595,0.6464549680000573,,,377,0,0,
WFC-as-SAT,frequency,88,True,False,False,0.17149612251247542,1.5964650527678188,3.17317115000003,0.1593589999999998,213,597,213,0,
ordinary WFC,context,88,True,False,False,0.49425834173834393,0.642430106879677,0.6096401249999417,,,351,0,0,
WFC-as-SAT,context,88,True,False,False,0.5889513870445063,0.7795116564379458,3.170269333999954,0.14156600000000008,20,374,20,0,
ordinary WFC,frequency,89,True,False,False,0.18889481182201834,1.7152527424505932,0.6401347920000262,,,381,0,0,
WFC-as-SAT,frequency,89,True,False,False,0.17156050968318942,1.7787805126746132,3.2052671400000463,0.16142200000000018,216,605,216,0,
ordinary WFC,context,89,True,False,False,0.7492552918112244,0.9361902609374352,0.6341110800000251,,,347,0,0,
WFC-as-SAT,context,89,True,False,False,0.5237232810342979,0.7620211154029725,3.163264621000053,0.14775499999999986,60,426,60,0,
ordinary WFC,frequency,90,True,False,False,0.16610808471652141,1.5349065366688333,0.6532507460000261,,,382,0,0,
WFC-as-SAT,frequency,90,True,False,False,0.14064971142164834,1.5873314768993794,11.493646805000026,8.529622000000002,8606,30063,9958,360,
ordinary WFC,context,90,True,False,False,0.7528415030755788,0.9253650049926453,0.6191901270000244,,,365,0,0,
WFC-as-SAT,context,90,True,False,False,0.7789966531229507,0.9488997876485126,3.224704095999982,0.13441499999999995,0,366,0,0,
ordinary WFC,frequency,91,True,False,False,0.14890827749064287,1.6228874234335848,0.6499469799999815,,,381,0,0,
WFC-as-SAT,frequency,91,True,False,False,0.18653926895268408,1.670495326144567,3.1882145769999397,0.15448700000000004,179,560,179,0,
ordinary WFC,context,91,True,False,False,0.40889869059079065,0.513928364978436,0.5884967920000008,,,348,0,0,
WFC-as-SAT,context,91,True,False,False,0.4127616968733835,0.510480456412124,3.1813861409999618,0.1408170000000002,0,374,0,0,
ordinary WFC,frequency,92,True,False,False,0.15576664309287455,1.5902135207737147,0.6377473800000644,,,373,0,0,
WFC-as-SAT,frequency,92,True,False,False,0.1386488866994161,1.5888852537960192,3.4516084269999965,0.4224119999999998,548,1468,552,4,
ordinary WFC,context,92,True,False,False,0.4173385983076728,0.5517674343293824,0.6214085729999397,,,354,0,0,
WFC-as-SAT,context,92,True,False,False,0.6140398352613161,0.8001529291423349,3.1592956709999953,0.14568100000000017,33,388,33,0,
ordinary WFC,frequency,93,True,False,False,0.1553587781300794,1.8398492240094466,0.6469528510000373,,,383,0,0,
WFC-as-SAT,frequency,93,True,False,False,0.15479315316026732,1.6623516247212229,3.206677978000016,0.1737120000000003,285,675,285,0,
ordinary WFC,context,93,True,False,False,0.30316467452586465,0.4615953749116116,0.5845114070000363,,,344,0,0,
WFC-as-SAT,context,93,True,False,False,0.407680214943136,0.5494351901071128,3.1609380810000403,0.1329149999999999,9,353,9,0,
ordinary WFC,frequency,94,True,False,False,0.14794412345301905,1.6933309141916248,0.637210127000003,,,380,0,0,
WFC-as-SAT,frequency,94,True,False,False,0.1833634807250831,1.4783308462925306,5.320939194000061,2.4301590000000006,2935,8613,2964,28,
ordinary WFC,context,94,True,False,False,0.3259268188981351,0.5439744612744417,0.6052715869999474,,,376,0,0,
WFC-as-SAT,context,94,True,False,False,1.1606594327274693,1.3838056488362103,3.220980319999967,0.18947899999999995,209,585,209,0,
ordinary WFC,frequency,95,True,False,False,0.1872972279187341,1.6278378480098572,0.6405213699999877,,,383,0,0,
WFC-as-SAT,frequency,95,True,False,False,0.1916054273902351,1.7499630552151708,3.198000855000032,0.15588099999999994,178,568,178,0,
ordinary WFC,context,95,True,False,False,0.3630050886871189,0.494211063185431,0.6280181060000132,,,365,0,0,
WFC-as-SAT,context,95,True,False,False,0.4190264871946062,0.5795250469625509,3.171906781000075,0.13776699999999997,10,365,10,0,
ordinary WFC,frequency,96,True,False,False,0.21534889105196217,1.6881410735869706,0.6363468910000165,,,381,0,0,
WFC-as-SAT,frequency,96,True,False,False,0.18317030051514158,1.6353252521468047,3.2136231429999498,0.20222499999999988,242,770,243,1,
ordinary WFC,context,96,True,False,False,0.36228270418635256,0.4999435088716829,0.607749449000039,,,350,0,0,
WFC-as-SAT,context,96,True,False,False,0.3315563505448943,0.47638902395162164,3.167463811999937,0.13470899999999997,3,364,3,0,
ordinary WFC,frequency,97,True,False,False,0.1591449051752099,1.6501473759332044,0.6147196140000233,,,372,0,0,
WFC-as-SAT,frequency,97,True,False,False,0.12870803879771195,1.5085973128541348,3.314548101000014,0.28552100000000014,342,907,344,2,
ordinary WFC,context,97,True,False,False,0.4026579204101251,0.5966265787794471,0.5607473610000397,,,333,0,0,
WFC-as-SAT,context,97,True,False,False,0.46642388648446,0.6649344470071258,3.152623903999938,0.13547200000000004,12,346,12,0,
ordinary WFC,frequency,98,True,False,False,0.19584876323149433,1.699130478824914,0.6733711159999984,,,388,0,0,
WFC-as-SAT,frequency,98,True,False,False,0.1900838121750429,1.7057188832401413,3.211982725999974,0.1620889999999997,209,596,209,0,
ordinary WFC,context,98,True,False,False,0.49314061571342765,0.6659852721461887,0.6357555939999884,,,364,0,0,
WFC-as-SAT,context,98,True,False,False,0.29136983654901316,0.4092930806896704,3.1488128510000024,0.13498399999999977,5,369,5,0,
ordinary WFC,frequency,99,True,False,False,0.19007501688774703,1.7056462288496441,0.6477851270000201,,,384,0,0,
WFC-as-SAT,frequency,99,True,False,False,0.14930357942960654,1.735266630027242,3.1939936439999883,0.16864000000000012,255,643,255,0,
ordinary WFC,context,99,True,False,False,0.4449632214956048,0.582011540397346,0.6127387300000464,,,351,0,0,
WFC-as-SAT,context,99,True,False,False,0.5312864103454018,0.7061635426988031,3.1616790690000016,0.13465999999999978,4,350,4,0,
ordinary WFC,frequency,100,True,False,False,0.17740077033956236,1.6307079633638282,0.6428602569999384,,,385,0,0,
WFC-as-SAT,frequency,100,True,False,False,0.16288398548552166,1.6134658135911282,3.1901742240000885,0.15847499999999992,208,596,208,0,
ordinary WFC,context,100,True,False,False,0.3464058676935005,0.4572808236804745,0.5831943389999878,,,350,0,0,
WFC-as-SAT,context,100,True,False,False,0.3247603930811648,0.4805033755330156,3.146922785000015,0.13780199999999976,19,356,19,0,
ordinary WFC,frequency,101,True,False,False,0.16458576973823946,1.748889252691329,0.6504587990000346,,,387,0,0,
WFC-as-SAT,frequency,101,True,False,False,0.12061616732146417,1.659453852554349,3.192884176000007,0.16424700000000003,232,617,232,0,
ordinary WFC,context,101,True,False,False,0.3779244353760419,0.5351819429048059,0.6154644770000459,,,360,0,0,
WFC-as-SAT,context,101,True,False,False,0.5106805715729069,0.7251217493946649,3.167388877999997,0.14844400000000002,43,404,43,0,
ordinary WFC,frequency,102,True,False,False,0.17580931578124323,1.5668347849107689,0.6375873020000427,,,386,0,0,
WFC-as-SAT,frequency,102,True,False,False,0.1353314103169898,1.621690354638014,3.1886558869999817,0.1632149999999999,216,606,216,0,
ordinary WFC,context,102,True,False,False,0.34880442000120204,0.4853896332097483,0.6291670299999623,,,373,0,0,
WFC-as-SAT,context,102,True,False,False,0.3285376289137158,0.4784713861892519,3.171972166000046,0.13621800000000017,8,372,8,0,
ordinary WFC,frequency,103,True,False,False,0.1567435625714264,1.3889073343883376,0.6338004379999802,,,375,0,0,
WFC-as-SAT,frequency,103,True,False,False,0.16555400686718072,1.5804821351935106,3.248531612000079,0.1611610000000001,206,593,206,0,
ordinary WFC,context,103,True,False,False,0.263463807136946,0.46931546804448165,0.6240800839999565,,,371,0,0,
WFC-as-SAT,context,103,True,False,False,0.2612161313689691,0.4727989415789244,3.1459840619999113,0.1387639999999999,14,383,14,0,
ordinary WFC,frequency,104,True,False,False,0.16673850051344685,1.8503304332127033,0.6293884990000151,,,384,0,0,
WFC-as-SAT,frequency,104,True,False,False,0.17301325578855054,1.3496907059370846,3.2373891319999757,0.21391800000000005,282,838,285,3,
ordinary WFC,context,104,True,False,False,0.5463198001980715,0.6627121342503258,0.6538526660000343,,,378,0,0,
WFC-as-SAT,context,104,True,False,False,0.4221118222114351,0.5624064128520714,3.1616885509999975,0.136741,5,369,5,0,
ordinary WFC,frequency,105,True,False,False,0.1651152857317458,1.58548039795557,0.655341243999942,,,383,0,0,
WFC-as-SAT,frequency,105,True,False,False,0.21235064603925827,1.7879845683916702,3.1757223839999824,0.1533,164,554,164,0,
ordinary WFC,context,105,True,False,False,0.5112739754769924,0.7269014291034742,0.5990891269999565,,,326,0,0,
WFC-as-SAT,context,105,True,False,False,0.5446497450475976,0.7616341505394526,3.200277270000015,0.13844400000000023,19,356,19,0,
ordinary WFC,frequency,106,True,False,False,0.15542619036625932,1.6859909626861334,0.6286034670000618,,,384,0,0,
WFC-as-SAT,frequency,106,True,False,False,0.20336339640177087,1.6415619099950507,3.1721330020000096,0.15481699999999976,182,567,182,0,
ordinary WFC,context,106,True,False,False,0.5015863062575379,0.8298417980239875,0.6594005500001003,,,381,0,0,
WFC-as-SAT,context,106,True,False,False,0.5067591191532695,0.7809479980322326,3.1756315879999875,0.14471100000000026,54,425,54,0,
ordinary WFC,frequency,107,True,False,False,0.1751685320284843,1.6851636316220016,0.6593985010000551,,,387,0,0,
WFC-as-SAT,frequency,107,True,False,False,0.181731252966516,1.677277976964423,3.1651819060000435,0.1547210000000001,174,569,174,0,
ordinary WFC,context,107,True,False,False,0.3556937750880639,0.5481607712696852,0.5937543009999899,,,341,0,0,
WFC-as-SAT,context,107,True,False,False,0.3465094237790343,0.5301731321920223,3.175945927999919,0.14483400000000013,42,391,42,0,
ordinary WFC,frequency,108,True,False,False,0.16098977817467644,1.8366275718913914,0.6386145970000143,,,382,0,0,
WFC-as-SAT,frequency,108,True,False,False,0.1758655193577264,1.6283865406557185,3.174682953999991,0.1568360000000002,193,578,193,0,
ordinary WFC,context,108,True,False,False,0.7829526637263469,0.9615888453026571,0.6247786100000212,,,350,0,0,
WFC-as-SAT,context,108,True,False,False,0.7923208862840648,1.0156887903817773,3.165436870999997,0.13702800000000015,8,352,8,0,
ordinary WFC,frequency,109,True,False,False,0.18723710534211954,1.53460581358222,0.6364587739999479,,,375,0,0,
WFC-as-SAT,frequency,109,True,False,False,0.17715931624013642,1.6874714235715442,3.4343023469999707,0.38368499999999983,521,1332,524,3,
ordinary WFC,context,109,True,False,False,0.496821618113356,0.7441547398100989,0.6100453319999133,,,373,0,0,
WFC-as-SAT,context,109,True,False,False,0.28613922585487483,0.4154573580842425,3.2008240860000114,0.172639,167,524,167,0,
ordinary WFC,frequency,110,True,False,False,0.16745514996600863,1.621495365754264,0.651237675999937,,,386,0,0,
WFC-as-SAT,frequency,110,True,False,False,0.15622923871650857,1.67638316512531,3.1786237039999605,0.1618869999999999,214,605,214,0,
ordinary WFC,context,110,True,False,False,1.2440591813931166,1.5194701490662,0.6156743790000974,,,362,0,0,
WFC-as-SAT,context,110,True,False,False,0.4694436736897754,0.7683786381034828,3.1888468710000097,0.148509,36,408,36,0,
ordinary WFC,frequency,111,True,False,False,0.19104635247273838,1.726374097652944,0.6590966649999928,,,388,0,0,
WFC-as-SAT,frequency,111,True,False,False,0.16679496594702004,1.5403493359612328,3.3950989680000703,0.376398,553,1386,558,5,
ordinary WFC,context,111,True,False,False,2.4358955360966785,2.582799149646679,0.7084076159999313,,,383,0,0,
WFC-as-SAT,context,111,True,False,False,2.4173823012062368,2.5751433509753756,3.167739678000089,0.13866399999999968,7,384,7,0,
ordinary WFC,frequency,112,True,False,False,0.21205863594857519,1.5339382684431728,0.6630615540000235,,,390,0,0,
WFC-as-SAT,frequency,112,True,False,False,0.17056111857533487,1.4574347003323422,4.527698385000008,1.6865119999999998,1836,5580,1855,18,
ordinary WFC,context,112,True,False,False,0.3929581422980137,0.5680581346695501,0.5665385680000554,,,335,0,0,
WFC-as-SAT,context,112,True,False,False,0.3683467635673192,0.6470205757753514,3.184814361000008,0.1584939999999999,103,415,103,0,
ordinary WFC,frequency,113,True,False,False,0.19422652559308357,1.6340539441887822,0.7066915909999807,,,390,0,0,
WFC-as-SAT,frequency,113,True,False,False,0.18103186927686335,1.6872070150751106,3.2380312379999623,0.2229699999999999,275,855,276,1,
ordinary WFC,context,113,True,False,False,0.38679157811294984,0.6573750566067312,0.5497500459999856,,,324,0,0,
WFC-as-SAT,context,113,True,False,False,0.34494070699042256,0.5282958450349619,3.1727770449999753,0.1377170000000001,15,377,15,0,
ordinary WFC,frequency,114,True,False,False,0.20452588793721296,1.6573859750986917,0.6558072479999737,,,386,0,0,
WFC-as-SAT,frequency,114,True,False,False,0.17904162483073782,1.4395581767236771,3.3218758080000725,0.2877839999999998,351,911,352,1,
ordinary WFC,context,114,True,False,False,0.6138171847957133,0.9272232751734583,0.5623948019999716,,,351,0,0,
WFC-as-SAT,context,114,True,False,False,0.4145177289808664,0.8427093429235467,3.185391248999963,0.15752399999999978,75,423,75,0,
ordinary WFC,frequency,115,True,False,False,0.21827599051328253,1.6821518483035274,0.6544800320000377,,,385,0,0,
WFC-as-SAT,frequency,115,True,False,False,0.17408399384959222,1.630309508992764,5.68543544299996,2.8129020000000002,3600,10661,3643,41,
ordinary WFC,context,115,True,False,False,1.8754689685861095,2.2159617245654064,0.6094643999999789,,,312,0,0,
WFC-as-SAT,context,115,True,False,False,0.37408305068930514,0.5412605744066853,3.235520514999962,0.20344200000000012,52,565,53,1,
ordinary WFC,frequency,116,True,False,False,0.22987795724705973,1.6900048412663786,0.6587265089999619,,,384,0,0,
WFC-as-SAT,frequency,116,True,False,False,0.17884494442647184,1.5813508470878488,3.3973994119999134,0.34795,429,1175,431,2,
ordinary WFC,context,116,True,False,False,1.658944222468136,1.9078929919070173,0.6891134010000997,,,385,0,0,
WFC-as-SAT,context,116,True,False,False,0.7816902685734821,0.9582111224405552,3.1576765449999584,0.13539100000000004,2,377,2,0,
ordinary WFC,frequency,117,True,False,False,0.1787160101968024,1.5534706558240736,0.6503930270000637,,,388,0,0,
WFC-as-SAT,frequency,117,True,False,False,0.1696501319262897,1.6831060843498702,3.2314468760000636,0.2293949999999998,295,898,297,2,
ordinary WFC,context,117,True,False,False,1.0155586314903138,1.2653844398601635,0.6001340779999964,,,353,0,0,
WFC-as-SAT,context,117,True,False,False,1.2392850747203354,1.4542696082987232,3.171311719000073,0.1369060000000002,25,383,25,0,
ordinary WFC,frequency,118,True,False,False,0.20199783660859663,1.728042203123314,0.670774462000054,,,390,0,0,
WFC-as-SAT,frequency,118,True,False,False,0.17763692482605706,1.6672879984839386,3.4252727519999553,0.3600519999999998,423,1157,424,1,
ordinary WFC,context,118,True,False,False,0.7877872987213742,1.0423172020410962,0.6367168369999945,,,378,0,0,
WFC-as-SAT,context,118,True,False,False,0.5140353355102478,0.7737797117743895,3.1752748129999873,0.14921200000000012,46,415,46,0,
ordinary WFC,frequency,119,True,False,False,0.18313806854885561,1.733609029961152,0.6378907749999598,,,377,0,0,
WFC-as-SAT,frequency,119,True,False,False,0.18765368264442794,1.6882861319198728,3.6756236209999997,0.6359439999999998,867,2430,883,16,
ordinary WFC,context,119,True,False,False,0.5247889308855139,0.7734783424061306,0.6241968389999784,,,337,0,0,
WFC-as-SAT,context,119,True,False,False,0.4310905351905197,0.6040031521924333,3.1636099950000016,0.14309799999999995,49,379,49,0,
ordinary WFC,frequency,120,True,False,False,0.19878841888286308,1.6139178209119354,0.6483383700000331,,,375,0,0,
WFC-as-SAT,frequency,120,True,False,False,0.17099015378763882,1.723438561459927,3.300060809999991,0.16757000000000022,251,635,251,0,
ordinary WFC,context,120,True,False,False,0.5707601373747948,0.7562078399876688,0.6502165860000559,,,368,0,0,
WFC-as-SAT,context,120,True,False,False,0.47388157726992974,0.6269688835295467,3.3006042389999948,0.14807900000000007,40,404,40,0,
ordinary WFC,frequency,121,True,False,False,0.20435236442962007,1.5690395946771867,0.6534696229999781,,,382,0,0,
WFC-as-SAT,frequency,121,True,False,False,0.1915016797908443,1.755530480052742,3.5979170409999597,0.5785419999999999,786,2159,795,9,
ordinary WFC,context,121,True,False,False,0.35255941275629415,0.4919674564227133,0.5947840329999963,,,343,0,0,
WFC-as-SAT,context,121,True,False,False,0.319185467998452,0.49291431446070266,3.1139978990000827,0.13335399999999997,3,355,3,0,
ordinary WFC,frequency,122,True,False,False,0.182781455155315,1.5331636421682027,0.6434747869999455,,,383,0,0,
WFC-as-SAT,frequency,122,True,False,False,0.21374439353793095,1.733530402045055,3.466641922000008,0.4782679999999997,553,1659,557,4,
ordinary WFC,context,122,True,False,False,0.33024869220930686,0.5522345763328018,0.5902880769999683,,,352,0,0,
WFC-as-SAT,context,122,True,False,False,0.41803511464623433,0.5647395480541829,3.133786232000034,0.14112400000000003,22,392,22,0,
ordinary WFC,frequency,123,True,False,False,0.18474975761717122,1.7096671586562555,0.6542667859999938,,,390,0,0,
WFC-as-SAT,frequency,123,True,False,False,0.20781997979733685,1.6306112708537839,4.494368430000009,0.3350369999999998,361,1047,363,2,
ordinary WFC,context,123,True,False,False,0.2655830975128656,0.4490670432513391,0.6394726940000055,,,341,0,0,
WFC-as-SAT,context,123,True,False,False,0.7021811884225623,1.0457171725607197,3.6353466970000454,0.1455390000000003,28,365,28,0,
ordinary WFC,frequency,124,True,False,False,0.1513345103309269,1.6245724375151533,0.6390961559999369,,,383,0,0,
WFC-as-SAT,frequency,124,True,False,False,0.17848554671770497,1.6225191283928495,3.326409223000155,0.18331700000000017,258,652,258,0,
ordinary WFC,context,124,True,False,False,0.5032207979672226,0.7036775235012207,0.6589139459999842,,,350,0,0,
WFC-as-SAT,context,124,True,False,False,0.4199386586285266,0.5537561400794218,3.2969120010000097,0.1400750000000004,8,375,8,0,
ordinary WFC,frequency,125,True,False,False,0.1806319668485698,1.595849516534924,0.6553882670000348,,,380,0,0,
WFC-as-SAT,frequency,125,True,False,False,0.21815561078054246,1.6533634586793666,3.302875313999948,0.1624810000000001,204,595,204,0,
ordinary WFC,context,125,True,False,False,0.47570439387873376,0.6303940624077811,0.6379701660000592,,,359,0,0,
WFC-as-SAT,context,125,True,False,False,0.4425956871546322,0.6260939614262299,3.3988561249998384,0.15751399999999993,85,425,85,0,
ordinary WFC,frequency,126,True,False,False,0.2209011170077343,1.673714912569033,0.7366601450000871,,,386,0,0,
WFC-as-SAT,frequency,126,True,False,False,0.20280856232100705,1.61238186781527,3.289522872999896,0.16295899999999985,202,588,202,0,
ordinary WFC,context,126,True,False,False,0.7069829678663303,0.860096024173233,0.6615207620000092,,,365,0,0,
WFC-as-SAT,context,126,True,False,False,0.6944640548889732,0.877279227117254,3.5444814729999052,0.14567499999999978,0,370,0,0,
ordinary WFC,frequency,127,True,False,False,0.1853389918701284,1.7119493440331894,0.6992980060001628,,,385,0,0,
WFC-as-SAT,frequency,127,True,False,False,0.18216589436289532,1.8284856687850064,3.6422613370000363,0.3613879999999998,547,1253,551,4,
ordinary WFC,context,127,True,False,False,0.41973043639315877,0.648788274336121,0.5980914270000994,,,333,0,0,
WFC-as-SAT,context,127,True,False,False,0.34289515277503646,0.5041259345599832,3.2443691820001277,0.13545000000000007,4,368,4,0,
ordinary WFC,frequency,128,True,False,False,0.19740626226300773,1.5253045041777433,0.6529184359999363,,,379,0,0,
WFC-as-SAT,frequency,128,True,False,False,0.16864232678150737,1.6810050847381133,3.4290549370000463,0.32690300000000017,395,1054,396,1,
ordinary WFC,context,128,True,False,False,0.39252580437447915,0.6409912328389487,0.6521660319999683,,,359,0,0,
WFC-as-SAT,context,128,True,False,False,0.5519955979538611,0.7602133681092195,3.300408242000003,0.151065,24,394,24,0,
ordinary WFC,frequency,129,True,False,False,0.21681573415949482,1.7214914487638897,0.6759298849999595,,,393,0,0,
WFC-as-SAT,frequency,129,True,False,False,0.1992866278551163,1.74944864310353,3.2490063049999662,0.1619010000000003,207,596,207,0,
ordinary WFC,context,129,True,False,False,1.070400945656651,1.2606239724083907,0.617421811999975,,,376,0,0,
WFC-as-SAT,context,129,True,False,False,0.42860835732158314,0.663564126829557,3.4668604149999283,0.16789299999999985,111,483,111,0,
ordinary WFC,frequency,130,True,False,False,0.21396044381957494,1.774470452326568,0.6708628419999059,,,390,0,0,
WFC-as-SAT,frequency,130,True,False,False,0.18553854357485464,1.6576505412950393,3.4838447279998945,0.3973819999999999,384,1236,386,2,
ordinary WFC,context,130,True,False,False,0.47233971487234677,0.6862961727796439,0.6582340809998186,,,378,0,0,
WFC-as-SAT,context,130,True,False,False,0.4831174990502941,0.7154785890609678,3.252955404999966,0.1454979999999999,50,416,50,0,
ordinary WFC,frequency,131,True,False,False,0.1773730384652822,1.6424207576475065,0.6341716399999768,,,372,0,0,
WFC-as-SAT,frequency,131,True,False,False,0.13976243925014092,1.7734727365043876,4.648091367999996,1.7188350000000003,2018,5803,2045,27,
ordinary WFC,context,131,True,False,False,0.6610868928145788,0.8239304745184151,0.650248301000147,,,364,0,0,
WFC-as-SAT,context,131,True,False,False,0.609903113678596,0.7641631141490464,3.2459397759998865,0.14590000000000014,52,417,52,0,
ordinary WFC,frequency,132,True,False,False,0.17673645785839587,1.5493230157572573,0.652539569000055,,,377,0,0,
WFC-as-SAT,frequency,132,True,False,False,0.19410590542750297,1.6472683118839033,3.6129294899999422,0.4497580000000001,473,1450,477,4,
ordinary WFC,context,132,True,False,False,0.3477241380076388,0.45016479326590236,0.6105732060000264,,,358,0,0,
WFC-as-SAT,context,132,True,False,False,0.34542118642869923,0.5528697289755241,3.2680973789999825,0.16910899999999973,131,470,131,0,
ordinary WFC,frequency,133,True,False,False,0.18300939450095016,1.5956403800748618,0.6419357689999288,,,381,0,0,
WFC-as-SAT,frequency,133,True,False,False,0.18459173862710074,1.6309932210979752,6.099662566999996,3.1340220000000003,3656,11349,3698,40,
ordinary WFC,context,133,True,False,False,0.3551029572145737,0.5554500518209139,0.6436058159999902,,,362,0,0,
WFC-as-SAT,context,133,True,False,False,0.38794050699758437,0.5362636968450549,3.2685957050000525,0.13769799999999988,17,371,17,0,
ordinary WFC,frequency,134,True,False,False,0.18804449924514782,1.7690729858224956,0.6404269649999605,,,382,0,0,
WFC-as-SAT,frequency,134,True,False,False,0.16486488582338577,1.5772773905915995,3.6309294719999343,0.4977499999999999,665,1804,673,8,
ordinary WFC,context,134,True,False,False,0.6354754669333127,0.8334193714125244,0.6456949579999218,,,359,0,0,
WFC-as-SAT,context,134,True,False,False,0.3781786108745357,0.5377747785764099,3.239262179999969,0.14981100000000014,63,404,63,0,
ordinary WFC,frequency,135,True,False,False,0.18340430580108014,1.7560003226458962,0.6371018810000351,,,383,0,0,
WFC-as-SAT,frequency,135,True,False,False,0.18919428801376093,1.5302675279050046,3.5307035799999085,0.4007100000000001,520,1391,524,4,
ordinary WFC,context,135,True,False,False,0.4672859434540898,0.5941917263718622,0.6639754560001165,,,383,0,0,
WFC-as-SAT,context,135,True,False,False,0.4045063103038018,0.5219097452320335,3.261409251000032,0.1324019999999999,1,357,1,0,
ordinary WFC,frequency,136,True,False,False,0.16964969311478956,1.6380025598628374,0.6270110610000756,,,381,0,0,
WFC-as-SAT,frequency,136,True,False,False,0.20341667561655083,1.658719075789049,3.250514225000188,0.15954500000000005,186,577,186,0,
ordinary WFC,context,136,True,False,False,0.4311730799287705,0.5727540909455712,0.5980026249999355,,,377,0,0,
WFC-as-SAT,context,136,True,False,False,0.3453847689536959,0.4727649950713455,3.2408206889999747,0.13656500000000005,7,365,7,0,
ordinary WFC,frequency,137,True,False,False,0.1689241072266501,1.6633682130190686,0.6508941900001446,,,382,0,0,
WFC-as-SAT,frequency,137,True,False,False,0.21127908196311668,1.6815522320492284,3.2568748449998566,0.15918600000000005,197,586,197,0,
ordinary WFC,context,137,True,False,False,0.45760463981878363,0.6968567310359769,0.6092000829999051,,,351,0,0,
WFC-as-SAT,context,137,True,False,False,0.6486532370154072,0.8137693148830762,3.22462330999997,0.13590800000000014,0,391,0,0,
ordinary WFC,frequency,138,True,False,False,0.2229680664644685,1.7427245511252996,0.6339123010000094,,,374,0,0,
WFC-as-SAT,frequency,138,True,False,False,0.19789844954983,1.6347906383341413,3.4708558660001927,0.3750790000000004,456,1228,461,5,
ordinary WFC,context,138,True,False,False,0.36458291010721344,0.5224926819902926,0.6294127409998964,,,371,0,0,
WFC-as-SAT,context,138,True,False,False,0.22006166340522865,0.4537708741999818,3.222311659999832,0.1482899999999998,58,420,58,0,
ordinary WFC,frequency,139,True,False,False,0.17356892106291238,1.8093225217551538,0.6540696580000258,,,383,0,0,
WFC-as-SAT,frequency,139,True,False,False,0.18509500403151793,1.5885884961191583,3.7784772990000874,0.6915290000000001,925,2628,935,10,
ordinary WFC,context,139,True,False,False,0.500166376714093,0.756519831511762,0.555507703999865,,,353,0,0,
WFC-as-SAT,context,139,True,False,False,0.41777346397986875,0.6976226697988318,3.265718379999953,0.16380399999999984,122,490,122,0,
ordinary WFC,frequency,140,True,False,False,0.22692932452512946,1.6481496245491745,0.6778768239998954,,,389,0,0,
WFC-as-SAT,frequency,140,True,False,False,0.20778148681104425,1.6867285647244719,3.3933262489999834,0.30625599999999986,330,931,331,1,
ordinary WFC,context,140,True,False,False,0.4053374645820119,0.6650278322015397,0.5750394359999973,,,329,0,0,
WFC-as-SAT,context,140,True,False,False,0.44871180462150245,0.7419006695718205,3.3504408420001255,0.14158800000000005,16,369,16,0,
ordinary WFC,frequency,141,True,False,False,0.17089458333325108,1.6211331173495316,0.6149195160001,,,376,0,0,
WFC-as-SAT,frequency,141,True,False,False,0.19289041863485176,1.6620455263086769,3.271770035000145,0.15770000000000017,175,560,175,0,
ordinary WFC,context,141,True,False,False,0.4147468638609821,0.5483268048546716,0.5996749009998439,,,358,0,0,
WFC-as-SAT,context,141,True,False,False,0.426067224339014,0.5671327096560618,3.23898154099993,0.13274300000000006,1,353,1,0,
ordinary WFC,frequency,142,True,False,False,0.161544062485163,1.691315314924787,0.6313429629999519,,,374,0,0,
WFC-as-SAT,frequency,142,True,False,False,0.1739706756377615,1.6525326673317835,3.2631691290000617,0.16101999999999972,208,598,208,0,
ordinary WFC,context,142,True,False,False,0.38807624220699977,0.5316047914071238,0.6132355699999152,,,344,0,0,
WFC-as-SAT,context,142,True,False,False,0.4080030753750735,0.5482493713925133,3.2294600390000596,0.13533799999999996,5,365,5,0,
ordinary WFC,frequency,143,True,False,False,0.15937473205446454,1.584273302645256,0.6359118539999145,,,376,0,0,
WFC-as-SAT,frequency,143,True,False,False,0.16231673954596604,1.5917438423362316,10.94926964299998,7.980449,8114,28020,9472,320,
ordinary WFC,context,143,True,False,False,0.4139069718309735,0.6024161349672272,0.6379060919998665,,,362,0,0,
WFC-as-SAT,context,143,True,False,False,0.5111744928448176,0.6874211497267895,3.229505404000065,0.13931400000000016,5,388,5,0,
ordinary WFC,frequency,144,True,False,False,0.24880987077353986,1.7151940554354959,0.6488988270000391,,,386,0,0,
WFC-as-SAT,frequency,144,True,False,False,0.1667444085715281,1.628128795701307,3.5144017609998173,0.4189940000000001,525,1491,531,6,
ordinary WFC,context,144,True,False,False,0.6583235169659467,0.9172500555422163,0.5642601959998501,,,344,0,0,
WFC-as-SAT,context,144,True,False,False,1.1633326872639633,1.4132202659023643,3.227669821000063,0.14697799999999983,55,407,55,0,
ordinary WFC,frequency,145,True,False,False,0.14386737436172764,1.8007547520749478,0.6393524560000969,,,379,0,0,
WFC-as-SAT,frequency,145,True,False,False,0.19873643390421566,1.6101255997627089,3.2568949839999277,0.1546529999999997,172,568,172,0,
ordinary WFC,context,145,True,False,False,0.435485867264104,0.6461021429039125,0.6062053489999926,,,359,0,0,
WFC-as-SAT,context,145,True,False,False,0.42551374956710797,0.5979476352386737,3.207366380999929,0.13659799999999978,5,370,5,0,
ordinary WFC,frequency,146,True,False,False,0.17035304575264434,1.5224062821864872,0.6615844099999322,,,393,0,0,
WFC-as-SAT,frequency,146,True,False,False,0.2480998049378867,1.5463140179897101,3.2732078689998616,0.19317200000000012,255,747,256,1,
ordinary WFC,context,146,True,False,False,0.6281024843386581,0.828251877982191,0.6232572260000779,,,352,0,0,
WFC-as-SAT,context,146,True,False,False,0.3724127518030973,0.514679111292019,3.2445654010000453,0.1378499999999998,13,369,13,0,
ordinary WFC,frequency,147,True,False,False,0.18757892552408845,1.7158190422282538,0.6664727049999328,,,387,0,0,
WFC-as-SAT,frequency,147,True,False,False,0.2081288238525789,1.494828553124298,3.2683469630001127,0.15863899999999997,186,579,186,0,
ordinary WFC,context,147,True,False,False,0.7561178838345829,0.8715961037601527,0.6808640269998705,,,392,0,0,
WFC-as-SAT,context,147,True,False,False,0.4919681023519555,0.5905002447247116,3.2384358160002193,0.13548500000000008,5,385,5,0,
ordinary WFC,frequency,148,True,False,False,0.18587774010894792,1.6541965433505392,0.6408521920000112,,,374,0,0,
WFC-as-SAT,frequency,148,True,False,False,0.22218232411095357,1.603475523232222,3.559603030999824,0.47318099999999985,592,1645,595,3,
ordinary WFC,context,148,True,False,False,1.00467634360011,1.2838339975454898,0.6620027699998445,,,377,0,0,
WFC-as-SAT,context,148,True,False,False,1.4298348712933036,1.6846246096079331,3.261984730999984,0.16263000000000005,102,474,102,0,
ordinary WFC,frequency,149,True,False,False,0.16540685715221282,1.6243507652407219,0.6321541530001014,,,382,0,0,
WFC-as-SAT,frequency,149,True,False,False,0.22393450712645216,1.676399574872031,3.4702504980000413,0.3551479999999998,373,1118,375,2,
ordinary WFC,context,149,True,False,False,0.2648123380986674,0.44676076265359793,0.5551571150001564,,,343,0,0,
WFC-as-SAT,context,149,True,False,False,0.3237828039896789,0.4594452622856331,3.200491187000125,0.135027,6,363,6,0,
ordinary WFC,frequency,150,True,False,False,0.16055066602527632,1.6099216618300105,0.6432017269999051,,,380,0,0,
WFC-as-SAT,frequency,150,True,False,False,0.21192793247286892,1.5190179730300202,3.285237496000036,0.16425500000000026,179,566,179,0,
ordinary WFC,context,150,True,False,False,3.066995177464764,3.1977209662438906,0.7326903519999632,,,397,0,0,
WFC-as-SAT,context,150,True,False,False,3.18563581782379,3.282440486420674,3.2262256389999493,0.14270700000000014,11,409,11,0,
ordinary WFC,frequency,151,True,False,False,0.16817896319260028,1.6363198027733845,0.6637316180001562,,,382,0,0,
WFC-as-SAT,frequency,151,True,False,False,0.20318890861112665,1.6880827611934548,3.2663737509999464,0.164037,244,632,244,0,
ordinary WFC,context,151,True,False,False,1.312845443672211,1.637227599248001,0.5726982169999246,,,307,0,0,
WFC-as-SAT,context,151,True,False,False,1.3051080332204168,1.6278713700778653,3.226792497999895,0.12896000000000019,0,309,0,0,
ordinary WFC,frequency,152,True,False,False,0.1535598836198713,1.6083165360176082,0.6388200640001287,,,378,0,0,
WFC-as-SAT,frequency,152,True,False,False,0.21421042617791197,1.5891466803786594,3.5508187529999304,0.40600700000000023,496,1423,503,7,
ordinary WFC,context,152,True,False,False,0.7204401405864619,1.0308514863434153,0.6043786359998649,,,343,0,0,
WFC-as-SAT,context,152,True,False,False,0.362623027845408,0.6094372252831299,3.2526391240000976,0.14760799999999996,50,395,50,0,
ordinary WFC,frequency,153,True,False,False,0.16672266570683733,1.584601312280704,0.6364312529999552,,,381,0,0,
WFC-as-SAT,frequency,153,True,False,False,0.18643727529074713,1.5938599006473089,3.237242561999892,0.16052599999999995,206,590,206,0,
ordinary WFC,context,153,True,False,False,0.7529306423630477,0.9122611884663641,0.6471378790001836,,,357,0,0,
WFC-as-SAT,context,153,True,False,False,0.6775701517852191,0.8808718020798527,3.264068552000026,0.13452900000000012,2,355,2,0,
ordinary WFC,frequency,154,True,False,False,0.15601460635203435,1.674569383867864,0.6516143219998867,,,381,0,0,
WFC-as-SAT,frequency,154,True,False,False,0.23481145738928427,1.5800448295566891,3.7198708480000278,0.6385040000000002,777,2351,787,10,
ordinary WFC,context,154,True,False,False,2.5151313977852805,2.7848729892182873,0.6705591279999226,,,392,0,0,
WFC-as-SAT,context,154,True,False,False,1.516664979590185,1.88392713919579,3.234756973000003,0.14275400000000005,11,392,11,0,
ordinary WFC,frequency,155,True,False,False,0.1915237547276488,1.5145957880809002,0.652620172999832,,,380,0,0,
WFC-as-SAT,frequency,155,True,False,False,0.20250974466301824,1.4482678787893442,3.2470866959999967,0.15601300000000018,168,553,168,0,
ordinary WFC,context,155,True,False,False,0.43439901489783983,0.6032376388961138,0.6303226750001159,,,355,0,0,
WFC-as-SAT,context,155,True,False,False,0.604240287141685,0.8036672973601362,3.232803372000035,0.13617899999999983,4,369,4,0,
ordinary WFC,frequency,156,True,False,False,0.16594912185788974,1.6607178650139436,0.6513015329999234,,,390,0,0,
WFC-as-SAT,frequency,156,True,False,False,0.2101867784839726,1.5811683356688777,3.3044644389999576,0.20876599999999979,238,790,239,1,
ordinary WFC,context,156,True,False,False,1.72712209760669,1.9626621864006752,0.5468260549998831,,,392,0,0,
WFC-as-SAT,context,156,True,False,False,1.8371967857504905,2.0770111872193575,3.2321411610000723,0.15994399999999986,121,510,121,0,
ordinary WFC,frequency,157,True,False,False,0.1715260624123355,1.5450742050459356,0.643632647000004,,,387,0,0,
WFC-as-SAT,frequency,157,True,False,False,0.194027582229616,1.6529701611133478,3.272636288000058,0.16313200000000005,219,606,219,0,
ordinary WFC,context,157,True,False,False,0.5488011469934704,0.8480128625618879,0.5945111319999796,,,363,0,0,
WFC-as-SAT,context,157,True,False,False,0.36868650618241083,0.5469633566356877,3.357454007000115,0.26930900000000024,83,748,84,1,
ordinary WFC,frequency,158,True,False,False,0.18788310831735588,1.7095795225234418,0.6457009069999913,,,378,0,0,
WFC-as-SAT,frequency,158,True,False,False,0.18868210872428748,1.6566717859756774,3.238239859999794,0.16209700000000016,220,609,220,0,
ordinary WFC,context,158,True,False,False,1.7513534622142621,2.0166847791485596,0.7040163630001643,,,386,0,0,
WFC-as-SAT,context,158,True,False,False,1.7252340365653513,2.003572196634729,3.2274886299999253,0.13732600000000028,3,390,3,0,
ordinary WFC,frequency,159,True,False,False,0.17003190835670726,1.7272183610738845,0.6247582179998972,,,370,0,0,
WFC-as-SAT,frequency,159,True,False,False,0.1905118753910182,1.5326623252044873,3.372170221000033,0.28869100000000003,306,882,308,2,
ordinary WFC,context,159,True,False,False,0.44592721046766476,0.6422305321390746,0.5722855490000711,,,341,0,0,
WFC-as-SAT,context,159,True,False,False,0.4257662008874395,0.6357483402621023,3.28260823100004,0.1582049999999997,65,423,65,0,
ordinary WFC,frequency,160,True,False,False,0.16788098747587707,1.8326163378976552,0.6358800880000217,,,382,0,0,
WFC-as-SAT,frequency,160,True,False,False,0.1659058201297711,1.6353603884013361,3.544547287000114,0.45316599999999996,562,1578,566,4,
ordinary WFC,context,160,True,False,False,0.31876485410697125,0.6056416904125345,0.5757350410001436,,,333,0,0,
WFC-as-SAT,context,160,True,False,False,0.6362402559809566,0.9067771585574904,3.2203733210001246,0.13546899999999962,0,376,0,0,
ordinary WFC,frequency,161,True,False,False,0.16987506157954124,1.633548452875905,0.6721448619998682,,,387,0,0,
WFC-as-SAT,frequency,161,True,False,False,0.1652278210481868,1.727888659161886,3.504189781999912,0.33436699999999986,368,1042,369,1,
ordinary WFC,context,161,True,False,False,0.9175794047687347,1.135810913754732,0.5770435429999452,,,367,0,0,
WFC-as-SAT,context,161,True,False,False,0.9097022963552842,1.1015667439233117,3.2576438149999376,0.1698240000000002,146,514,146,0,
ordinary WFC,frequency,162,True,False,False,0.1803523876192438,1.6569233337873301,0.6528083370001241,,,383,0,0,
WFC-as-SAT,frequency,162,True,False,False,0.16837031663174432,1.5534189008036374,3.2387177579998934,0.16044400000000003,195,584,195,0,
ordinary WFC,context,162,True,False,False,0.7157723778359237,0.9206438049373582,0.6519158600001447,,,353,0,0,
WFC-as-SAT,context,162,True,False,False,0.37936134022100015,0.514527027473833,3.2492806309999196,0.1380110000000001,3,368,3,0,
ordinary WFC,frequency,163,True,False,False,0.17567861738926457,1.5624495327660919,0.651444273999914,,,379,0,0,
WFC-as-SAT,frequency,163,True,False,False,0.18958644419779075,1.5955880900656498,3.276215136000019,0.15735400000000022,185,572,185,0,
ordinary WFC,context,163,True,False,False,0.4473963694805802,0.7114444463753683,0.5832886260000123,,,322,0,0,
WFC-as-SAT,context,163,True,False,False,0.4868028901153164,0.6947465060132836,3.2589246370000637,0.13849100000000014,14,366,14,0,
ordinary WFC,frequency,164,True,False,False,0.16249214402572085,1.7130282140023618,0.6318266069999936,,,375,0,0,
WFC-as-SAT,frequency,164,True,False,False,0.1952005098012986,1.581517644301772,3.243772198000215,0.16268400000000005,226,617,226,0,
ordinary WFC,context,164,True,False,False,0.4275614334396773,0.6111623620582152,0.594859162000148,,,349,0,0,
WFC-as-SAT,context,164,True,False,False,0.3542084152031137,0.5513653553365302,3.2344942589998027,0.1357330000000001,2,354,2,0,
ordinary WFC,frequency,165,True,False,False,0.16300171175802056,1.5659993170048645,0.662540141999898,,,385,0,0,
WFC-as-SAT,frequency,165,True,False,False,0.20073382354371594,1.7443403431135283,3.320385148000014,0.21221900000000016,271,819,272,1,
ordinary WFC,context,165,True,False,False,0.5842174367360534,0.7732612352522098,0.6001078379999853,,,335,0,0,
WFC-as-SAT,context,165,True,False,False,0.5038550884188431,0.6893652841234672,3.316893440000058,0.1496360000000001,41,410,41,0,
ordinary WFC,frequency,166,True,False,False,0.17164574353445244,1.7002422593554403,0.6729389279998941,,,380,0,0,
WFC-as-SAT,frequency,166,True,False,False,0.17195395077618267,1.7075674456744583,3.2725163920001705,0.16005000000000003,215,602,215,0,
ordinary WFC,context,166,True,False,False,0.3024077744456787,0.5315526706178203,0.6080355389999568,,,350,0,0,
WFC-as-SAT,context,166,True,False,False,0.48305422757760463,0.6818332360635606,3.395488377999982,0.15964199999999984,97,438,97,0,
ordinary WFC,frequency,167,True,False,False,0.19088120034430506,1.6098179822358263,0.7294251349999286,,,385,0,0,
WFC-as-SAT,frequency,167,True,False,False,0.17395861962938042,1.6098609941106945,3.4812323360001756,0.17582500000000012,280,672,280,0,
ordinary WFC,context,167,True,False,False,2.17776685528459,2.396567605681871,0.6202704789998279,,,371,0,0,
WFC-as-SAT,context,167,True,False,False,1.9356244271376102,2.132183519909097,3.5005913959998907,0.15315100000000026,12,382,12,0,
ordinary WFC,frequency,168,True,False,False,0.1659215447796401,1.6728811309307343,0.6682765540001583,,,380,0,0,
WFC-as-SAT,frequency,168,True,False,False,0.13956051456920962,1.7029208027807647,3.3709572879999996,0.16842599999999974,225,610,225,0,
ordinary WFC,context,168,True,False,False,0.4359019081806559,0.7906421706327248,0.6518337499999234,,,349,0,0,
WFC-as-SAT,context,168,True,False,False,0.450036969247646,0.6823162915405377,3.269792991000031,0.15302999999999978,72,433,72,0,
ordinary WFC,frequency,169,True,False,False,0.17854774130252096,1.4252893218771425,0.6338485339999806,,,379,0,0,
WFC-as-SAT,frequency,169,True,False,False,0.17111295838750742,1.7043484033297767,3.9346091170000363,0.641807,878,2393,890,12,
ordinary WFC,context,169,True,False,False,2.3191642832052914,2.4858414250817207,0.6219806939998307,,,393,0,0,
WFC-as-SAT,context,169,True,False,False,2.007642248481847,2.186123674885815,3.2642504120001377,0.15336499999999997,67,457,67,0,
ordinary WFC,frequency,170,True,False,False,0.1829636241245219,1.5941124574035095,0.686881066000069,,,384,0,0,
WFC-as-SAT,frequency,170,True,False,False,0.19561504132576218,1.6667767974810668,3.5384850329999153,0.404579,454,1354,457,3,
ordinary WFC,context,170,True,False,False,0.8866656159287646,1.1406172868562778,0.6345846039998833,,,346,0,0,
WFC-as-SAT,context,170,True,False,False,0.4861827787184687,0.8041895109300436,3.5209710040001028,0.2040529999999996,137,504,137,0,
ordinary WFC,frequency,171,True,False,False,0.20170667655092553,1.5891452055538946,0.7213584119999723,,,385,0,0,
WFC-as-SAT,frequency,171,True,False,False,0.18777163663064875,1.632410193421889,3.312417557000117,0.17802700000000016,251,679,252,1,
ordinary WFC,context,171,True,False,False,1.7772641671098404,2.0759946622803307,0.6331394940000337,,,352,0,0,
WFC-as-SAT,context,171,True,False,False,1.9896823485930992,2.2212226062362785,3.2487610389998736,0.13908099999999957,25,365,25,0,
ordinary WFC,frequency,172,True,False,False,0.18041159645524357,1.6078023666004582,0.6594251270000768,,,386,0,0,
WFC-as-SAT,frequency,172,True,False,False,0.1858231668789552,1.8118018503819948,3.516270138999971,0.41719099999999987,510,1437,514,4,
ordinary WFC,context,172,True,False,False,0.5595039729039276,0.7587837376223562,0.5771693919998597,,,336,0,0,
WFC-as-SAT,context,172,True,False,False,0.5641276967002756,0.8288476423570182,3.2886315329999434,0.17720500000000028,170,547,170,0,
ordinary WFC,frequency,173,True,False,False,0.1937304387825813,1.7645240309862087,0.6419416870000987,,,385,0,0,
WFC-as-SAT,frequency,173,True,False,False,0.1902315890859082,1.698705143406213,3.4554657369999404,0.34181799999999996,381,1085,383,2,
ordinary WFC,context,173,True,False,False,0.42090823106151776,0.5722016277110482,0.5958191360000455,,,335,0,0,
WFC-as-SAT,context,173,True,False,False,1.3988737390492179,1.6134264054307768,3.2374956080000175,0.1428720000000001,33,393,33,0,
ordinary WFC,frequency,174,True,False,False,0.1749517981168739,1.8182643034127337,0.6300774750000073,,,381,0,0,
WFC-as-SAT,frequency,174,True,False,False,0.1686453562724001,1.7364218122754698,3.4379482340000322,0.3500930000000002,452,1192,457,5,
ordinary WFC,context,174,True,False,False,1.9282193012444433,2.1593769238904374,0.6229749730000549,,,340,0,0,
WFC-as-SAT,context,174,True,False,False,1.883677019687632,2.1119709523315153,3.2324641539998993,0.14705999999999975,60,400,60,0,
ordinary WFC,frequency,175,True,False,False,0.21642544807592212,1.460527052941456,0.6530809549999503,,,384,0,0,
WFC-as-SAT,frequency,175,True,False,False,0.18297686347869602,1.7265806721186379,3.528273825000042,0.42808599999999997,499,1455,505,6,
ordinary WFC,context,175,True,False,False,0.9898368006214869,1.2740372957226465,0.6093105190000188,,,349,0,0,
WFC-as-SAT,context,175,True,False,False,0.6226357117445304,0.7766120209939614,3.5090594390001115,0.4033669999999998,368,1106,370,2,
ordinary WFC,frequency,176,True,False,False,0.2042713894645203,1.7093251385725945,0.6491601019999962,,,387,0,0,
WFC-as-SAT,frequency,176,True,False,False,0.21082816884845132,1.6764808574931394,3.4844585749999624,0.334187,322,1046,324,2,
ordinary WFC,context,176,True,False,False,0.3862718441756666,0.5159869286412911,0.6005819800000154,,,349,0,0,
WFC-as-SAT,context,176,True,False,False,0.5026676859839073,0.6596221990667479,3.2600115530001403,0.1358889999999997,7,344,7,0,
ordinary WFC,frequency,177,True,False,False,0.2121974911379969,1.6473576362961455,0.6495352659999298,,,378,0,0,
WFC-as-SAT,frequency,177,True,False,False,0.14849966945856416,1.6946973464219424,3.4881066180000744,0.38665400000000005,469,1261,471,2,
ordinary WFC,context,177,True,False,False,0.4333688075697547,0.5503806593367983,0.6327843680001024,,,359,0,0,
WFC-as-SAT,context,177,True,False,False,0.5707839450470256,0.7190714900084044,3.2234006480000517,0.13727800000000023,4,363,4,0,
ordinary WFC,frequency,178,True,False,False,0.17839245809849358,1.6485894297548123,0.6333346910000728,,,376,0,0,
WFC-as-SAT,frequency,178,True,False,False,0.16688965851394058,1.6452227609710472,3.2489169739999397,0.1641029999999999,244,630,244,0,
ordinary WFC,context,178,True,False,False,0.5900897298084736,0.7453206190482969,0.5994053760000497,,,347,0,0,
WFC-as-SAT,context,178,True,False,False,0.6492929532616193,0.8184418421261861,3.2165255620000153,0.13855200000000023,7,361,7,0,
ordinary WFC,frequency,179,True,False,False,0.2554189139538892,1.750482498668761,0.6729251270000987,,,389,0,0,
WFC-as-SAT,frequency,179,True,False,False,0.21660826522079926,1.6345967390179756,3.2835834429999977,0.155621,174,565,174,0,
ordinary WFC,context,179,True,False,False,0.6431405369062315,0.8085360016699029,0.684477114999936,,,393,0,0,
WFC-as-SAT,context,179,True,False,False,0.6775145123688366,0.8450788674100806,3.2342632810000396,0.14406300000000005,38,430,38,0,
ordinary WFC,frequency,180,True,False,False,0.1852233713899467,1.6315772316627108,0.6515637719999177,,,386,0,0,
WFC-as-SAT,frequency,180,True,False,False,0.18745634918143075,1.6321788707668785,3.303323144999922,0.208507,285,799,286,1,
ordinary WFC,context,180,True,False,False,0.5083574387353725,0.6323304768662457,0.5617407229999571,,,351,0,0,
WFC-as-SAT,context,180,True,False,False,0.621204499043443,0.7755410368079907,3.2242548480001005,0.13134500000000005,0,351,0,0,
ordinary WFC,frequency,181,True,False,False,0.18583074953199383,1.5022519926027496,0.6336756089999653,,,384,0,0,
WFC-as-SAT,frequency,181,True,False,False,0.1743205513537216,1.7292264564479967,3.6791816899999503,0.591164,650,2131,665,15,
ordinary WFC,context,181,True,False,False,0.3231602489549362,0.5282920580606204,0.6105399919999854,,,363,0,0,
WFC-as-SAT,context,181,True,False,False,0.256626021909627,0.46216523347561766,3.2404894329999934,0.1521119999999998,48,407,48,0,
ordinary WFC,frequency,182,True,False,False,0.19267380567152917,1.5840024569070572,0.6501339360002021,,,382,0,0,
WFC-as-SAT,frequency,182,True,False,False,0.17907827120583414,1.6810724762043054,3.331903730000022,0.1611349999999998,216,606,216,0,
ordinary WFC,context,182,True,False,False,0.5511762646544697,0.6938494514830106,0.6553936160000831,,,380,0,0,
WFC-as-SAT,context,182,True,False,False,0.5495697877706388,0.687248668162435,3.2465457319999587,0.136984,0,382,0,0,
ordinary WFC,frequency,183,True,False,False,0.1831514344200397,1.6466252455756007,0.6501527289999558,,,374,0,0,
WFC-as-SAT,frequency,183,True,False,False,0.16104216965087717,1.6745610248306908,3.351706590000049,0.2550349999999999,303,766,304,1,
ordinary WFC,context,183,True,False,False,0.3884156048762962,0.49679726566067023,0.6479457679999996,,,366,0,0,
WFC-as-SAT,context,183,True,False,False,0.35931018443225404,0.47577257855921345,3.231610857000078,0.13753700000000002,5,380,5,0,
ordinary WFC,frequency,184,True,False,False,0.19792028240127027,1.7218730156809716,0.6632144950001475,,,386,0,0,
WFC-as-SAT,frequency,184,True,False,False,0.15833675291335378,1.5009763035797217,3.457054685000003,0.3588110000000002,406,1147,407,1,
ordinary WFC,context,184,True,False,False,0.5774285933637012,0.7201843669446651,0.6285273609998967,,,361,0,0,
WFC-as-SAT,context,184,True,False,False,0.3760965165956793,0.5012850043139949,3.2375658460000523,0.138652,3,366,3,0,
ordinary WFC,frequency,185,True,False,False,0.17689167342318926,1.7148483644099042,0.643782131999842,,,382,0,0,
WFC-as-SAT,frequency,185,True,False,False,0.18205117026624223,1.5643995215046738,3.2590908869999566,0.155551,174,562,174,0,
ordinary WFC,context,185,True,False,False,0.44467422933202116,0.6359945744605389,0.6175887820002117,,,351,0,0,
WFC-as-SAT,context,185,True,False,False,0.40467466858989803,0.628656986906239,3.222218466999948,0.13881999999999994,16,359,16,0,
ordinary WFC,frequency,186,True,False,False,0.19776453156684753,1.692264713310092,0.6545787609998115,,,389,0,0,
WFC-as-SAT,frequency,186,True,False,False,0.18046865716058436,1.7423950392180247,3.2570358999998916,0.15844900000000006,198,586,198,0,
ordinary WFC,context,186,True,False,False,0.5052286095352754,0.6285946250022685,0.6401808300001903,,,361,0,0,
WFC-as-SAT,context,186,True,False,False,0.6457590731403658,0.7984314689895666,3.2344561400000202,0.14023399999999997,11,379,11,0,
ordinary WFC,frequency,187,True,False,False,0.17358096113138172,1.6661621011996297,0.6367086490001839,,,380,0,0,
WFC-as-SAT,frequency,187,True,False,False,0.20334577071699023,1.8160794764213062,3.254721681999854,0.16377599999999992,232,625,232,0,
ordinary WFC,context,187,True,False,False,0.3570175270780729,0.5025218493419419,0.6116722369999934,,,358,0,0,
WFC-as-SAT,context,187,True,False,False,0.36877529323866887,0.5125784569928434,3.2136935609999,0.13288299999999964,0,361,0,0,
ordinary WFC,frequency,188,True,False,False,0.14502197245109483,1.5943914486343447,0.6272041380000246,,,372,0,0,
WFC-as-SAT,frequency,188,True,False,False,0.17033673057220292,1.5212219424455964,3.268762951999861,0.16485700000000003,236,624,236,0,
ordinary WFC,context,188,True,False,False,3.28144351762666,3.4465742603338563,0.4910541159999866,,,238,0,0,
WFC-as-SAT,context,188,True,False,False,3.218262142336934,3.396924389340834,3.2004552400001103,0.1326649999999998,0,345,0,0,
ordinary WFC,frequency,189,True,False,False,0.21952202555864803,1.7549158916373504,0.6504789149998942,,,379,0,0,
WFC-as-SAT,frequency,189,True,False,False,0.15384755036139183,1.7322041222053677,4.524962159000097,1.6149550000000001,1671,5157,1695,23,
ordinary WFC,context,189,True,False,False,0.3499517626277357,0.4965941450982883,0.5935529769999448,,,341,0,0,
WFC-as-SAT,context,189,True,False,False,0.385735313488244,0.5238241003938602,3.233304151000084,0.13259600000000038,3,345,3,0,
ordinary WFC,frequency,190,True,False,False,0.1908500868058965,1.5993298678043297,0.6451690209999015,,,382,0,0,
WFC-as-SAT,frequency,190,True,False,False,0.19064771123124338,1.4272389723384002,3.2425698600000032,0.16025,202,592,202,0,
ordinary WFC,context,190,True,False,False,0.7651873724456663,1.149386606479333,0.5255924210000558,,,308,0,0,
WFC-as-SAT,context,190,True,False,False,0.38026115741727906,0.5107348210843488,3.5242718160000095,0.37985000000000024,465,1076,466,1,
ordinary WFC,frequency,191,True,False,False,0.15672257727424266,1.5750557417381712,0.6407695430000331,,,375,0,0,
WFC-as-SAT,frequency,191,True,False,False,0.16158597319451698,1.5630290594063787,3.244776922000028,0.17098400000000025,254,643,254,0,
ordinary WFC,context,191,True,False,False,1.4945839443459363,1.7393843093498638,0.6444080220001069,,,378,0,0,
WFC-as-SAT,context,191,True,False,False,1.2190604982430266,1.4116575620086351,3.218066700999998,0.13676100000000035,2,377,2,0,
ordinary WFC,frequency,192,True,False,False,0.24523895587407918,1.5963905154288445,0.6536198829999194,,,376,0,0,
WFC-as-SAT,frequency,192,True,False,False,0.17443319310493466,1.345947285758799,3.5214303390000623,0.4269729999999998,590,1564,596,6,
ordinary WFC,context,192,True,False,False,0.35523522115855216,0.4985445093295846,0.621692646999918,,,365,0,0,
WFC-as-SAT,context,192,True,False,False,0.36049875082472443,0.5306551331937611,3.24460867300013,0.14123799999999997,48,377,48,0,
ordinary WFC,frequency,193,True,False,False,0.1400359061495125,1.6850743191849133,0.6480285780000941,,,378,0,0,
WFC-as-SAT,frequency,193,True,False,False,0.16026648614292596,1.6389414069273418,3.2544488620001175,0.16150300000000017,217,605,217,0,
ordinary WFC,context,193,True,False,False,0.59708698349186,0.8422467875748473,0.6221732199999224,,,353,0,0,
WFC-as-SAT,context,193,True,False,False,0.5431316378020704,0.7580412118491134,3.471608771999854,0.37851800000000013,322,959,323,1,
ordinary WFC,frequency,194,True,False,False,0.1864752647960785,1.75212425995099,0.6504004230000646,,,390,0,0,
WFC-as-SAT,frequency,194,True,False,False,0.17030383419313444,1.7121918331723267,3.2957585100000415,0.17472600000000016,220,647,221,1,
ordinary WFC,context,194,True,False,False,3.482769245649099,3.5454368204263695,0.7306309509999664,,,398,0,0,
WFC-as-SAT,context,194,True,False,False,3.482769245649099,3.5454368204263695,3.2809085199999117,0.1408109999999998,0,398,0,0,
ordinary WFC,frequency,195,True,False,False,0.15849111962903395,1.710815102566031,0.628676533000089,,,376,0,0,
WFC-as-SAT,frequency,195,True,False,False,0.17275774298250685,1.5143483146872585,3.2916789349999362,0.16576799999999992,235,625,235,0,
ordinary WFC,context,195,True,False,False,0.5200984313400853,0.6454314368112253,0.6424010189998626,,,365,0,0,
WFC-as-SAT,context,195,True,False,False,0.31526991253937653,0.43173351252277353,3.242909875000123,0.13401300000000038,2,359,2,0,
ordinary WFC,frequency,196,True,False,False,0.18192857221828307,1.5449087727613044,0.6487796060000619,,,386,0,0,
WFC-as-SAT,frequency,196,True,False,False,0.15603663499979362,1.6889326892229548,3.426881710999851,0.3378239999999999,466,1137,471,5,
ordinary WFC,context,196,True,False,False,0.6079765752774174,0.9607843889867742,0.5798547130000316,,,331,0,0,
WFC-as-SAT,context,196,True,False,False,1.0391719043533014,1.2603958985870192,3.473046803999978,0.19959000000000016,138,487,138,0,
ordinary WFC,frequency,197,True,False,False,0.16146201284024753,1.5217746044618854,0.6905396339998333,,,382,0,0,
WFC-as-SAT,frequency,197,True,False,False,0.20002467782049663,1.6869317473560026,6.514696916000048,3.2570580000000002,3642,11050,3698,54,
ordinary WFC,context,197,True,False,False,0.6006319863511083,0.7838109291872386,0.650805999999875,,,356,0,0,
WFC-as-SAT,context,197,True,False,False,0.6792241257438874,0.8288661504529973,3.4119437080000807,0.1393469999999999,11,375,11,0,
ordinary WFC,frequency,198,True,False,False,0.20176553967666275,1.7392999207942959,0.6647989129999132,,,383,0,0,
WFC-as-SAT,frequency,198,True,False,False,0.17469930468250783,1.779119668122416,3.3418905610001275,0.200094,289,795,290,1,
ordinary WFC,context,198,True,False,False,0.6522676247620467,0.8899705024844244,0.6708758050001506,,,351,0,0,
WFC-as-SAT,context,198,True,False,False,0.6475793794867871,0.8917018857248581,3.453888288999906,0.14555500000000032,49,376,49,0,
ordinary WFC,frequency,199,True,False,False,0.17753740154054354,1.6333859269090192,0.6456814119999308,,,384,0,0,
WFC-as-SAT,frequency,199,True,False,False,0.1864760231647408,1.655176077882867,3.3195307680000496,0.1724070000000002,238,672,239,1,
ordinary WFC,context,199,True,False,False,0.3881409026234829,0.5452936511296422,0.599825692999957,,,338,0,0,
WFC-as-SAT,context,199,True,False,False,0.4207495023370508,0.5793699783713602,3.4418909959999837,0.13462900000000033,3,352,3,0,
ordinary WFC,frequency,200,True,False,False,0.19491358069467613,1.7229027879856174,0.6834703900001387,,,385,0,0,
WFC-as-SAT,frequency,200,True,False,False,0.14744016799421236,1.642612554141419,3.50026628899991,0.33190799999999987,385,1027,386,1,
ordinary WFC,context,200,True,False,False,0.3713187317788693,0.4740994516590623,0.6466191530000742,,,375,0,0,
WFC-as-SAT,context,200,True,False,False,0.33101299915472526,0.426301743585591,3.8645355159999326,0.15372999999999992,5,372,5,0,
ordinary WFC,frequency,201,True,False,False,0.17905185419622668,1.7066375559953364,0.7177099299999554,,,383,0,0,
WFC-as-SAT,frequency,201,True,False,False,0.20455062904986143,1.7358525012230968,4.005849368999861,0.5253830000000002,620,1827,628,8,
ordinary WFC,context,201,True,False,False,1.064524661693084,1.3167327637675343,0.6378670990000046,,,374,0,0,
WFC-as-SAT,context,201,True,False,False,0.4118778218368416,0.6128385457275795,3.2926080600000205,0.13863099999999973,9,381,9,0,
ordinary WFC,frequency,202,True,False,False,0.2132515252601928,1.6266036752194353,0.6455041829999573,,,377,0,0,
WFC-as-SAT,frequency,202,True,False,False,0.1943832644243707,1.509931270626223,4.447765425999933,0.1987000000000001,238,696,239,1,
ordinary WFC,context,202,True,False,False,0.8657337831953019,1.0988143259052243,0.6090856390001136,,,333,0,0,
WFC-as-SAT,context,202,True,False,False,0.8836961604844712,1.1292637534222845,3.9709309079999002,0.165597,4,355,4,0,
ordinary WFC,frequency,203,True,False,False,0.1725681997819798,1.771075623579178,0.7341990569998416,,,386,0,0,
WFC-as-SAT,frequency,203,True,False,False,0.19792697739430842,1.6264644362017249,4.2570150009999,0.420585,524,1351,529,5,
ordinary WFC,context,203,True,False,False,0.34975752827611895,0.4974632834642667,0.5818594859999848,,,337,0,0,
WFC-as-SAT,context,203,True,False,False,0.34389826958730463,0.4913940809249673,3.3124990169999364,0.14398199999999983,10,353,10,0,
ordinary WFC,frequency,204,True,False,False,0.1609265913757373,1.6430157040618925,0.680265737000127,,,383,0,0,
WFC-as-SAT,frequency,204,True,False,False,0.24570089232777043,1.8187957358225195,3.615912356999843,0.47762800000000016,646,1734,651,5,
ordinary WFC,context,204,True,False,False,0.3919061474430321,0.5257869012236694,0.6301024750000579,,,355,0,0,
WFC-as-SAT,context,204,True,False,False,0.6983382352664964,0.9042917958334605,3.2617955489999986,0.13431399999999982,1,363,1,0,
ordinary WFC,frequency,205,True,False,False,0.18472827976772804,1.6059194360093285,0.6674645299999611,,,385,0,0,
WFC-as-SAT,frequency,205,True,False,False,0.1709019501808415,1.6821430715956713,3.4177815360001205,0.31648600000000027,349,1001,352,3,
ordinary WFC,context,205,True,False,False,0.40768459354249553,0.5465286906436916,0.6443100100000265,,,372,0,0,
WFC-as-SAT,context,205,True,False,False,0.3959112170171045,0.5911491910378177,3.277153050999914,0.1344470000000002,13,367,13,0,
ordinary WFC,frequency,206,True,False,False,0.1760802636353821,1.8877013504272706,0.6448531700000331,,,384,0,0,
WFC-as-SAT,frequency,206,True,False,False,0.17718306813766743,1.5557613205306762,3.4156879390000086,0.3346580000000001,424,1093,425,1,
ordinary WFC,context,206,True,False,False,0.6684602654365214,0.8214313817876822,0.6480351220000102,,,365,0,0,
WFC-as-SAT,context,206,True,False,False,0.270317943093471,0.5548616859111554,3.2407778409999537,0.15810299999999966,75,435,75,0,
ordinary WFC,frequency,207,True,False,False,0.1838657524624,1.8345132806794626,0.6278138560001025,,,384,0,0,
WFC-as-SAT,frequency,207,True,False,False,0.20959360939921245,1.5841949497005208,3.3716119250000247,0.292262,317,904,318,1,
ordinary WFC,context,207,True,False,False,1.0772068581072705,1.3246327017488342,0.6101327620001484,,,329,0,0,
WFC-as-SAT,context,207,True,False,False,0.7871437528970976,1.0034012552545983,3.32091007300005,0.21321199999999996,64,606,65,1,
ordinary WFC,frequency,208,True,False,False,0.18317291069528643,1.5865143151712913,0.6592484760001298,,,383,0,0,
WFC-as-SAT,frequency,208,True,False,False,0.20189425538617092,1.5105308390423426,3.37777155699996,0.28870400000000007,324,908,327,3,
ordinary WFC,context,208,True,False,False,0.2775850259713845,0.4572889905736103,0.5733353460000217,,,341,0,0,
WFC-as-SAT,context,208,True,False,False,0.4306936640265268,0.5584274040898287,4.148577740000064,0.14709899999999987,3,355,3,0,
ordinary WFC,frequency,209,True,False,False,0.186166044307336,1.8426751004070379,0.6813857800000278,,,383,0,0,
WFC-as-SAT,frequency,209,True,False,False,0.17800339642074364,1.8000863124165165,3.7236067000001185,0.18711900000000004,238,661,239,1,
ordinary WFC,context,209,True,False,False,0.5222093797017738,0.6411020657314372,1.0172939999999926,,,381,0,0,
WFC-as-SAT,context,209,True,False,False,0.44598015024202126,0.5634714829423232,4.126559502999953,0.15666099999999972,5,378,5,0,
ordinary WFC,frequency,210,True,False,False,0.1811094572701735,1.4964093716891689,0.7305811539999922,,,382,0,0,
WFC-as-SAT,frequency,210,True,False,False,0.21483048627633763,1.76161710071836,4.159998525999981,0.15887399999999996,174,560,174,0,
ordinary WFC,context,210,True,False,False,0.4062693216911234,0.61179173460443,0.586997268999994,,,337,0,0,
WFC-as-SAT,context,210,True,False,False,0.5000559470861534,0.6538568989531931,3.509604176000039,0.17421599999999993,38,487,39,1,
ordinary WFC,frequency,211,True,False,False,0.20058132857680938,1.4255842467020952,0.8474158090000401,,,383,0,0,
WFC-as-SAT,frequency,211,True,False,False,0.1789329566235126,1.5335897237789413,4.4739830420001,0.30592099999999967,347,782,348,1,
ordinary WFC,context,211,True,False,False,0.43976886712650165,0.5533190074238531,0.9257043160000649,,,347,0,0,
WFC-as-SAT,context,211,True,False,False,0.30855026413523945,0.4456306564251198,4.454359790999888,0.15317899999999973,4,368,4,0,
ordinary WFC,frequency,212,True,False,False,0.19938753075979432,1.593959185382758,0.8595479870000418,,,387,0,0,
WFC-as-SAT,frequency,212,True,False,False,0.20063682543338612,1.835377237318447,3.7384278350000386,0.37399999999999967,427,1207,433,6,
ordinary WFC,context,212,True,False,False,0.3401343228278076,0.4785763889868256,0.6425168650000614,,,351,0,0,
WFC-as-SAT,context,212,True,False,False,0.3102944209106221,0.47633926797161974,3.4144515129999036,0.148212,19,382,19,0,
ordinary WFC,frequency,213,True,False,False,0.19760725392567308,1.7753488545274256,0.7737880120000682,,,385,0,0,
WFC-as-SAT,frequency,213,True,False,False,0.17622499681348508,1.6462511771421895,3.973138385999846,0.7065089999999996,883,2531,893,10,
ordinary WFC,context,213,True,False,False,0.5114551450866286,0.6664057149360864,0.6899694249998447,,,374,0,0,
WFC-as-SAT,context,213,True,False,False,0.41122993537748864,0.5396375168267249,3.410415551000142,0.14143099999999986,5,373,5,0,
ordinary WFC,frequency,214,True,False,False,0.1933004806495368,1.53970747245955,0.6950286539999979,,,385,0,0,
WFC-as-SAT,frequency,214,True,False,False,0.21199420052930548,1.544489541923464,3.904315362000034,0.5834860000000002,704,1962,710,6,
ordinary WFC,context,214,True,False,False,0.517393878239383,0.7076449427397239,0.6334787790001428,,,336,0,0,
WFC-as-SAT,context,214,True,False,False,0.5510508090568701,0.7404707956102611,3.4725962620000246,0.1436200000000003,9,370,9,0,
ordinary WFC,frequency,215,True,False,False,0.1883219187550796,1.7895324339951477,0.6793972519999443,,,380,0,0,
WFC-as-SAT,frequency,215,True,False,False,0.16521094168175934,1.7106132998896277,3.5014675380000426,0.1743800000000002,213,600,213,0,
ordinary WFC,context,215,True,False,False,0.4687403036818754,0.607900235832691,0.623755797000058,,,346,0,0,
WFC-as-SAT,context,215,True,False,False,0.42191616619571715,0.5634523655330408,3.405484824999803,0.1386289999999999,4,356,4,0,
ordinary WFC,frequency,216,True,False,False,0.1784231160001044,1.6619820878795672,0.695449705000101,,,384,0,0,
WFC-as-SAT,frequency,216,True,False,False,0.1692842178518173,1.604100234522828,3.745241260000057,0.444569,533,1476,535,2,
ordinary WFC,context,216,True,False,False,0.6840505953432473,0.8152753963347896,0.6875550139998268,,,372,0,0,
WFC-as-SAT,context,216,True,False,False,0.6084018247563533,0.7617003770116871,3.4078223939998225,0.14402800000000004,10,364,10,0,
ordinary WFC,frequency,217,True,False,False,0.18905238858898263,1.6070063357399051,0.6833242909999626,,,372,0,0,
WFC-as-SAT,frequency,217,True,False,False,0.16464450025804603,1.6995815234000016,4.070690381000077,0.5811549999999999,768,2037,774,6,
ordinary WFC,context,217,True,False,False,0.8011837047271128,1.005837438086177,0.7408662959999219,,,345,0,0,
WFC-as-SAT,context,217,True,False,False,0.38775575815820074,0.5214555062608134,3.6190789480001513,0.146096,3,343,3,0,
ordinary WFC,frequency,218,True,False,False,0.18535101823696543,1.8418309139294096,0.6787666739999167,,,381,0,0,
WFC-as-SAT,frequency,218,True,False,False,0.19981192044614368,1.7224127111242922,3.9116632200000367,0.48827299999999996,654,1736,667,13,
ordinary WFC,context,218,True,False,False,0.4391047553822438,0.5828963276287854,0.6288643149998734,,,342,0,0,
WFC-as-SAT,context,218,True,False,False,0.3652657576992795,0.506247468952965,3.4330656090000957,0.14053399999999971,2,356,2,0,
ordinary WFC,frequency,219,True,False,False,0.16383345601297444,1.433159156324349,0.6733338070000627,,,370,0,0,
WFC-as-SAT,frequency,219,True,False,False,0.2269253513860322,1.595100609782623,3.6363229189998947,0.3769469999999999,374,1145,376,2,
ordinary WFC,context,219,True,False,False,0.552132447388361,0.7559145783390966,0.6859550130000116,,,361,0,0,
WFC-as-SAT,context,219,True,False,False,0.4041438824721804,0.5760465865804393,3.418951395000022,0.15292700000000004,60,411,60,0,
ordinary WFC,frequency,220,True,False,False,0.18885250052560457,1.601843281971968,0.7732810770000924,,,382,0,0,
WFC-as-SAT,frequency,220,True,False,False,0.1867402990814764,1.7261404506314755,4.342849705000162,0.22638200000000008,270,788,272,2,
ordinary WFC,context,220,True,False,False,0.4919276574004457,0.7743135505491856,0.6503473549998944,,,357,0,0,
WFC-as-SAT,context,220,True,False,False,0.6326744258302199,0.8376692224287684,3.9700751240000045,0.3255889999999999,129,882,131,2,
ordinary WFC,frequency,221,True,False,False,0.19062699640016323,2.025215202347907,0.7062004389999856,,,383,0,0,
WFC-as-SAT,frequency,221,True,False,False,0.21490301217549046,1.6732830941694565,7.289525034999997,3.6083819999999998,4339,12285,4395,54,
ordinary WFC,context,221,True,False,False,2.5126562766816574,2.68319034369611,0.608257291999962,,,400,0,0,
WFC-as-SAT,context,221,True,False,False,2.5126562766816574,2.68319034369611,3.690908626999999,0.14515400000000023,0,400,0,0,
ordinary WFC,frequency,222,True,False,False,0.20421982472456376,1.6361043647985203,0.7191194140000334,,,390,0,0,
WFC-as-SAT,frequency,222,True,False,False,0.20930467121372054,1.5861198998000385,3.5918822329999784,0.1692499999999999,193,581,193,0,
ordinary WFC,context,222,True,False,False,2.8633385874272874,2.941481482683959,0.6214219920000232,,,329,0,0,
WFC-as-SAT,context,222,True,False,False,2.8633385874272874,2.941481482683959,3.6458940029999667,0.13989699999999994,0,329,0,0,
ordinary WFC,frequency,223,True,False,False,0.20418668291806594,1.603454696212452,0.8647467099999631,,,375,0,0,
WFC-as-SAT,frequency,223,True,False,False,0.19111173769091555,1.674773605697098,4.1233694110001124,0.18728999999999996,217,597,217,0,
ordinary WFC,context,223,True,False,False,0.35521047875149814,0.46841029047290295,0.8004630920002,,,369,0,0,
WFC-as-SAT,context,223,True,False,False,0.6262270335421802,0.7717503787228079,3.900624275999917,0.14761700000000033,0,388,0,0,
ordinary WFC,frequency,224,True,False,False,0.17053158666644302,1.7293155528196795,0.712211127000046,,,382,0,0,
WFC-as-SAT,frequency,224,True,False,False,0.220400539245067,1.611034782279387,3.6491588170001705,0.172558,191,581,191,0,
ordinary WFC,context,224,True,False,False,0.48340790469819517,0.6545691590844707,0.5983599799999411,,,331,0,0,
WFC-as-SAT,context,224,True,False,False,0.4191628386905407,0.5443606501217946,3.2661413399998764,0.13291999999999993,4,350,4,0,
ordinary WFC,frequency,225,True,False,False,0.2099738867729858,1.6754969465273664,0.6688465959998666,,,389,0,0,
WFC-as-SAT,frequency,225,True,False,False,0.19591984670245954,1.4118335548004821,3.792676821999976,0.5098889999999998,594,1808,602,8,
ordinary WFC,context,225,True,False,False,0.35783320293995824,0.4717132495468957,0.6314254349999828,,,360,0,0,
WFC-as-SAT,context,225,True,False,False,0.5301182602108571,0.6794155219213875,3.4889209959999334,0.1528100000000001,3,382,3,0,
ordinary WFC,frequency,226,True,False,False,0.1935280737857121,1.6098328160831383,0.6931333590000577,,,384,0,0,
WFC-as-SAT,frequency,226,True,False,False,0.1990446298223226,1.5925167456714577,3.819229931000109,0.24723099999999976,318,710,318,0,
ordinary WFC,context,226,True,False,False,0.6071096129169293,0.7616202787322925,0.6859478889998627,,,367,0,0,
WFC-as-SAT,context,226,True,False,False,0.5069513215700895,0.6395847142445483,3.688672287999907,0.13797399999999982,7,372,7,0,
ordinary WFC,frequency,227,True,False,False,0.17788095359410086,1.7572516307211143,0.7584812589998364,,,383,0,0,
WFC-as-SAT,frequency,227,True,False,False,0.18594855912747657,1.7224287104730929,4.251365576999888,0.17822700000000014,196,581,196,0,
ordinary WFC,context,227,True,False,False,0.6420577247916811,0.8285272874206955,0.6577816959998017,,,368,0,0,
WFC-as-SAT,context,227,True,False,False,0.5861342665090735,0.754555629362529,3.5256018530001256,0.18997900000000012,167,545,167,0,
ordinary WFC,frequency,228,True,False,False,0.15779489814848288,1.427990718062,0.6668360549999761,,,378,0,0,
WFC-as-SAT,frequency,228,True,False,False,0.19416528632112526,1.5237820393448176,3.721352469999829,0.43018800000000024,504,1449,509,5,
ordinary WFC,context,228,True,False,False,2.954338291362468,3.0410872862678717,0.56906667200019,,,307,0,0,
WFC-as-SAT,context,228,True,False,False,2.9775553215899717,3.057432231797512,3.4333652119998987,0.16818899999999992,134,448,134,0,
ordinary WFC,frequency,229,True,False,False,0.16157467734406977,1.6696902630141666,0.6874705370000811,,,382,0,0,
WFC-as-SAT,frequency,229,True,False,False,0.19211014741996918,1.7378142622861144,3.6956767940000645,0.41644099999999984,527,1363,531,4,
ordinary WFC,context,229,True,False,False,0.6203453152741982,0.7840273929104772,0.6584585750001679,,,366,0,0,
WFC-as-SAT,context,229,True,False,False,0.6686372948277942,0.8297307161596941,3.420764186000042,0.15038699999999983,41,413,41,0,
ordinary WFC,frequency,230,True,False,False,0.1885933029064484,1.5684890807963894,0.6952833960001499,,,387,0,0,
WFC-as-SAT,frequency,230,True,False,False,0.17247760375885968,1.7161258593436985,3.454957906000118,0.17206699999999975,230,618,230,0,
ordinary WFC,context,230,True,False,False,2.834648201991948,2.9152527583146854,0.6113397019998956,,,324,0,0,
WFC-as-SAT,context,230,True,False,False,2.872353777328915,2.964635366955047,3.4214591310001197,0.1471549999999997,57,382,57,0,
ordinary WFC,frequency,231,True,False,False,0.16806482467413414,1.6670766707013966,0.6867152320000969,,,380,0,0,
WFC-as-SAT,frequency,231,True,False,False,0.17562804154098768,1.5671919972119752,3.447142028999906,0.17366700000000002,237,628,237,0,
ordinary WFC,context,231,True,False,False,0.91477813314225,1.1169103428432448,0.6664028809998399,,,363,0,0,
WFC-as-SAT,context,231,True,False,False,0.6799988516010004,0.8548434438918171,3.495879787999911,0.1554359999999999,46,408,46,0,
ordinary WFC,frequency,232,True,False,False,0.19364485745902557,1.5243916821076164,0.688608492999947,,,383,0,0,
WFC-as-SAT,frequency,232,True,False,False,0.19807389508000955,1.5744744913632809,3.635256505000143,0.3345020000000001,370,1014,371,1,
ordinary WFC,context,232,True,False,False,0.6016749074789192,0.7421930115632499,0.7419534979999298,,,356,0,0,
WFC-as-SAT,context,232,True,False,False,0.33734191368701355,0.46485975006927616,3.4517718499998864,0.1476980000000001,28,387,28,0,
ordinary WFC,frequency,233,True,False,False,0.16902087796207443,1.5879577831968164,0.6693710670001565,,,379,0,0,
WFC-as-SAT,frequency,233,True,False,False,0.18889674041860638,1.4541264072851998,3.453848072000028,0.16539100000000007,190,576,190,0,
ordinary WFC,context,233,True,False,False,0.3945944313649328,0.5366309136870543,0.6187702719998924,,,336,0,0,
WFC-as-SAT,context,233,True,False,False,0.38206034278301587,0.6006295363051675,3.438065788999893,0.14462299999999972,9,347,9,0,
ordinary WFC,frequency,234,True,False,False,0.17446509384466713,1.6472758997764592,0.6918216280000706,,,386,0,0,
WFC-as-SAT,frequency,234,True,False,False,0.1903924448853001,1.6779614208748006,3.9498416530000213,0.6509370000000003,940,2453,955,15,
ordinary WFC,context,234,True,False,False,0.5036379557755486,0.6650892868824874,0.6453958279998915,,,361,0,0,
WFC-as-SAT,context,234,True,False,False,0.5545221220839428,0.7218436686120182,3.4291680700000597,0.1399140000000001,1,368,1,0,
ordinary WFC,frequency,235,True,False,False,0.23355565314550303,1.5700236488649675,0.6854094800000894,,,378,0,0,
WFC-as-SAT,frequency,235,True,False,False,0.1814691212104066,1.6357873474939757,3.6941742310000336,0.35688200000000014,401,1086,402,1,
ordinary WFC,context,235,True,False,False,0.9078128674760276,1.1091871167443281,0.6658217110000351,,,378,0,0,
WFC-as-SAT,context,235,True,False,False,0.5806236155987946,0.8062089027225667,3.41786281099985,0.15325500000000014,46,392,46,0,
ordinary WFC,frequency,236,True,False,False,0.13584040183004248,1.5593373561708255,0.6841999579999083,,,382,0,0,
WFC-as-SAT,frequency,236,True,False,False,0.18605963016919158,1.7325789796673374,3.4328933500000858,0.1696789999999999,209,594,209,0,
ordinary WFC,context,236,True,False,False,0.37975513289409785,0.4933774837574172,0.6239805110001271,,,353,0,0,
WFC-as-SAT,context,236,True,False,False,0.384938131628421,0.5568074597453959,3.436738604999846,0.14976000000000012,31,389,31,0,
ordinary WFC,frequency,237,True,False,False,0.19533876105563774,1.536209341745036,0.6907224349999979,,,384,0,0,
WFC-as-SAT,frequency,237,True,False,False,0.18852480723312537,1.4723338855238732,3.5230027990000963,0.17286599999999996,228,615,228,0,
ordinary WFC,context,237,True,False,False,0.3471156375822721,0.48899963815689285,0.6472740110000359,,,355,0,0,
WFC-as-SAT,context,237,True,False,False,0.5977853363642337,0.7899260256582891,3.4249739490001048,0.1416789999999999,5,362,5,0,
ordinary WFC,frequency,238,True,False,False,0.18288109220412732,1.6285066330950297,0.6847471399998994,,,380,0,0,
WFC-as-SAT,frequency,238,True,False,False,0.18208776695177237,1.5450325077548832,3.6018907999998646,0.3216450000000002,344,998,346,2,
ordinary WFC,context,238,True,False,False,1.0034478077857172,1.2480211089696807,0.7241875350000555,,,344,0,0,
WFC-as-SAT,context,238,True,False,False,0.6011128696289907,0.8867727808489062,3.4428933560000132,0.171157,110,450,110,0,
ordinary WFC,frequency,239,True,False,False,0.1826372809753435,1.5588802931717136,0.6948606589999144,,,389,0,0,
WFC-as-SAT,frequency,239,True,False,False,0.2155959532618662,1.8240129129860903,3.6289063890001216,0.29281199999999963,317,850,318,1,
ordinary WFC,context,239,True,False,False,2.8035359218659144,3.014406204304986,0.7343734849998782,,,396,0,0,
WFC-as-SAT,context,239,True,False,False,1.4089766424357342,1.6779355153372664,3.4572451680000995,0.14022699999999988,3,376,3,0,
ordinary WFC,frequency,240,True,False,False,0.18923633504519624,1.6345699667726525,0.6582897660000526,,,389,0,0,
WFC-as-SAT,frequency,240,True,False,False,0.17547268785000783,1.5766081906893046,3.7918965740000203,0.6065619999999998,770,2227,779,9,
ordinary WFC,context,240,True,False,False,0.5174560397006691,0.6590616354651536,0.6446386289999282,,,368,0,0,
WFC-as-SAT,context,240,True,False,False,0.6733505560522186,0.8093116277751722,3.3206601649999357,0.13837600000000005,11,384,11,0,
ordinary WFC,frequency,241,True,False,False,0.2065904335247644,1.5627470115974689,0.6543955749998531,,,382,0,0,
WFC-as-SAT,frequency,241,True,False,False,0.19430720420694148,1.8041323518140608,3.9294633410002007,0.5070220000000001,555,1672,564,9,
ordinary WFC,context,241,True,False,False,0.4295156740276075,0.5673536220329849,0.6630319269997926,,,355,0,0,
WFC-as-SAT,context,241,True,False,False,0.43644658374399087,0.5749318251073476,3.427321443999972,0.13744900000000015,0,350,0,0,
ordinary WFC,frequency,242,True,False,False,0.14981066747595942,1.6334906455317124,0.6760547510002652,,,378,0,0,
WFC-as-SAT,frequency,242,True,False,False,0.13180741438359062,1.6094426034796607,3.459895795999728,0.1725439999999998,227,615,227,0,
ordinary WFC,context,242,True,False,False,0.28723198244813497,0.405871691216198,0.6416406700000152,,,356,0,0,
WFC-as-SAT,context,242,True,False,False,0.5314191021793515,0.6905564505773871,3.418524392999643,0.14041000000000015,2,365,2,0,
ordinary WFC,frequency,243,True,False,False,0.15600859745584125,1.4937879660051314,0.6480552389998593,,,367,0,0,
WFC-as-SAT,frequency,243,True,False,False,0.19778083497388854,1.8084270541340068,3.596199464000165,0.30396,301,888,302,1,
ordinary WFC,context,243,True,False,False,0.40142585840019646,0.5499426137617113,0.6359727909998583,,,363,0,0,
WFC-as-SAT,context,243,True,False,False,0.3640002725379626,0.4926062380167955,3.472308608000276,0.14307999999999987,10,368,10,0,
ordinary WFC,frequency,244,True,False,False,0.15462766841936426,1.661296594547057,0.6799764320003305,,,385,0,0,
WFC-as-SAT,frequency,244,True,False,False,0.21350890428206384,1.7466015606891883,6.560438744000294,3.4220669999999997,4038,12132,4080,40,
ordinary WFC,context,244,True,False,False,0.3730232843976527,0.6132760856360713,0.5898260989997652,,,348,0,0,
WFC-as-SAT,context,244,True,False,False,0.7576619949268167,1.0781182431789367,3.424413338999784,0.17393800000000015,116,490,116,0,
ordinary WFC,frequency,245,True,False,False,0.21997892153389992,1.686006046998625,0.7153823869998632,,,383,0,0,
WFC-as-SAT,frequency,245,True,False,False,0.17349051837067497,1.6471657174108407,3.5077157499999885,0.17585400000000018,231,613,231,0,
ordinary WFC,context,245,True,False,False,1.0959274473854894,1.342497047322817,0.6897510210001201,,,367,0,0,
WFC-as-SAT,context,245,True,False,False,0.7386943999664612,0.9616303869877593,3.4094865540000683,0.1441349999999999,12,379,12,0,
ordinary WFC,frequency,246,True,False,False,0.19322754639128192,1.660364211413761,0.6950976670000273,,,387,0,0,
WFC-as-SAT,frequency,246,True,False,False,0.18812975506327054,1.575714343949727,3.8066780230001314,0.46609299999999987,495,1508,499,4,
ordinary WFC,context,246,True,False,False,0.46522125791829233,0.636491328460634,0.6283272440000474,,,346,0,0,
WFC-as-SAT,context,246,True,False,False,0.7461931853551331,0.9908855004164946,3.442498758000056,0.15709700000000026,51,409,51,0,
ordinary WFC,frequency,247,True,False,False,0.21474329691599095,1.6040147431431921,0.6715228230000321,,,376,0,0,
WFC-as-SAT,frequency,247,True,False,False,0.16259020549636571,1.8071478393667786,3.4651817100002518,0.1798090000000001,221,608,221,0,
ordinary WFC,context,247,True,False,False,0.40131002654142117,0.7143055794806742,0.6113575419999506,,,327,0,0,
WFC-as-SAT,context,247,True,False,False,1.3071766944696075,1.6705561785459355,3.4778332289997707,0.18332399999999982,152,483,152,0,
ordinary WFC,frequency,248,True,False,False,0.21681418542539294,1.7031078461618319,0.7527246719996583,,,380,0,0,
WFC-as-SAT,frequency,248,True,False,False,0.19713864642631052,1.7446591671172926,3.4662279859999217,0.1662779999999997,213,596,213,0,
ordinary WFC,context,248,True,False,False,3.0323995317444665,3.115559722855793,0.6294812169999204,,,332,0,0,
WFC-as-SAT,context,248,True,False,False,3.0323995317444665,3.115559722855793,3.4491874420000386,0.1367750000000001,0,332,0,0,
ordinary WFC,frequency,249,True,False,False,0.17353502050436032,1.6643835269256206,0.7402389760000005,,,383,0,0,
WFC-as-SAT,frequency,249,True,False,False,0.17195158578937286,1.5166823340145943,3.4732676399999036,0.16725099999999982,203,587,203,0,
ordinary WFC,context,249,True,False,False,1.0019048954191125,1.2932069934181747,0.6049337780000315,,,350,0,0,
WFC-as-SAT,context,249,True,False,False,0.4152345452429518,0.6184454369726171,3.4103222990001996,0.1487989999999999,41,371,41,0,
ordinary WFC,frequency,250,True,False,False,0.16166286761286672,1.7991939858635098,0.6775773239996852,,,382,0,0,
WFC-as-SAT,frequency,250,True,False,False,0.20059474965272675,1.7190699022038565,3.9766964390000794,0.324929,330,990,331,1,
ordinary WFC,context,250,True,False,False,0.28435933914479017,0.5448671664774359,0.7321223710000595,,,366,0,0,
WFC-as-SAT,context,250,True,False,False,0.3673717466668963,0.4998496972321911,3.4334468530000777,0.14927400000000013,33,401,33,0,
ordinary WFC,frequency,251,True,False,False,0.14843474161184173,1.6875111827894664,0.810369379000349,,,377,0,0,
WFC-as-SAT,frequency,251,True,False,False,0.21343155650954618,1.5051319265418748,3.9201523000001544,0.3596700000000004,374,1103,379,5,
ordinary WFC,context,251,True,False,False,0.3928376168345026,0.642793219856423,0.6489230189999944,,,328,0,0,
WFC-as-SAT,context,251,True,False,False,0.47641981303611247,0.6249896788508985,3.9193910349999896,0.398539,129,1000,132,3,
ordinary WFC,frequency,252,True,False,False,0.16691674426781145,1.6016368237372547,1.005412121000063,,,385,0,0,
WFC-as-SAT,frequency,252,True,False,False,0.17979990478221022,1.8801046134181167,3.7845517690002453,0.38022899999999993,388,1123,390,2,
ordinary WFC,context,252,True,False,False,0.46592108284213496,0.732713975691341,0.7259879859998364,,,377,0,0,
WFC-as-SAT,context,252,True,False,False,0.4574662656690297,0.5969510935290332,3.6586789949997183,0.38227100000000025,174,1091,176,2,
ordinary WFC,frequency,253,True,False,False,0.17877952913836323,1.616989059275423,0.6869860179999705,,,381,0,0,
WFC-as-SAT,frequency,253,True,False,False,0.1804458084787431,1.6394050548349008,3.434611990999656,0.1715629999999999,220,605,220,0,
ordinary WFC,context,253,True,False,False,0.47498808002690884,0.7253515900387149,0.6764936839999791,,,349,0,0,
WFC-as-SAT,context,253,True,False,False,0.5176092488740411,0.8115260548934939,3.4262261859998944,0.1385970000000003,2,339,2,0,
ordinary WFC,frequency,254,True,False,False,0.17388879016011524,1.8473042243427316,0.6669755810003153,,,379,0,0,
WFC-as-SAT,frequency,254,True,False,False,0.2158440809284155,1.5625438432749361,3.758914300000015,0.4697140000000002,485,1485,489,4,
ordinary WFC,context,254,True,False,False,0.4635377347877574,0.6060537479626231,0.6765714769999249,,,368,0,0,
WFC-as-SAT,context,254,True,False,False,0.41181517643984156,0.5280934710798969,3.503035829000055,0.1422920000000003,3,379,3,0,
ordinary WFC,frequency,255,True,False,False,0.1902146583588513,1.3989626096272536,0.6822648600000321,,,382,0,0,
WFC-as-SAT,frequency,255,True,False,False,0.19468148330541565,1.5467835673445582,3.7947548980000647,0.4778789999999997,593,1615,598,5,
ordinary WFC,context,255,True,False,False,0.3046553056158711,0.5107807396256625,0.6093255369996768,,,336,0,0,
WFC-as-SAT,context,255,True,False,False,0.44078908740577527,0.7237910752896511,3.5541821950000667,0.14407900000000007,7,365,7,0,
ordinary WFC,frequency,256,True,False,False,0.15273297623871854,1.7951357136863078,0.6801057800003036,,,380,0,0,
WFC-as-SAT,frequency,256,True,False,False,0.1847657444885654,1.7769259140360774,3.484512036000069,0.16624600000000012,207,591,207,0,
ordinary WFC,context,256,True,False,False,0.3419015808610336,0.5255648802491201,0.6340918470000361,,,343,0,0,
WFC-as-SAT,context,256,True,False,False,0.3366499069790422,0.45331386775262716,3.429961909999747,0.14211899999999966,15,364,15,0,
ordinary WFC,frequency,257,True,False,False,0.1978473591526367,1.67962085912513,0.6968961490001675,,,390,0,0,
WFC-as-SAT,frequency,257,True,False,False,0.1335139564513556,1.6542059364794182,5.16048734099968,1.9754109999999998,2017,6224,2050,32,
ordinary WFC,context,257,True,False,False,0.4233102649211136,0.593486205367807,0.6761790120003752,,,370,0,0,
WFC-as-SAT,context,257,True,False,False,0.41884578839296466,0.5732166701905047,3.4118251569998392,0.14395099999999994,18,383,18,0,
ordinary WFC,frequency,258,True,False,False,0.15472851823896464,1.6740124976924233,0.6856503770000018,,,384,0,0,
WFC-as-SAT,frequency,258,True,False,False,0.19201908967621908,1.6755911302199167,3.6239970919996267,0.33120899999999986,375,996,376,1,
ordinary WFC,context,258,True,False,False,1.2057616870827703,1.4513384600115393,0.6307521670000824,,,363,0,0,
WFC-as-SAT,context,258,True,False,False,1.2627730595862063,1.5218536225617298,3.426859424000213,0.14539100000000005,23,381,23,0,
ordinary WFC,frequency,259,True,False,False,0.17145488409588144,1.609981063120515,0.7599406909998834,,,384,0,0,
WFC-as-SAT,frequency,259,True,False,False,0.19274250912116692,1.6313073996795187,3.437574487999882,0.16118699999999997,167,550,167,0,
ordinary WFC,context,259,True,False,False,0.2747972598629421,0.47093393531106287,0.664436958999886,,,358,0,0,
WFC-as-SAT,context,259,True,False,False,0.26058273527992026,0.42762298183110076,3.4572007830001894,0.14203299999999963,10,359,10,0,
ordinary WFC,frequency,260,True,False,False,0.1380302677023619,1.6824782426507912,0.7386147560000609,,,382,0,0,
WFC-as-SAT,frequency,260,True,False,False,0.15116813990050879,1.6750020740129472,3.5478586449999057,0.25001399999999974,339,724,339,0,
ordinary WFC,context,260,True,False,False,1.2595017811444658,1.5153029071473187,0.5974745620001158,,,370,0,0,
WFC-as-SAT,context,260,True,False,False,0.32752836861473805,0.45428933024763535,3.5230346119997193,0.23010200000000003,123,654,124,1,
ordinary WFC,frequency,261,True,False,False,0.14115724071701638,1.5701216355580987,0.6778463380001085,,,382,0,0,
WFC-as-SAT,frequency,261,True,False,False,0.2053775150842067,1.7586090909212388,3.46725887599996,0.19757200000000008,263,731,264,1,
ordinary WFC,context,261,True,False,False,0.6215908857769642,0.8070264653405064,0.6927899980000802,,,361,0,0,
WFC-as-SAT,context,261,True,False,False,0.5874644770220052,0.7921021528044775,3.505918133999785,0.15140999999999982,8,356,8,0,
ordinary WFC,frequency,262,True,False,False,0.17536463528006052,1.7909296685965752,0.6889533479998136,,,385,0,0,
WFC-as-SAT,frequency,262,True,False,False,0.20132078724883426,1.7655753985168587,3.4395774370000254,0.17112799999999995,232,617,232,0,
ordinary WFC,context,262,True,False,False,0.5009269040605303,0.6937009127536268,0.6300324759999967,,,335,0,0,
WFC-as-SAT,context,262,True,False,False,0.4942594051022191,0.7152244383504174,3.42203356500022,0.14287600000000023,13,350,13,0,
ordinary WFC,frequency,263,True,False,False,0.19749075535570104,1.5761039506874963,0.7037847249998777,,,388,0,0,
WFC-as-SAT,frequency,263,True,False,False,0.1406538820630048,1.5745496519679836,3.7962063959998886,0.5148400000000004,545,1690,554,9,
ordinary WFC,context,263,True,False,False,0.7424761056734592,0.90921115857806,0.6795550020001428,,,377,0,0,
WFC-as-SAT,context,263,True,False,False,0.4009757659101681,0.6055062242373057,3.4339544310000747,0.149775,16,375,16,0,
ordinary WFC,frequency,264,True,False,False,0.20058215989648404,1.5739428261228179,0.6969055669997033,,,390,0,0,
WFC-as-SAT,frequency,264,True,False,False,0.17947527219106227,1.5413099524000895,3.7139430909996918,0.4315389999999999,438,1362,442,4,
ordinary WFC,context,264,True,False,False,0.42041429410393955,0.7436691257338762,0.6102066539997395,,,325,0,0,
WFC-as-SAT,context,264,True,False,False,1.378418221875134,1.5847583329293253,3.586210725000001,0.2496489999999998,100,710,101,1,
ordinary WFC,frequency,265,True,False,False,0.16647516985332675,1.68875499894163,0.6909716140003184,,,377,0,0,
WFC-as-SAT,frequency,265,True,False,False,0.18802026257508633,1.701147843144941,3.6130749409999225,0.3147690000000001,350,956,354,4,
ordinary WFC,context,265,True,False,False,0.6669831094881966,0.8069851467455419,0.7412494750001315,,,354,0,0,
WFC-as-SAT,context,265,True,False,False,0.6952519217988583,0.8465501813838736,3.4905121130000225,0.1431429999999998,0,365,0,0,
ordinary WFC,frequency,266,True,False,False,0.18485215785780382,1.6295934197332016,0.6634555170003296,,,375,0,0,
WFC-as-SAT,frequency,266,True,False,False,0.17377566479788153,1.6261394159408857,3.4568660950003505,0.19142500000000018,211,682,212,1,
ordinary WFC,context,266,True,False,False,0.48791777091141547,0.6661696015233584,0.6701293139999507,,,359,0,0,
WFC-as-SAT,context,266,True,False,False,0.411776386541777,0.6149615932288891,3.5776869420001276,0.20391100000000018,104,575,105,1,
ordinary WFC,frequency,267,True,False,False,0.17754166608610147,1.6394693570494328,0.6901292960001228,,,384,0,0,
WFC-as-SAT,frequency,267,True,False,False,0.15648794944678884,1.611689336350808,3.4431395859996883,0.17327200000000031,223,607,223,0,
ordinary WFC,context,267,True,False,False,1.7388154495209653,2.0107893356778423,0.6888586380000561,,,380,0,0,
WFC-as-SAT,context,267,True,False,False,1.045506574505896,1.2517157222377124,3.5507240760002787,0.1418219999999999,7,375,7,0,
ordinary WFC,frequency,268,True,False,False,0.1450038896263159,1.5535908806272545,0.6880488599999808,,,383,0,0,
WFC-as-SAT,frequency,268,True,False,False,0.19361253049763583,1.5872599492188377,3.468886623999879,0.16337199999999985,179,569,179,0,
ordinary WFC,context,268,True,False,False,1.1927989112232487,1.465643736165509,0.6728839860002154,,,382,0,0,
WFC-as-SAT,context,268,True,False,False,0.7196923768798429,0.8889224298511057,3.4447047039998324,0.16069100000000036,76,455,76,0,
ordinary WFC,frequency,269,True,False,False,0.20555417845369153,1.5455358340365257,0.6451457839998511,,,369,0,0,
WFC-as-SAT,frequency,269,True,False,False,0.1596147302439291,1.5698959523115241,3.5277565870001126,0.1698599999999999,217,603,217,0,
ordinary WFC,context,269,True,False,False,0.43346343936623116,0.5928085393070077,0.6181012590000137,,,331,0,0,
WFC-as-SAT,context,269,True,False,False,0.5759384558356101,0.7427363250073835,3.4751197169998704,0.16451599999999988,79,415,79,0,
ordinary WFC,frequency,270,True,False,False,0.19770819476701168,1.5386875787006788,0.6843940020003174,,,381,0,0,
WFC-as-SAT,frequency,270,True,False,False,0.1668590165043604,1.4456279472576168,3.5699756539997907,0.17634300000000014,261,648,261,0,
ordinary WFC,context,270,True,False,False,0.4999110625076617,0.6414204965738421,0.671053787999881,,,363,0,0,
WFC-as-SAT,context,270,True,False,False,0.5868268999271447,0.7136230448867754,3.4362866550000035,0.1454740000000001,4,382,4,0,
ordinary WFC,frequency,271,True,False,False,0.1913790205275937,1.4596290851379392,0.7004123220003748,,,382,0,0,
WFC-as-SAT,frequency,271,True,False,False,0.2028440623097344,1.4659490448693127,3.6252674050001588,0.16110200000000008,157,538,157,0,
ordinary WFC,context,271,True,False,False,0.5047700330457108,0.6281064336726038,0.645694069000001,,,363,0,0,
WFC-as-SAT,context,271,True,False,False,0.3677971654975114,0.5026434934221992,3.419935493999674,0.13932499999999992,2,351,2,0,
ordinary WFC,frequency,272,True,False,False,0.17399122645402204,1.6442036797224222,0.677476790000128,,,383,0,0,
WFC-as-SAT,frequency,272,True,False,False,0.21280291856124206,1.6465476703491337,3.7389725319999343,0.34133900000000006,334,1016,337,3,
ordinary WFC,context,272,True,False,False,0.7057635427226047,0.9200647215783958,0.6364888749999409,,,328,0,0,
WFC-as-SAT,context,272,True,False,False,0.35239196205671647,0.5063863527679215,3.4331443650003166,0.15222099999999994,45,390,45,0,
ordinary WFC,frequency,273,True,False,False,0.207044897738333,1.640978105036557,0.7269809979998172,,,392,0,0,
WFC-as-SAT,frequency,273,True,False,False,0.17539662144717627,1.5177277883775186,3.4954342650003127,0.1686350000000001,176,559,176,0,
ordinary WFC,context,273,True,False,False,0.37621296429052026,0.49533751660828074,0.6496778470000208,,,348,0,0,
WFC-as-SAT,context,273,True,False,False,0.5153687013884686,0.7111538005074279,3.4318078539999988,0.15113999999999983,12,381,12,0,
ordinary WFC,frequency,274,True,False,False,0.1976627848580222,1.7981454279991382,0.6818407220002882,,,380,0,0,
WFC-as-SAT,frequency,274,True,False,False,0.1847253325986127,1.7321945274720385,3.515376110000034,0.1661060000000001,193,583,193,0,
ordinary WFC,context,274,True,False,False,0.8394825415254391,1.0982518952661455,0.6564357070001279,,,374,0,0,
WFC-as-SAT,context,274,True,False,False,0.4119188015182885,0.6875475905311597,3.429774605000148,0.15329700000000024,46,415,46,0,
ordinary WFC,frequency,275,True,False,False,0.19193022330855383,1.7052170988853739,0.6627115830001458,,,375,0,0,
WFC-as-SAT,frequency,275,True,False,False,0.19567473952935302,1.4870085627156433,3.441603070000383,0.16134999999999966,161,548,161,0,
ordinary WFC,context,275,True,False,False,0.9279696158837165,1.1356538757535595,0.7506378110001606,,,369,0,0,
WFC-as-SAT,context,275,True,False,False,0.8057805543179863,1.0284102144961116,3.435609945000124,0.14395399999999992,7,374,7,0,
ordinary WFC,frequency,276,True,False,False,0.20901322855803306,1.6760262551632263,0.6906346159998975,,,378,0,0,
WFC-as-SAT,frequency,276,True,False,False,0.16884894812966234,1.635011389823871,3.789539438999782,0.4598580000000001,569,1502,573,4,
ordinary WFC,context,276,True,False,False,0.3503394674273021,0.49618027713316043,0.6306743550003375,,,342,0,0,
WFC-as-SAT,context,276,True,False,False,0.5023344233124979,0.6322698740888293,3.4399826539997775,0.14539999999999997,8,384,8,0,
ordinary WFC,frequency,277,True,False,False,0.2170022716021525,1.6846762450913266,0.7043061690001196,,,389,0,0,
WFC-as-SAT,frequency,277,True,False,False,0.19731548130078225,1.5594761618797597,3.443672486000196,0.16247699999999998,168,555,168,0,
ordinary WFC,context,277,True,False,False,0.7189047555515928,0.9788249299944745,0.6111962350000795,,,330,0,0,
WFC-as-SAT,context,277,True,False,False,0.28550888234708777,0.4498192113888838,3.493852383000103,0.14398899999999992,12,367,12,0,
ordinary WFC,frequency,278,True,False,False,0.19004818041872482,1.694417113939264,0.6936166850000518,,,390,0,0,
WFC-as-SAT,frequency,278,True,False,False,0.20716754979004331,1.5220328275913317,3.6423701950002396,0.3402350000000003,389,1038,391,2,
ordinary WFC,context,278,True,False,False,0.32513278743259594,0.43435308247922716,0.6673218750001979,,,364,0,0,
WFC-as-SAT,context,278,True,False,False,0.5046758231579765,0.6271184490316833,3.737417687999823,0.15070000000000006,2,377,2,0,
ordinary WFC,frequency,279,True,False,False,0.20779105620896973,1.5381577366506058,0.7125693289999617,,,374,0,0,
WFC-as-SAT,frequency,279,True,False,False,0.21608550039688643,1.7541638441620273,3.867376219000107,0.35145399999999993,368,1059,371,3,
ordinary WFC,context,279,True,False,False,0.36852322327331216,0.5536281764949036,0.6614909179997994,,,370,0,0,
WFC-as-SAT,context,279,True,False,False,0.4436698577973424,0.6665614757355119,3.5390017019999505,0.15581700000000032,38,399,38,0,
ordinary WFC,frequency,280,True,False,False,0.1693024832831818,1.567177536625473,0.6871230840001772,,,386,0,0,
WFC-as-SAT,frequency,280,True,False,False,0.19699561990498332,1.6624067121599702,3.7566527369999676,0.46516599999999997,522,1568,531,9,
ordinary WFC,context,280,True,False,False,0.4428371439107599,0.5396126963624752,0.6779165739999371,,,372,0,0,
WFC-as-SAT,context,280,True,False,False,0.5232490902134056,0.6251369022259641,3.620682966000004,0.152625,0,372,0,0,
ordinary WFC,frequency,281,True,False,False,0.17239454242347563,1.715046640246249,0.7453080740001496,,,387,0,0,
WFC-as-SAT,frequency,281,True,False,False,0.1960402114043344,1.5383757739467228,4.017976285000259,0.4942859999999998,565,1533,570,5,
ordinary WFC,context,281,True,False,False,0.3284333506072127,0.46226582198169996,0.6213434669998605,,,336,0,0,
WFC-as-SAT,context,281,True,False,False,0.38198403380923285,0.5161461622555038,3.4428605580001204,0.14123900000000011,3,348,3,0,
ordinary WFC,frequency,282,True,False,False,0.20390600498286438,1.6398425871693165,0.6802294759995675,,,374,0,0,
WFC-as-SAT,frequency,282,True,False,False,0.18875698837971608,1.5630203464510766,3.67328399500002,0.37722999999999995,368,1113,369,1,
ordinary WFC,context,282,True,False,False,0.39745723154033713,0.5586676998114722,0.6189529399998719,,,360,0,0,
WFC-as-SAT,context,282,True,False,False,0.38547161413460107,0.5268594972553857,3.4172373020001032,0.14030399999999998,1,365,1,0,
ordinary WFC,frequency,283,True,False,False,0.20358174038109694,1.7465933034471435,0.6810200270001587,,,381,0,0,
WFC-as-SAT,frequency,283,True,False,False,0.16649870774958242,1.6250214749841836,4.012289471000258,0.713918,920,2576,928,8,
ordinary WFC,context,283,True,False,False,0.49168628965890776,0.61721273759796,0.6880283209998197,,,375,0,0,
WFC-as-SAT,context,283,True,False,False,0.41378502965481606,0.5359132587612271,3.421491448999859,0.14412199999999986,7,384,7,0,
ordinary WFC,frequency,284,True,False,False,0.157798241714372,1.7823059359046522,0.6705242489997545,,,380,0,0,
WFC-as-SAT,frequency,284,True,False,False,0.15353795134933665,1.6229156402973732,3.431661654999971,0.16627199999999975,196,582,196,0,
ordinary WFC,context,284,True,False,False,0.3427240391756592,0.5319043835072388,0.6164096620000237,,,350,0,0,
WFC-as-SAT,context,284,True,False,False,0.3580722862108293,0.5034263043493719,3.403237655999874,0.14047600000000005,1,365,1,0,
ordinary WFC,frequency,285,True,False,False,0.1944264081268596,1.6613948055847696,0.6827999299998737,,,386,0,0,
WFC-as-SAT,frequency,285,True,False,False,0.17978626958638463,1.4753791249566386,3.892080240999803,0.6000959999999997,823,2167,832,9,
ordinary WFC,context,285,True,False,False,0.4666951013335347,0.6397086250675762,0.6554775439999503,,,346,0,0,
WFC-as-SAT,context,285,True,False,False,3.5548155328534152,3.608166131979421,3.5592059240002527,0.25339,85,722,86,1,
ordinary WFC,frequency,286,True,False,False,0.2028084751082595,1.5601392686295623,0.6843454520003434,,,382,0,0,
WFC-as-SAT,frequency,286,True,False,False,0.2358716990290451,1.5279625085465207,3.4719125300002815,0.16552100000000003,185,577,185,0,
ordinary WFC,context,286,True,False,False,0.34701682868513173,0.4588648188979087,0.6751797900001293,,,372,0,0,
WFC-as-SAT,context,286,True,False,False,0.336577062211518,0.4863154100093339,3.501771659000042,0.14284600000000003,10,374,10,0,
ordinary WFC,frequency,287,True,False,False,0.19286470693594338,1.645070314574415,0.67214799400017,,,379,0,0,
WFC-as-SAT,frequency,287,True,False,False,0.1969994051283964,1.5674128335137827,3.456500976999905,0.16857800000000012,229,617,229,0,
ordinary WFC,context,287,True,False,False,0.6142230195267766,0.8042774570680974,0.6559488440002497,,,345,0,0,
WFC-as-SAT,context,287,True,False,False,0.5857837094155887,0.7972124683822979,3.4934420099998533,0.14937699999999987,43,382,43,0,
ordinary WFC,frequency,288,True,False,False,0.18772522385893758,1.87243903696409,0.679302361000282,,,381,0,0,
WFC-as-SAT,frequency,288,True,False,False,0.21619112895602421,1.5771424578544047,12.252600619000077,8.816323,7960,29559,9398,430,
ordinary WFC,context,288,True,False,False,0.2679474805300246,0.4736968234018634,0.6648152890002166,,,339,0,0,
WFC-as-SAT,context,288,True,False,False,0.4090290101865714,0.6751923573561852,3.4602475530000447,0.1748470000000002,135,483,135,0,
ordinary WFC,frequency,289,True,False,False,0.1804183207291905,1.6639386138322783,0.6640310529996896,,,377,0,0,
WFC-as-SAT,frequency,289,True,False,False,0.17100020285103304,1.607408616768841,12.514315114000055,9.050092,8242,30290,9685,410,
ordinary WFC,context,289,True,False,False,0.6256121635972466,0.8254451497213886,0.6599039630000334,,,335,0,0,
WFC-as-SAT,context,289,True,False,False,0.5631663840697286,0.7947062282027678,3.401748996999686,0.13913399999999987,1,342,1,0,
ordinary WFC,frequency,290,True,False,False,0.16151392679733995,1.7311280657433794,0.6858973050002533,,,381,0,0,
WFC-as-SAT,frequency,290,True,False,False,0.17150366241517034,1.6734623797322612,3.442934066000362,0.16724400000000017,204,586,204,0,
ordinary WFC,context,290,True,False,False,0.45033833482892555,0.5690407725657721,0.6016882839999198,,,361,0,0,
WFC-as-SAT,context,290,True,False,False,0.44552842234663775,0.5544595405756036,3.4113721700000497,0.13899699999999982,3,368,3,0,
ordinary WFC,frequency,291,True,False,False,0.15127475091439124,1.6236593059830067,0.6931463129999429,,,384,0,0,
WFC-as-SAT,frequency,291,True,False,False,0.18650608745626696,1.6239313585328143,3.519089078000434,0.18421300000000018,267,679,268,1,
ordinary WFC,context,291,True,False,False,0.583722468854534,0.7632990205121128,0.6616390469998805,,,351,0,0,
WFC-as-SAT,context,291,True,False,False,0.46490573826918025,0.6460888119340508,3.4346009740002046,0.14720200000000006,22,380,22,0,
ordinary WFC,frequency,292,True,False,False,0.15893190756849512,1.5843919304715555,0.6923281360000146,,,389,0,0,
WFC-as-SAT,frequency,292,True,False,False,0.18327162597923993,1.6090010415459388,3.417531802999747,0.16397900000000032,176,567,176,0,
ordinary WFC,context,292,True,False,False,3.0331987965598644,3.1111737651430875,0.7114040279998335,,,339,0,0,
WFC-as-SAT,context,292,True,False,False,3.0331987965598644,3.1111737651430875,3.4301060339998912,0.13823799999999986,0,339,0,0,
ordinary WFC,frequency,293,True,False,False,0.16872231157642015,1.7822556246029921,0.6708630049997737,,,380,0,0,
WFC-as-SAT,frequency,293,True,False,False,0.20163175756668164,1.696989510876589,3.474799453000287,0.17239499999999985,255,639,255,0,
ordinary WFC,context,293,True,False,False,0.3649791738044878,0.49184032314677484,0.8244327610000255,,,379,0,0,
WFC-as-SAT,context,293,True,False,False,0.31966820518290834,0.4558571082400112,3.4590163210000355,0.1426099999999999,1,381,1,0,
ordinary WFC,frequency,294,True,False,False,0.19476202386903063,1.5791756623599709,0.7075426229998811,,,388,0,0,
WFC-as-SAT,frequency,294,True,False,False,0.18104802351581398,1.6256879973850997,3.4777994930000204,0.17529400000000006,245,633,245,0,
ordinary WFC,context,294,True,False,False,0.8576223859194512,1.1664171301638502,0.6252008430001297,,,330,0,0,
WFC-as-SAT,context,294,True,False,False,0.4855413269918764,0.7406979445906887,3.425532539999949,0.143891,4,351,4,0,
ordinary WFC,frequency,295,True,False,False,0.15187776413198698,1.6211224108216926,0.6768620190000547,,,383,0,0,
WFC-as-SAT,frequency,295,True,False,False,0.17539063548776487,1.6186872997557935,3.798772963999909,0.49694899999999986,696,1782,703,7,
ordinary WFC,context,295,True,False,False,0.30370154684704964,0.4746568661487522,0.702171466999971,,,361,0,0,
WFC-as-SAT,context,295,True,False,False,0.5208827093374838,0.6823456854110148,3.449250018999919,0.1487799999999999,18,391,18,0,
ordinary WFC,frequency,296,True,False,False,0.1978769560933619,1.6415529164085592,0.7104605729996365,,,386,0,0,
WFC-as-SAT,frequency,296,True,False,False,0.2109823435011441,1.6036603043683575,3.5134315289997176,0.16114399999999973,157,544,157,0,
ordinary WFC,context,296,True,False,False,0.4321834123498512,0.5815802682960046,0.721863545999895,,,367,0,0,
WFC-as-SAT,context,296,True,False,False,0.3242576642061919,0.5856446185265415,3.4589540189999752,0.17279,114,475,114,0,
ordinary WFC,frequency,297,True,False,False,0.16324426168242284,1.5559518653667053,0.71244310999964,,,383,0,0,
WFC-as-SAT,frequency,297,True,False,False,0.16303568770563387,1.596512661040817,3.7232155069996224,0.4328940000000001,607,1504,610,3,
ordinary WFC,context,297,True,False,False,0.3421079946628499,0.45776345429874654,0.6643517890001931,,,364,0,0,
WFC-as-SAT,context,297,True,False,False,0.5081869166445935,0.6363264903394379,3.4377991989999828,0.14071200000000017,2,374,2,0,
ordinary WFC,frequency,298,True,False,False,0.16758290112024787,1.7122572658973088,0.6732370509998873,,,388,0,0,
WFC-as-SAT,frequency,298,True,False,False,0.18225136545488296,1.6312305575965051,3.817596283000057,0.4348909999999999,523,1419,525,2,
ordinary WFC,context,298,True,False,False,1.73222331619952,1.9875866511273732,0.6475053440003649,,,392,0,0,
WFC-as-SAT,context,298,True,False,False,1.8929214747036514,2.1282914311105188,3.461239161999856,0.16021200000000002,62,454,62,0,
ordinary WFC,frequency,299,True,False,False,0.18379769280770086,1.6212961969444601,0.669584918000055,,,373,0,0,
WFC-as-SAT,frequency,299,True,False,False,0.15289045156346404,1.6649877377114284,3.632589165999889,0.3092799999999998,446,983,447,1,
ordinary WFC,context,299,True,False,False,0.3971646796466529,0.555686026793627,0.6203811430000314,,,336,0,0,
WFC-as-SAT,context,299,True,False,False,0.3731874726563278,0.5636764613854088,3.461811314999977,0.15388000000000002,33,393,33,0,
ordinary WFC,frequency,300,True,False,False,0.13848923281935063,1.653083303037333,0.6603137320003043,,,380,0,0,
WFC-as-SAT,frequency,300,True,False,False,0.20873841119833922,1.6817623320362842,3.4435823560002063,0.16610699999999978,191,578,191,0,
ordinary WFC,context,300,True,False,False,0.3643051204652101,0.5586830313126873,0.6010136180002519,,,341,0,0,
WFC-as-SAT,context,300,True,False,False,0.39394294500754623,0.5843354770107307,3.4657936140001766,0.17890899999999998,145,518,145,0,
ordinary WFC,frequency,301,True,False,False,0.1640870413654388,1.7588890231419017,0.6554048070001954,,,375,0,0,
WFC-as-SAT,frequency,301,True,False,False,0.18824355799513054,1.8363357165306105,3.641920456000207,0.35974700000000004,359,1081,361,2,
ordinary WFC,context,301,True,False,False,0.3891684950804162,0.5329636368303284,0.6536634330000197,,,353,0,0,
WFC-as-SAT,context,301,True,False,False,0.41497544276548004,0.5323331954601082,3.5270348009998997,0.14314700000000036,7,368,7,0,
ordinary WFC,frequency,302,True,False,False,0.1558449344523386,1.45709843253303,0.6733251189998555,,,376,0,0,
WFC-as-SAT,frequency,302,True,False,False,0.188339470612828,1.780857798890427,3.9568772039997384,0.4976959999999999,564,1591,570,6,
ordinary WFC,context,302,True,False,False,0.3251429404168553,0.5400461041162773,0.7210413570001037,,,362,0,0,
WFC-as-SAT,context,302,True,False,False,0.49846266521864824,0.7105772757247081,3.4954949889997806,0.16747500000000004,112,471,112,0,
ordinary WFC,frequency,303,True,False,False,0.1624250942843709,1.8724933288313839,0.6493632369997613,,,377,0,0,
WFC-as-SAT,frequency,303,True,False,False,0.17698212044961553,1.6729536680521118,3.8900953819997994,0.3617999999999997,391,1077,393,2,
ordinary WFC,context,303,True,False,False,1.7732830413872762,2.0029006431640415,0.7341150029997152,,,384,0,0,
WFC-as-SAT,context,303,True,False,False,1.7666603354168176,2.0181955450457276,3.451476861000174,0.152142,18,394,18,0,
ordinary WFC,frequency,304,True,False,False,0.18225852374348325,1.6360324055425797,0.6623171060000459,,,377,0,0,
WFC-as-SAT,frequency,304,True,False,False,0.22965732718727333,1.47090864275582,3.6844660729998395,0.34065400000000023,334,991,335,1,
ordinary WFC,context,304,True,False,False,0.4627111709722221,0.6109451516657374,0.5951940029999605,,,351,0,0,
WFC-as-SAT,context,304,True,False,False,0.4220754473979854,0.5688540657872894,3.418400048999956,0.14174299999999995,6,363,6,0,
ordinary WFC,frequency,305,True,False,False,0.16254938733409788,1.6296129741462604,0.6848372099998414,,,380,0,0,
WFC-as-SAT,frequency,305,True,False,False,0.15479663534006274,1.6072961661979352,3.5897053620001316,0.25286799999999987,307,709,307,0,
ordinary WFC,context,305,True,False,False,0.9085834083034668,1.1132428796042002,0.5955542239998977,,,368,0,0,
WFC-as-SAT,context,305,True,False,False,0.31924102328427656,0.5120956538900768,3.4422917680003593,0.1508569999999998,49,385,49,0,
ordinary WFC,frequency,306,True,False,False,0.15504607565753778,1.6195843962416063,0.6702649260000726,,,377,0,0,
WFC-as-SAT,frequency,306,True,False,False,0.20382291345791595,1.5954146037069847,3.4500698800002283,0.1710609999999999,220,611,220,0,
ordinary WFC,context,306,True,False,False,0.714511912228062,0.8434919625260122,0.7153620009999031,,,381,0,0,
WFC-as-SAT,context,306,True,False,False,0.41737472301600814,0.5145375013887573,3.4268856469998354,0.1374249999999999,6,357,6,0,
ordinary WFC,frequency,307,True,False,False,0.1685728069304764,1.4544577349510772,0.7216280450002159,,,381,0,0,
WFC-as-SAT,frequency,307,True,False,False,0.20954503906572902,1.4581007423167183,3.7740090919996874,0.490005,560,1638,566,6,
ordinary WFC,context,307,True,False,False,0.30419551180106474,0.4299056890630415,0.6264552329998878,,,365,0,0,
WFC-as-SAT,context,307,True,False,False,0.2349300807769003,0.4073094837177216,3.43085902599978,0.148463,19,394,19,0,
ordinary WFC,frequency,308,True,False,False,0.18200815181403887,1.6167156705890786,0.6932842419996632,,,383,0,0,
WFC-as-SAT,frequency,308,True,False,False,0.19596889317709626,1.9240389152482442,3.4527427389998593,0.17435400000000012,238,629,238,0,
ordinary WFC,context,308,True,False,False,0.42008558528127865,0.6099572068551808,0.6559356530001423,,,355,0,0,
WFC-as-SAT,context,308,True,False,False,0.37259074398197745,0.587354724084828,3.4210219139999936,0.15123100000000012,41,390,41,0,
ordinary WFC,frequency,309,True,False,False,0.2166945555073354,1.6982416976374561,0.6871989750002285,,,381,0,0,
WFC-as-SAT,frequency,309,True,False,False,0.16282011606145955,1.599197076956151,3.54690150200031,0.285612,300,864,301,1,
ordinary WFC,context,309,True,False,False,0.4870684871760375,0.8178684556317719,0.6543713610003579,,,351,0,0,
WFC-as-SAT,context,309,True,False,False,0.4724110885885967,0.9499732388794726,3.4222390429999905,0.166064,69,435,69,0,
ordinary WFC,frequency,310,True,False,False,0.18466173130548885,1.6121433204430353,0.6910366130000511,,,383,0,0,
WFC-as-SAT,frequency,310,True,False,False,0.2135292697785959,1.7239941588053593,3.6128454180002336,0.35564600000000013,376,1081,378,2,
ordinary WFC,context,310,True,False,False,0.39128485049069645,0.49472065794621545,0.6905715670000063,,,353,0,0,
WFC-as-SAT,context,310,True,False,False,0.3779858124589636,0.4711578796646118,3.410927304999859,0.13992799999999983,3,360,3,0,
ordinary WFC,frequency,311,True,False,False,0.16366231058736722,1.6070647285487285,0.6755023739997341,,,383,0,0,
WFC-as-SAT,frequency,311,True,False,False,0.18098620092298884,1.6037438291876147,3.8803141670000514,0.5974050000000002,733,2143,745,12,
ordinary WFC,context,311,True,False,False,1.8602940657385674,2.0781636384912465,0.7291809069997726,,,390,0,0,
WFC-as-SAT,context,311,True,False,False,1.838270673714934,2.0680326472410595,3.413325608999912,0.14580499999999974,0,394,0,0,
ordinary WFC,frequency,312,True,False,False,0.14971018580167447,1.7290743329903613,0.6944054600003255,,,384,0,0,
WFC-as-SAT,frequency,312,True,False,False,0.20266441679623368,1.7145927949825117,3.6819047310000315,0.40686599999999995,497,1339,501,4,
ordinary WFC,context,312,True,False,False,0.41115670372020935,0.5834213974646261,0.646338752000247,,,333,0,0,
WFC-as-SAT,context,312,True,False,False,0.33352279614822034,0.5021008571910967,3.431722024999999,0.14037900000000025,4,342,4,0,
ordinary WFC,frequency,313,True,False,False,0.19714904177357256,1.6581237918718565,0.6905707209998582,,,391,0,0,
WFC-as-SAT,frequency,313,True,False,False,0.18506571579349534,1.571573448389684,3.4186393250001856,0.17206900000000003,220,608,220,0,
ordinary WFC,context,313,True,False,False,0.30789682191873496,0.5325529187068246,0.6791546229997039,,,337,0,0,
WFC-as-SAT,context,313,True,False,False,0.5750367996876535,0.8949903118503189,3.4362944910003534,0.160663,65,427,65,0,
ordinary WFC,frequency,314,True,False,False,0.18560084842737204,1.7925887974038244,0.6767193400000906,,,388,0,0,
WFC-as-SAT,frequency,314,True,False,False,0.19249400568266442,1.5762225430277867,3.453758465000192,0.16955100000000023,208,598,208,0,
ordinary WFC,context,314,True,False,False,0.8110897218369453,0.9776312930757053,0.6090070370000831,,,363,0,0,
WFC-as-SAT,context,314,True,False,False,0.6564221341095509,0.8389852086634702,3.4177679599997646,0.14427400000000024,16,377,16,0,
ordinary WFC,frequency,315,True,False,False,0.18225527991817586,1.785321178423373,0.6909040959999402,,,385,0,0,
WFC-as-SAT,frequency,315,True,False,False,0.1628192983579239,1.5974338555632328,3.6193439919998127,0.3410329999999999,325,1016,327,2,
ordinary WFC,context,315,True,False,False,0.3829853522600506,0.5618521632368415,0.6406179380001049,,,363,0,0,
WFC-as-SAT,context,315,True,False,False,0.45826289272804777,0.6557770926643305,3.4198833229997945,0.14287599999999978,3,376,3,0,
ordinary WFC,frequency,316,True,False,False,0.1726382812301767,1.6527331587668823,0.6822546420003164,,,386,0,0,
WFC-as-SAT,frequency,316,True,False,False,0.1888915945436164,1.8498641748552798,3.5345034080000914,0.2578290000000001,406,792,406,0,
ordinary WFC,context,316,True,False,False,0.3729883124861048,0.5237990073739134,0.6263263440000628,,,342,0,0,
WFC-as-SAT,context,316,True,False,False,0.36678463041092724,0.509488602282726,3.466743220000353,0.1399079999999997,1,345,1,0,
ordinary WFC,frequency,317,True,False,False,0.18737873080020997,1.6195554895876207,0.6817237689997455,,,380,0,0,
WFC-as-SAT,frequency,317,True,False,False,0.19421013947845678,1.6643640080220072,3.4806415390003167,0.20712699999999984,255,766,256,1,
ordinary WFC,context,317,True,False,False,0.2709835714246092,0.4378312426429452,0.6367814850000286,,,348,0,0,
WFC-as-SAT,context,317,True,False,False,0.714662629644278,0.9510871534305606,3.4652447250000478,0.14603900000000003,4,395,4,0,
ordinary WFC,frequency,318,True,False,False,0.18757666570430304,1.6829245597622826,0.6840745219997189,,,380,0,0,
WFC-as-SAT,frequency,318,True,False,False,0.18119667445059842,1.513908998190845,3.439531999999872,0.16290899999999997,179,560,179,0,
ordinary WFC,context,318,True,False,False,0.5567698266987571,0.7951658121917977,0.655419436000102,,,352,0,0,
WFC-as-SAT,context,318,True,False,False,0.2814976907738399,0.45044940085422197,3.439300121999622,0.14498900000000026,20,360,20,0,
ordinary WFC,frequency,319,True,False,False,0.19920686831571993,1.737291741852534,0.6951033330001337,,,383,0,0,
WFC-as-SAT,frequency,319,True,False,False,0.18760575059357232,1.5994777759933219,3.491328426999644,0.1651229999999999,176,568,176,0,
ordinary WFC,context,319,True,False,False,0.37497304659557357,0.49362449040341644,0.6507771639999191,,,364,0,0,
WFC-as-SAT,context,319,True,False,False,0.30212332627925387,0.4303598920387646,3.4229850360002274,0.1480640000000002,3,361,3,0,
ordinary WFC,frequency,320,True,False,False,0.19590367046210982,1.5909088760046384,0.6957758309999917,,,385,0,0,
WFC-as-SAT,frequency,320,True,False,False,0.16089025187611858,1.6612482642677557,3.4618435880001925,0.18005700000000013,251,641,251,0,
ordinary WFC,context,320,True,False,False,0.36488593299546657,0.4911976158093685,0.6110447769997336,,,344,0,0,
WFC-as-SAT,context,320,True,False,False,0.430467374165313,0.5370122200900387,3.4249613930001033,0.14154800000000023,1,364,1,0,
ordinary WFC,frequency,321,True,False,False,0.18820421082720765,1.4970458502040267,0.7035912080000344,,,384,0,0,
WFC-as-SAT,frequency,321,True,False,False,0.19667129357673085,1.541255531358368,3.963067893999778,0.676984,808,2360,815,7,
ordinary WFC,context,321,True,False,False,0.35454856618597874,0.4729308194650103,0.6506146900001113,,,344,0,0,
WFC-as-SAT,context,321,True,False,False,0.3178428121011302,0.467412270008642,3.4209824009999465,0.142938,4,352,4,0,
ordinary WFC,frequency,322,True,False,False,0.1375783424726033,1.629333027977693,0.6690554629999497,,,379,0,0,
WFC-as-SAT,frequency,322,True,False,False,0.22502963973723178,1.6158400476604484,3.6089618820001306,0.3173889999999999,342,956,344,2,
ordinary WFC,context,322,True,False,False,0.5048442198862109,0.7198612964301389,0.5987620649998462,,,308,0,0,
WFC-as-SAT,context,322,True,False,False,0.423422633772681,0.6974517371656096,3.499793091000356,0.15085099999999985,47,372,47,0,
ordinary WFC,frequency,323,True,False,False,0.16291826396788472,1.5519633094219922,0.660228490999998,,,373,0,0,
WFC-as-SAT,frequency,323,True,False,False,0.1741183902109524,1.8258111438942017,3.834688903999904,0.5317889999999998,703,1915,712,9,
ordinary WFC,context,323,True,False,False,0.7065697409205068,0.8657234702792447,0.6740116300002228,,,367,0,0,
WFC-as-SAT,context,323,True,False,False,0.4427452204661398,0.6170781987643303,3.4338457469998502,0.15971899999999994,58,408,58,0,
ordinary WFC,frequency,324,True,False,False,0.18502802659540762,1.5956261706416301,0.6456585719997747,,,373,0,0,
WFC-as-SAT,frequency,324,True,False,False,0.17881171370433563,1.5849174887607334,3.7697533020000265,0.48824100000000037,594,1606,596,2,
ordinary WFC,context,324,True,False,False,0.34962020835322444,0.49486250056389286,0.6312975420000839,,,338,0,0,
WFC-as-SAT,context,324,True,False,False,0.42719482671960285,0.5356569549904749,3.62975627600008,0.34538899999999995,112,960,114,2,
ordinary WFC,frequency,325,True,False,False,0.14492299859648858,1.6656264545379964,0.7326079200001914,,,383,0,0,
WFC-as-SAT,frequency,325,True,False,False,0.1897505801179415,1.749482788137865,3.473024226999769,0.16979999999999995,210,596,210,0,
ordinary WFC,context,325,True,False,False,0.37860854098006946,0.5325969037013325,0.649485984000421,,,354,0,0,
WFC-as-SAT,context,325,True,False,False,0.4319067901056421,0.5606456027816951,3.4300774790003743,0.14115699999999975,0,368,0,0,
ordinary WFC,frequency,326,True,False,False,0.16254738236000665,1.7815353954403041,0.6747753609997744,,,382,0,0,
WFC-as-SAT,frequency,326,True,False,False,0.18977452520554322,1.515464285249613,3.4534988059999705,0.16553499999999977,179,567,179,0,
ordinary WFC,context,326,True,False,False,0.24635647844496653,0.6247343734722154,0.6453199110001151,,,359,0,0,
WFC-as-SAT,context,326,True,False,False,2.0715431874728245,2.2666115904281376,3.5111591669997324,0.1451089999999997,12,358,12,0,
ordinary WFC,frequency,327,True,False,False,0.18365128721357366,1.6599848654099438,0.6747151819999999,,,378,0,0,
WFC-as-SAT,frequency,327,True,False,False,0.20379699749904676,1.5237190079816876,3.465087916000357,0.16760699999999984,183,572,183,0,
ordinary WFC,context,327,True,False,False,0.4056619617593812,0.5555067966040943,0.6595486539999911,,,360,0,0,
WFC-as-SAT,context,327,True,False,False,0.5832953708702505,0.7126821825352966,3.4723523319999003,0.14400599999999963,0,371,0,0,
ordinary WFC,frequency,328,True,False,False,0.15984056736548155,1.770944953433097,0.6705123269998694,,,380,0,0,
WFC-as-SAT,frequency,328,True,False,False,0.18297611354431045,1.7505411573666139,3.873098334000133,0.5656119999999998,700,2003,710,10,
ordinary WFC,context,328,True,False,False,0.3997440297136272,0.49957833048495176,0.6504466940000384,,,352,0,0,
WFC-as-SAT,context,328,True,False,False,0.3728858696820358,0.5003171761930233,3.425149322999914,0.14547899999999991,3,352,3,0,
ordinary WFC,frequency,329,True,False,False,0.19296526945277043,1.5421847483405764,0.6799964970000474,,,387,0,0,
WFC-as-SAT,frequency,329,True,False,False,0.20635965180493035,1.7644583082189418,3.675305205999848,0.4176859999999998,508,1396,512,4,
ordinary WFC,context,329,True,False,False,1.4931687664884972,1.738346439645365,0.6987316250001641,,,351,0,0,
WFC-as-SAT,context,329,True,False,False,1.4658036444956908,1.6814770551593585,3.4086231460000818,0.14014300000000013,0,352,0,0,
ordinary WFC,frequency,330,True,False,False,0.16539768189822124,1.6470534911575525,0.6784442090001903,,,377,0,0,
WFC-as-SAT,frequency,330,True,False,False,0.2029042217816363,1.7148176960336807,3.498676436000096,0.23520999999999992,275,856,276,1,
ordinary WFC,context,330,True,False,False,0.5695410491059886,0.7664970825925665,0.6168916910000917,,,330,0,0,
WFC-as-SAT,context,330,True,False,False,0.3565455457130968,0.5114996273301015,3.4248341689999506,0.1562800000000002,52,397,52,0,
ordinary WFC,frequency,331,True,False,False,0.17284668584225085,1.6960515810059011,0.6904911359997641,,,384,0,0,
WFC-as-SAT,frequency,331,True,False,False,0.2315271496564656,1.7619104477332523,3.5205300220000026,0.19235800000000003,240,701,241,1,
ordinary WFC,context,331,True,False,False,2.807554071054356,2.8838148182887404,0.6139346469999509,,,331,0,0,
WFC-as-SAT,context,331,True,False,False,2.7169743254494287,2.806590442371641,3.478507287999946,0.19018200000000007,201,537,201,0,
ordinary WFC,frequency,332,True,False,False,0.15902785355681584,1.531907775478045,0.690928544000144,,,383,0,0,
WFC-as-SAT,frequency,332,True,False,False,0.16181692668917239,1.5742358992341936,5.765061021999827,2.626381,2885,8967,2905,19,
ordinary WFC,context,332,True,False,False,0.40787893894669586,0.5886881373655968,0.6488629230002516,,,357,0,0,
WFC-as-SAT,context,332,True,False,False,0.4398063831682761,0.7335219175229423,3.5230143950002457,0.18141000000000007,147,485,147,0,
ordinary WFC,frequency,333,True,False,False,0.17007697423447887,1.6285886332900343,0.6756978580001487,,,382,0,0,
WFC-as-SAT,frequency,333,True,False,False,0.16675136911058613,1.7804985435868657,3.4760521789999075,0.1923560000000002,246,696,248,2,
ordinary WFC,context,333,True,False,False,0.36794448578622974,0.4787397370905811,0.6571456659999058,,,354,0,0,
WFC-as-SAT,context,333,True,False,False,0.6320169621922739,0.7714095167136463,3.4268064059997414,0.13958000000000004,1,366,1,0,
ordinary WFC,frequency,334,True,False,False,0.18622435581480887,1.544821736134444,0.6850939389996711,,,378,0,0,
WFC-as-SAT,frequency,334,True,False,False,0.1659958331509882,1.60896389059586,3.495124962999853,0.16481599999999963,179,564,179,0,
ordinary WFC,context,334,True,False,False,1.2387207931053579,1.4427277263458564,0.735642110000299,,,360,0,0,
WFC-as-SAT,context,334,True,False,False,2.2446088374030477,2.5037447245933473,3.6334323969999787,0.18204600000000015,147,525,147,0,
ordinary WFC,frequency,335,True,False,False,0.1973707238045824,1.4928198225103388,0.6953496489995814,,,385,0,0,
WFC-as-SAT,frequency,335,True,False,False,0.1592580427431483,1.5557518347512507,3.659690853000029,0.4349850000000002,540,1469,542,2,
ordinary WFC,context,335,True,False,False,0.4821850969483186,0.731021894761307,0.5914695339997706,,,352,0,0,
WFC-as-SAT,context,335,True,False,False,0.47915294459365737,0.7925590551838103,3.4270808880000914,0.1774169999999997,133,504,133,0,
ordinary WFC,frequency,336,True,False,False,0.194231651770525,1.6356996466097036,0.6577500189996499,,,387,0,0,
WFC-as-SAT,frequency,336,True,False,False,0.17853242194760174,1.74473513006184,3.4119846360003976,0.300586,336,957,341,5,
ordinary WFC,context,336,True,False,False,0.44559025971802974,0.7039272167183562,0.6793646609999087,,,373,0,0,
WFC-as-SAT,context,336,True,False,False,0.4748433749336964,0.6243299943462143,3.2363421720001497,0.14094200000000034,20,374,20,0,
ordinary WFC,frequency,337,True,False,False,0.17479085958456222,1.6506850701828135,0.6355269590003445,,,377,0,0,
WFC-as-SAT,frequency,337,True,False,False,0.17431691403609306,1.5526034534998685,3.3266686189999746,0.16994900000000035,292,676,292,0,
ordinary WFC,context,337,True,False,False,0.27640640532470856,0.44056969089625575,0.5880590540000412,,,339,0,0,
WFC-as-SAT,context,337,True,False,False,0.27722856119125017,0.46454449806931886,3.2607921410003655,0.1478609999999998,39,402,39,0,
ordinary WFC,frequency,338,True,False,False,0.15184020194439046,1.729575870358402,0.6213591910000105,,,381,0,0,
WFC-as-SAT,frequency,338,True,False,False,0.20943451627705756,1.4862790169702738,3.4915829659998963,0.3971499999999999,532,1428,537,5,
ordinary WFC,context,338,True,False,False,0.34805557898686107,0.5533650951474977,0.5553717120001238,,,321,0,0,
WFC-as-SAT,context,338,True,False,False,0.45733893889717236,0.6512358491045229,3.9147778339997785,0.16341399999999995,60,389,60,0,
ordinary WFC,frequency,339,True,False,False,0.18970548056798386,1.5651268843060144,0.6842047069999353,,,387,0,0,
WFC-as-SAT,frequency,339,True,False,False,0.14322973997285893,1.7005944437367735,3.505031905999658,0.1800839999999999,258,648,258,0,
ordinary WFC,context,339,True,False,False,0.3897613292679358,0.4898775312281486,0.6509870479999336,,,361,0,0,
WFC-as-SAT,context,339,True,False,False,0.30148041575544093,0.4441261679634156,3.4575360710000496,0.15457600000000005,35,406,35,0,
ordinary WFC,frequency,340,True,False,False,0.1643014124098531,1.5684905828861904,0.6839944780003862,,,385,0,0,
WFC-as-SAT,frequency,340,True,False,False,0.21447450595066708,1.5234980876191813,3.913256824999735,0.512562,571,1682,574,3,
ordinary WFC,context,340,True,False,False,0.406145824686464,0.6576233767751535,0.6134165710000161,,,322,0,0,
WFC-as-SAT,context,340,True,False,False,0.6229780670560102,0.8917856652677153,3.449217388999841,0.14176100000000025,5,343,5,0,
ordinary WFC,frequency,341,True,False,False,0.13880094451788322,1.725671409766627,0.6723072719996708,,,374,0,0,
WFC-as-SAT,frequency,341,True,False,False,0.14591254230840817,1.4941940537926282,3.4980169120003666,0.1708590000000001,226,615,226,0,
ordinary WFC,context,341,True,False,False,0.3652104971560428,0.5543283383125003,0.6087381439997444,,,328,0,0,
WFC-as-SAT,context,341,True,False,False,0.34187802227092373,0.6237461383491881,3.4925031389998367,0.1576789999999999,76,399,76,0,
ordinary WFC,frequency,342,True,False,False,0.19179504186223545,1.6281535476555713,0.6856033630001548,,,380,0,0,
WFC-as-SAT,frequency,342,True,False,False,0.14810530152739942,1.6962122744941404,5.84806261499989,2.6883739999999996,3001,9047,3019,17,
ordinary WFC,context,342,True,False,False,0.3832291824328233,0.536907052053022,0.6265763579999657,,,361,0,0,
WFC-as-SAT,context,342,True,False,False,0.41598178720850315,0.6451962266760668,3.441732322000007,0.1422810000000001,2,376,2,0,
ordinary WFC,frequency,343,True,False,False,0.17519352643376543,1.7119793410766055,0.6827529209999739,,,382,0,0,
WFC-as-SAT,frequency,343,True,False,False,0.2162553481129406,1.7599100966829266,3.5847494219997316,0.2742209999999998,304,805,305,1,
ordinary WFC,context,343,True,False,False,0.5410292510299091,0.71487323784297,0.6827782190002836,,,363,0,0,
WFC-as-SAT,context,343,True,False,False,0.4287744280920375,0.6548913079962962,3.413603798999702,0.1537689999999996,45,398,45,0,
ordinary WFC,frequency,344,True,False,False,0.1766860113530495,1.8272548685197625,0.6808742349999193,,,386,0,0,
WFC-as-SAT,frequency,344,True,False,False,0.2178828585436351,1.8989808608182799,3.727252488999966,0.4233920000000002,529,1413,533,4,
ordinary WFC,context,344,True,False,False,1.1262237068531322,1.4006712974580637,0.5820281750002323,,,382,0,0,
WFC-as-SAT,context,344,True,False,False,0.37141128754242464,0.568960933034823,3.6150682279999273,0.2795740000000002,128,771,129,1,
ordinary WFC,frequency,345,True,False,False,0.1921856029382602,1.600945645129706,0.685193762000381,,,379,0,0,
WFC-as-SAT,frequency,345,True,False,False,0.1956330046465345,1.664409086541232,3.592637360000026,0.3129489999999997,336,932,337,1,
ordinary WFC,context,345,True,False,False,0.6413344162848977,0.8974670358288452,0.7413742769999772,,,381,0,0,
WFC-as-SAT,context,345,True,False,False,0.5915314637239107,0.8580457760861815,3.459565610000027,0.177543,152,537,152,0,
ordinary WFC,frequency,346,True,False,False,0.18466091599709705,1.772394065419841,0.6831479299999046,,,386,0,0,
WFC-as-SAT,frequency,346,True,False,False,0.16634861537278373,1.6958493375954506,3.4597041520000857,0.1713490000000002,243,631,243,0,
ordinary WFC,context,346,True,False,False,0.32550487875669576,0.43721080976191984,0.6616244860001643,,,371,0,0,
WFC-as-SAT,context,346,True,False,False,0.4265755185768988,0.5406060180730066,3.4083157439999923,0.1421429999999999,7,376,7,0,
ordinary WFC,frequency,347,True,False,False,0.20861291220568873,1.5619490430971976,0.6979473619999226,,,378,0,0,
WFC-as-SAT,frequency,347,True,False,False,0.19238853352257923,1.5910181929779388,3.4122642610000185,0.1707989999999997,229,618,229,0,
ordinary WFC,context,347,True,False,False,0.8612522827875002,1.1076517637297276,0.6070536810002523,,,360,0,0,
WFC-as-SAT,context,347,True,False,False,0.38921234983732184,0.5197914824458667,3.588622055000087,0.28576999999999986,181,835,182,1,
ordinary WFC,frequency,348,True,False,False,0.15300665385686368,1.5117260501049652,0.6438620320000155,,,368,0,0,
WFC-as-SAT,frequency,348,True,False,False,0.17585918513444576,1.6497206253004135,3.4881037899999683,0.16344899999999996,194,579,194,0,
ordinary WFC,context,348,True,False,False,0.7241745619510517,0.91970521742294,0.6190405319998717,,,347,0,0,
WFC-as-SAT,context,348,True,False,False,0.35777457345072694,0.5675329320542741,3.481044822000058,0.1708949999999998,108,459,108,0,
ordinary WFC,frequency,349,True,False,False,0.20425944037779653,1.6351284414281098,0.7004990079999516,,,389,0,0,
WFC-as-SAT,frequency,349,True,False,False,0.2166390010124598,1.644277525936467,3.4488398030002827,0.16827599999999965,206,595,206,0,
ordinary WFC,context,349,True,False,False,0.9742213234228211,1.1791508172619534,0.6381590250002773,,,357,0,0,
WFC-as-SAT,context,349,True,False,False,0.9043288238732727,1.0987657169611562,3.6270171760002086,0.14006499999999988,0,355,0,0,
ordinary WFC,frequency,350,True,False,False,0.1798381281974242,1.4814158624816733,0.6831046490001427,,,381,0,0,
WFC-as-SAT,frequency,350,True,False,False,0.17266072822692177,1.5565441375088083,3.8404094830002578,0.256869,290,859,291,1,
ordinary WFC,context,350,True,False,False,0.43787866140346465,0.5885623465626343,0.6955043070001921,,,368,0,0,
WFC-as-SAT,context,350,True,False,False,0.3661135652856415,0.5233889414280469,3.3520249680000234,0.13877300000000004,12,368,12,0,
ordinary WFC,frequency,351,True,False,False,0.17583422558554257,1.600757507112758,0.6573389740001403,,,380,0,0,
WFC-as-SAT,frequency,351,True,False,False,0.2104921429885118,1.5415581199158945,3.8654277109999384,0.3312839999999997,339,975,340,1,
ordinary WFC,context,351,True,False,False,0.33798299554494804,0.518688107687167,0.6707283149999057,,,348,0,0,
WFC-as-SAT,context,351,True,False,False,0.27554169599871053,0.43259010262625835,3.4557227989998864,0.14477399999999996,4,369,4,0,
ordinary WFC,frequency,352,True,False,False,0.18095043206880956,1.6768525529987635,0.6764410559999305,,,379,0,0,
WFC-as-SAT,frequency,352,True,False,False,0.19367963319097045,1.6267798247453216,4.0982435860000805,0.761647,976,2732,987,11,
ordinary WFC,context,352,True,False,False,0.7403928426822112,0.8997112838886973,0.6659424580002451,,,356,0,0,
WFC-as-SAT,context,352,True,False,False,0.36089353666714935,0.4742267735455232,3.446113274000254,0.14330100000000012,4,358,4,0,
ordinary WFC,frequency,353,True,False,False,0.17400205723362222,1.7723599325957882,0.6722587440003736,,,384,0,0,
WFC-as-SAT,frequency,353,True,False,False,0.20355877070228037,1.650484577622863,3.8979445679997298,0.567456,651,1913,656,5,
ordinary WFC,context,353,True,False,False,0.421778902272257,0.5652897703140828,0.6058811180000703,,,342,0,0,
WFC-as-SAT,context,353,True,False,False,0.4236064500919168,0.5505468796282631,3.4108339970002817,0.14285499999999995,4,376,4,0,
ordinary WFC,frequency,354,True,False,False,0.18068119568914065,1.546544699752083,0.6844252790001519,,,384,0,0,
WFC-as-SAT,frequency,354,True,False,False,0.1860861159809929,1.7990429493228108,3.4703154049998375,0.17474199999999973,239,626,239,0,
ordinary WFC,context,354,True,False,False,0.789252893954154,1.0665708897041393,0.6052251810001508,,,332,0,0,
WFC-as-SAT,context,354,True,False,False,0.3369567070706298,0.650844743315126,3.4191133409999566,0.14864699999999997,27,382,27,0,
ordinary WFC,frequency,355,True,False,False,0.15981410878022861,1.7572681824238066,0.6663592380000409,,,380,0,0,
WFC-as-SAT,frequency,355,True,False,False,0.19995331761661617,1.6513831157085914,3.5117435940001087,0.16895400000000027,185,576,185,0,
ordinary WFC,context,355,True,False,False,0.8937669568774246,1.160704824854635,0.6236353570002393,,,361,0,0,
WFC-as-SAT,context,355,True,False,False,0.5080222959931777,0.8435103350246459,3.4280261720000453,0.1614390000000001,86,419,86,0,
ordinary WFC,frequency,356,True,False,False,0.1688536914837285,1.624963496090797,0.6727766320000228,,,384,0,0,
WFC-as-SAT,frequency,356,True,False,False,0.1641460655013406,1.6230129631661778,3.433899272999952,0.1736399999999998,235,623,235,0,
ordinary WFC,context,356,True,False,False,2.410071015754861,2.5742305272518156,0.5773758599998473,,,380,0,0,
WFC-as-SAT,context,356,True,False,False,2.410071015754861,2.5742305272518156,3.4180752319998646,0.1414519999999997,0,380,0,0,
ordinary WFC,frequency,357,True,False,False,0.1971171870343789,1.6318370172050674,0.6697879030002696,,,385,0,0,
WFC-as-SAT,frequency,357,True,False,False,0.1789269168424624,1.7961218082565262,3.507970209999712,0.17208000000000023,221,614,221,0,
ordinary WFC,context,357,True,False,False,0.3014828976400335,0.46557390527201103,0.6020955120002327,,,338,0,0,
WFC-as-SAT,context,357,True,False,False,0.34755221733974295,0.5243599949343937,3.4267107249997935,0.144142,11,353,11,0,
ordinary WFC,frequency,358,True,False,False,0.20380607290552208,1.632590179477412,0.7165532389999498,,,389,0,0,
WFC-as-SAT,frequency,358,True,False,False,0.1986835778801511,1.597008627697349,3.4290022650002356,0.16344500000000028,176,565,176,0,
ordinary WFC,context,358,True,False,False,0.8340475441900435,1.0892060453891614,0.6256336769997688,,,331,0,0,
WFC-as-SAT,context,358,True,False,False,1.5819293820086628,1.8551863964120463,3.412905337000211,0.14229199999999986,0,353,0,0,
ordinary WFC,frequency,359,True,False,False,0.17374632640477206,1.5943212818353931,0.7032033299997238,,,385,0,0,
WFC-as-SAT,frequency,359,True,False,False,0.15164931811089488,1.6611008093647666,3.81844279500001,0.54156,680,1895,690,10,
ordinary WFC,context,359,True,False,False,0.35997667880998274,0.6848532739932589,0.6083522669996455,,,333,0,0,
WFC-as-SAT,context,359,True,False,False,0.6360744748948307,0.7941651594217696,3.5121234100001857,0.23729900000000015,97,650,98,1,
ordinary WFC,frequency,360,True,False,False,0.21063692978429446,1.5634904967408016,0.6880476799997268,,,378,0,0,
WFC-as-SAT,frequency,360,True,False,False,0.18307083161014212,1.6761153634075174,5.509319001999756,2.367338,2585,8074,2614,28,
ordinary WFC,context,360,True,False,False,0.41646691861896207,0.5813495885377735,0.6330729279998195,,,344,0,0,
WFC-as-SAT,context,360,True,False,False,0.3886904820746527,0.5814702881832309,3.419062268000289,0.14950399999999986,54,395,54,0,
ordinary WFC,frequency,361,True,False,False,0.1537795302989137,1.577398376039534,0.6858862469998712,,,375,0,0,
WFC-as-SAT,frequency,361,True,False,False,0.20720528603562877,1.6024550284553796,3.4401434690003043,0.17603000000000035,242,628,242,0,
ordinary WFC,context,361,True,False,False,0.38913640049439524,0.5512635810593667,0.6318829619999633,,,350,0,0,
WFC-as-SAT,context,361,True,False,False,0.35160956068771043,0.4909097765565403,3.413036512999952,0.14139400000000002,4,357,4,0,
ordinary WFC,frequency,362,True,False,False,0.19205829774403024,1.69454658728027,0.6855736259999503,,,385,0,0,
WFC-as-SAT,frequency,362,True,False,False,0.17418905119679534,1.7090788539224293,3.6696093119999205,0.31401100000000026,341,940,342,1,
ordinary WFC,context,362,True,False,False,0.7949385554516942,0.9999339506849294,0.6196881709997797,,,329,0,0,
WFC-as-SAT,context,362,True,False,False,2.0571465198232506,2.282472066127814,3.4162116399998013,0.14541400000000015,8,349,8,0,
ordinary WFC,frequency,363,True,False,False,0.17126277815864963,1.6743062883044444,0.6644391379995795,,,379,0,0,
WFC-as-SAT,frequency,363,True,False,False,0.14612044139051872,1.5412779252403896,3.4549343799999406,0.17331999999999992,255,644,255,0,
ordinary WFC,context,363,True,False,False,0.7847389261123857,1.0664423108873209,0.6512416000000485,,,334,0,0,
WFC-as-SAT,context,363,True,False,False,2.7369930681832635,2.8220961654612537,3.4159243280000737,0.13831499999999997,9,324,9,0,
ordinary WFC,frequency,364,True,False,False,0.19671843403740408,1.8296630609207227,0.7138276530004077,,,375,0,0,
WFC-as-SAT,frequency,364,True,False,False,0.1971346337291495,1.7951023083936772,3.447121316999983,0.170763,233,622,233,0,
ordinary WFC,context,364,True,False,False,3.003061442803034,3.0947540243690375,0.616560034000031,,,337,0,0,
WFC-as-SAT,context,364,True,False,False,3.003061442803034,3.0947540243690375,3.4079783139995925,0.13846999999999987,0,337,0,0,
ordinary WFC,frequency,365,True,False,False,0.17128183668966915,1.7155803063519448,0.7052695659999699,,,384,0,0,
WFC-as-SAT,frequency,365,True,False,False,0.19725351387324427,1.533322895771071,3.8161489770000117,0.5412139999999996,678,1869,682,4,
ordinary WFC,context,365,True,False,False,0.3450791661362526,0.5830563780761685,0.6654595189997963,,,360,0,0,
WFC-as-SAT,context,365,True,False,False,0.40168586755456587,0.535229682574209,3.5608229869999377,0.2333059999999998,84,654,86,2,
ordinary WFC,frequency,366,True,False,False,0.17436776556126526,1.493924504210971,0.6755536619998566,,,383,0,0,
WFC-as-SAT,frequency,366,True,False,False,0.19371642291589686,1.7147710375583554,3.587295006000204,0.2914349999999999,306,835,307,1,
ordinary WFC,context,366,True,False,False,1.3584205974089552,1.6440661215571202,0.6623108910002884,,,375,0,0,
WFC-as-SAT,context,366,True,False,False,0.5179834801048029,0.8063878612835751,3.4487080939998123,0.1597559999999998,48,420,48,0,
ordinary WFC,frequency,367,True,False,False,0.15333864790852644,1.7030037436439425,0.6708343760001299,,,380,0,0,
WFC-as-SAT,frequency,367,True,False,False,0.19959636829641594,1.7605520549876903,3.5215141260000564,0.1696629999999999,187,580,187,0,
ordinary WFC,context,367,True,False,False,0.4335757823685612,0.6310417619606473,0.6411167400001432,,,366,0,0,
WFC-as-SAT,context,367,True,False,False,0.35152058549122206,0.5553355753559305,3.4428554539999823,0.1434709999999999,4,362,4,0,
ordinary WFC,frequency,368,True,False,False,0.17985510528077764,1.4367445871556321,0.6638592869999229,,,371,0,0,
WFC-as-SAT,frequency,368,True,False,False,0.15201443048812976,1.4779306502688558,6.758540899000309,3.5512340000000004,4069,12612,4169,98,
ordinary WFC,context,368,True,False,False,0.3345520960114924,0.5026371948470613,0.6538124789999529,,,353,0,0,
WFC-as-SAT,context,368,True,False,False,0.3963171522603772,0.5096515783653902,3.450908767999863,0.14559100000000003,7,376,7,0,
ordinary WFC,frequency,369,True,False,False,0.1595988606747918,1.6973577007151788,0.6923877570002333,,,382,0,0,
WFC-as-SAT,frequency,369,True,False,False,0.18545796492870917,1.6533756788330531,3.8311066029996255,0.4872480000000001,586,1636,590,4,
ordinary WFC,context,369,True,False,False,1.3883589853969889,1.6171226442993336,0.631006633999732,,,330,0,0,
WFC-as-SAT,context,369,True,False,False,2.789181170077118,2.902134000442209,3.445031645000199,0.14458600000000033,25,349,25,0,
ordinary WFC,frequency,370,True,False,False,0.1453281519177274,1.6348051182911894,0.6762015730000712,,,379,0,0,
WFC-as-SAT,frequency,370,True,False,False,0.1636332683166235,1.5558762907479116,3.4421686239998053,0.1696080000000002,211,599,211,0,
ordinary WFC,context,370,True,False,False,0.5536478629801397,0.7229625852617863,0.608705118999751,,,334,0,0,
WFC-as-SAT,context,370,True,False,False,0.4009588060564049,0.5398579660990404,3.46837341499986,0.1384780000000001,2,348,2,0,
ordinary WFC,frequency,371,True,False,False,0.20835403396979693,1.634343771359748,0.6898503570000685,,,385,0,0,
WFC-as-SAT,frequency,371,True,False,False,0.1957881395788128,1.5732866353711266,3.419422962000226,0.16521600000000003,194,583,194,0,
ordinary WFC,context,371,True,False,False,0.4356415632911415,0.6305478398459528,0.6197683899999902,,,359,0,0,
WFC-as-SAT,context,371,True,False,False,0.4616567853026049,0.6331447848530823,3.4390733010000076,0.15060200000000012,35,400,35,0,
ordinary WFC,frequency,372,True,False,False,0.2091713548744158,1.8796679836874257,0.6969236219997583,,,378,0,0,
WFC-as-SAT,frequency,372,True,False,False,0.22370806246243938,1.3876497641642918,3.8498500750001767,0.5737739999999998,723,2076,734,11,
ordinary WFC,context,372,True,False,False,0.4545574594961786,0.549867097370803,0.6152562140000555,,,338,0,0,
WFC-as-SAT,context,372,True,False,False,0.4229038902133048,0.5491342110655225,3.415958185999898,0.1404230000000002,5,357,5,0,
ordinary WFC,frequency,373,True,False,False,0.19956247716418496,1.6047727656812,0.7055593740001314,,,382,0,0,
WFC-as-SAT,frequency,373,True,False,False,0.21746973672801798,1.6993038032545988,3.4399106759997267,0.16444599999999987,173,553,173,0,
ordinary WFC,context,373,True,False,False,0.35963613108169007,0.6335684994247693,0.616036769999937,,,344,0,0,
WFC-as-SAT,context,373,True,False,False,0.3903809610992218,0.5464003237011988,3.417507784999998,0.14999399999999996,31,398,31,0,
ordinary WFC,frequency,374,True,False,False,0.15775557231794932,1.7198001194686405,0.6739558480003325,,,381,0,0,
WFC-as-SAT,frequency,374,True,False,False,0.18868774148928324,1.7379317982618085,3.5275708270000905,0.17415699999999967,260,650,260,0,
ordinary WFC,context,374,True,False,False,0.5673440784420825,0.7106092266908564,0.6511114979998638,,,348,0,0,
WFC-as-SAT,context,374,True,False,False,0.6756603442777128,0.9353795012826962,3.449174818999836,0.18152800000000013,83,503,84,1,
ordinary WFC,frequency,375,True,False,False,0.2004525443584413,1.7328012389088139,0.7029087850000906,,,387,0,0,
WFC-as-SAT,frequency,375,True,False,False,0.1664411441234535,1.73406122839275,3.482963842999652,0.21442000000000005,285,789,286,1,
ordinary WFC,context,375,True,False,False,1.9359977626479208,2.2315715486221177,0.598113979000118,,,365,0,0,
WFC-as-SAT,context,375,True,False,False,1.2277953454165482,1.5024814367719583,3.467944746000285,0.20560499999999982,241,596,241,0,
ordinary WFC,frequency,376,True,False,False,0.16358826019838635,1.7296272631363425,0.6694969440000023,,,381,0,0,
WFC-as-SAT,frequency,376,True,False,False,0.19191928334115685,1.6143809354141483,3.6850885329999983,0.35646699999999987,372,1073,373,1,
ordinary WFC,context,376,True,False,False,0.35542304702432115,0.4880346932858822,0.6018009049998909,,,352,0,0,
WFC-as-SAT,context,376,True,False,False,0.38097603117548995,0.5370950409981261,3.4303944350003803,0.14139899999999983,13,358,13,0,
ordinary WFC,frequency,377,True,False,False,0.15993837426114021,1.6482674326996505,0.6703600659998301,,,378,0,0,
WFC-as-SAT,frequency,377,True,False,False,0.14780943644752406,1.787643509269588,3.6672169720000056,0.4038269999999997,519,1330,521,2,
ordinary WFC,context,377,True,False,False,0.6389926407360111,0.8711799439779279,0.6498390910001035,,,360,0,0,
WFC-as-SAT,context,377,True,False,False,1.0833410059760722,1.3064577671855322,3.4218421470000067,0.14297899999999997,8,370,8,0,
ordinary WFC,frequency,378,True,False,False,0.16589870481820515,1.510131359149262,0.7019063060001827,,,388,0,0,
WFC-as-SAT,frequency,378,True,False,False,0.1436999148466133,1.3470361219616906,4.9768049330000395,1.8583950000000002,1980,5894,1997,16,
ordinary WFC,context,378,True,False,False,0.3792872989647616,0.6237214089556219,0.6819883449998088,,,359,0,0,
WFC-as-SAT,context,378,True,False,False,0.35660811131143283,0.5910662172227107,3.416209819999949,0.151154,36,389,36,0,
ordinary WFC,frequency,379,True,False,False,0.16014628981653403,1.6822903998107324,0.6797524799999337,,,383,0,0,
WFC-as-SAT,frequency,379,True,False,False,0.15093771377360923,1.6423578780722858,3.61745039599964,0.3390780000000002,389,1057,392,3,
ordinary WFC,context,379,True,False,False,0.9462545024864363,1.2258610649921404,0.515421497999796,,,288,0,0,
WFC-as-SAT,context,379,True,False,False,0.42426978830454587,0.6455573031814622,3.45748434799998,0.15973499999999996,59,424,59,0,
ordinary WFC,frequency,380,True,False,False,0.16746785924938945,1.6220728855022373,0.6762262950001059,,,376,0,0,
WFC-as-SAT,frequency,380,True,False,False,0.18706765042279308,1.7043433294408559,3.546264216000054,0.25907500000000017,293,961,299,6,
ordinary WFC,context,380,True,False,False,1.7472186492752104,1.9370661146365906,0.7245244790001379,,,356,0,0,
WFC-as-SAT,context,380,True,False,False,1.7472186492752104,1.9370661146365906,3.4066962460001378,0.14040799999999987,0,356,0,0,
ordinary WFC,frequency,381,True,False,False,0.15533185015927514,1.7056524912994098,0.679014203999941,,,374,0,0,
WFC-as-SAT,frequency,381,True,False,False,0.19047312769390487,1.6943075527830265,3.4273173280002993,0.1666979999999998,200,588,200,0,
ordinary WFC,context,381,True,False,False,0.42324864377856053,0.6233414382329205,0.6558054929996615,,,355,0,0,
WFC-as-SAT,context,381,True,False,False,0.38882499278890437,0.5269964206091234,3.4146244079997814,0.1565019999999997,82,420,82,0,
ordinary WFC,frequency,382,True,False,False,0.17184141140725845,1.703369202929099,0.6771785729997646,,,379,0,0,
WFC-as-SAT,frequency,382,True,False,False,0.1487218019296062,1.6659261625188528,3.6061584880003466,0.1675279999999999,204,594,204,0,
ordinary WFC,context,382,True,False,False,0.42960527627493217,0.6713686517125707,0.6818628229998467,,,354,0,0,
WFC-as-SAT,context,382,True,False,False,0.726555177315593,0.9616382507871359,3.4911083580000195,0.1490739999999997,45,386,45,0,
ordinary WFC,frequency,383,True,False,False,0.16874071151067235,1.5983096917195079,0.6670861100001275,,,379,0,0,
WFC-as-SAT,frequency,383,True,False,False,0.1848106332882838,1.609875100788325,3.5327627270003177,0.26840600000000014,296,960,297,1,
ordinary WFC,context,383,True,False,False,0.5485397691039439,0.698890565662078,0.7943022199997358,,,378,0,0,
WFC-as-SAT,context,383,True,False,False,0.6140582429668551,0.8443516417800025,3.6567813589999787,0.13955699999999993,0,351,0,0,
ordinary WFC,frequency,384,True,False,False,0.1685314177734452,1.583249086915588,0.6988818270001502,,,386,0,0,
WFC-as-SAT,frequency,384,True,False,False,0.21332760071750437,1.6943564804375801,5.022819469999831,1.8397350000000001,1820,5555,1848,27,
ordinary WFC,context,384,True,False,False,0.31082881899073195,0.4516882038610731,0.6223823069999526,,,346,0,0,
WFC-as-SAT,context,384,True,False,False,0.4371378267214632,0.6057999781399356,3.4605874419999054,0.14506299999999994,2,362,2,0,
ordinary WFC,frequency,385,True,False,False,0.17618258961366098,1.7184630585594185,0.6868601709998075,,,389,0,0,
WFC-as-SAT,frequency,385,True,False,False,0.17956833776690906,1.7941543910302495,5.744511411000076,2.5191140000000005,2730,8554,2765,34,
ordinary WFC,context,385,True,False,False,2.0229304170084865,2.308726401587986,0.6931664019998607,,,365,0,0,
WFC-as-SAT,context,385,True,False,False,0.6690768312836544,0.8126334181129499,3.543968651999876,0.2737649999999996,81,736,82,1,
ordinary WFC,frequency,386,True,False,False,0.20754249781748632,1.6852144505117452,0.70967867499985,,,389,0,0,
WFC-as-SAT,frequency,386,True,False,False,0.1820284255832054,1.5430943941864599,3.940998561000015,0.6683479999999999,775,2353,787,12,
ordinary WFC,context,386,True,False,False,0.43876268892458875,0.6430595831768128,0.6016400490002525,,,354,0,0,
WFC-as-SAT,context,386,True,False,False,0.6968845812466972,0.9213635532641646,3.3929763209998782,0.14067700000000016,3,373,3,0,
ordinary WFC,frequency,387,True,False,False,0.21029941253396842,1.622151964144873,0.679065238000021,,,390,0,0,
WFC-as-SAT,frequency,387,True,False,False,0.19330252926432068,1.5363424374206045,3.486371875000259,0.21966099999999988,261,790,262,1,
ordinary WFC,context,387,True,False,False,0.5668898552450149,0.7405234175581019,0.6509136690001469,,,351,0,0,
WFC-as-SAT,context,387,True,False,False,0.6004093878123679,0.7670231792807706,3.420583132000047,0.14076999999999984,0,352,0,0,
ordinary WFC,frequency,388,True,False,False,0.16552913344243236,1.5923128084905405,0.6705839310002375,,,375,0,0,
WFC-as-SAT,frequency,388,True,False,False,0.19601178954925302,1.4380677398776152,3.8239313180001773,0.4511000000000003,477,1438,479,2,
ordinary WFC,context,388,True,False,False,0.8321513488322495,1.1648539170022145,0.6175528190001387,,,315,0,0,
WFC-as-SAT,context,388,True,False,False,0.5180967536086865,0.8455362089033949,3.4235238209998897,0.14843099999999998,33,365,33,0,
ordinary WFC,frequency,389,True,False,False,0.17157200782882015,1.767209628517371,0.6992932160001146,,,387,0,0,
WFC-as-SAT,frequency,389,True,False,False,0.1765403157304378,1.6930488083158413,4.038795023999683,0.7458499999999999,898,2712,917,20,
ordinary WFC,context,389,True,False,False,1.0329846898975978,1.2721968073487795,0.5981796870000835,,,348,0,0,
WFC-as-SAT,context,389,True,False,False,0.5746272491172254,0.8317962281938442,3.420490428999983,0.15267600000000003,44,393,44,0,
ordinary WFC,frequency,390,True,False,False,0.17879224800126817,1.693024609989228,0.6848684920000778,,,382,0,0,
WFC-as-SAT,frequency,390,True,False,False,0.22090453024932707,1.6284151342083273,3.646057216999907,0.3893209999999998,400,1211,403,3,
ordinary WFC,context,390,True,False,False,0.3933306480782669,0.5521970369326751,0.6441828389997681,,,351,0,0,
WFC-as-SAT,context,390,True,False,False,0.3413430449294999,0.5173774071472986,3.405559438000182,0.13963599999999987,4,351,4,0,
ordinary WFC,frequency,391,True,False,False,0.18424170712336876,1.5533106379404704,0.6870183169999109,,,386,0,0,
WFC-as-SAT,frequency,391,True,False,False,0.23586465645494203,1.6279138172559735,3.877383352000379,0.6043969999999996,811,2194,822,11,
ordinary WFC,context,391,True,False,False,0.4428880051592259,0.6647509376846712,0.5930000109997309,,,358,0,0,
WFC-as-SAT,context,391,True,False,False,0.3887751679836097,0.5001915642162539,3.4810010539999894,0.210909,156,627,157,1,
ordinary WFC,frequency,392,True,False,False,0.18714536446430025,1.615772272798963,0.6680546100001266,,,379,0,0,
WFC-as-SAT,frequency,392,True,False,False,0.18233069668513574,1.7476361660510875,3.432184530000086,0.17015099999999972,214,604,214,0,
ordinary WFC,context,392,True,False,False,0.6399023950416278,0.8444889305811762,0.6207889940001223,,,322,0,0,
WFC-as-SAT,context,392,True,False,False,0.5386940119660603,0.6796445545432696,3.4291945200002374,0.14618799999999998,23,386,23,0,
ordinary WFC,frequency,393,True,False,False,0.22725679372373525,1.7696630836218061,0.6921490780000568,,,389,0,0,
WFC-as-SAT,frequency,393,True,False,False,0.19481460451404667,1.65663678665166,3.686679966000156,0.35743100000000005,316,1076,319,3,
ordinary WFC,context,393,True,False,False,0.42062707083148393,0.5721092551015015,0.6242840269997032,,,348,0,0,
WFC-as-SAT,context,393,True,False,False,0.40969093514795,0.5517510616105303,3.4206929450001553,0.139783,4,354,4,0,
ordinary WFC,frequency,394,True,False,False,0.1844850787926134,1.7882824175163314,0.671712879000097,,,380,0,0,
WFC-as-SAT,frequency,394,True,False,False,0.23060064155792145,1.7093308756974381,3.453870380000353,0.16731099999999977,190,586,190,0,
ordinary WFC,context,394,True,False,False,0.42560292508424413,0.6277482704300396,0.6934814430001097,,,375,0,0,
WFC-as-SAT,context,394,True,False,False,0.5175408590826174,0.7134868051796076,3.416030974000023,0.14261200000000018,11,372,11,0,
ordinary WFC,frequency,395,True,False,False,0.14984528812858786,1.555232904979202,0.6770435020002878,,,383,0,0,
WFC-as-SAT,frequency,395,True,False,False,0.13433359129897943,1.648456157604059,3.722286368999903,0.4113929999999999,500,1343,505,5,
ordinary WFC,context,395,True,False,False,0.6365288990839303,0.7887294612112733,0.6727721219999694,,,364,0,0,
WFC-as-SAT,context,395,True,False,False,0.4874510080215829,0.6890323248726066,3.40650292600003,0.14810900000000027,19,368,19,0,
ordinary WFC,frequency,396,True,False,False,0.18700213324089762,1.5713311858007433,0.6754364070002339,,,378,0,0,
WFC-as-SAT,frequency,396,True,False,False,0.1782509139927737,1.6177400415004497,3.462954450000325,0.1990599999999998,258,741,262,4,
ordinary WFC,context,396,True,False,False,0.6959434942398679,0.9605557343615878,0.6319095280000511,,,368,0,0,
WFC-as-SAT,context,396,True,False,False,0.4241499426310978,0.6087531565813277,3.403626527999677,0.14573900000000028,8,378,8,0,
ordinary WFC,frequency,397,True,False,False,0.18547164282689255,1.5658252572653304,0.6580573219998769,,,370,0,0,
WFC-as-SAT,frequency,397,True,False,False,0.17065952172580973,1.7551242494385315,11.463040469000134,8.165735999999999,7753,27169,9063,292,
ordinary WFC,context,397,True,False,False,0.3618759141212999,0.6111410212773104,0.6373472240002229,,,360,0,0,
WFC-as-SAT,context,397,True,False,False,0.39872880191608895,0.6194935885451022,3.3883348829999704,0.1385430000000003,2,363,2,0,
ordinary WFC,frequency,398,True,False,False,0.16641509186999745,1.6440044531255074,0.7406567050002195,,,380,0,0,
WFC-as-SAT,frequency,398,True,False,False,0.17197670320503752,1.4679079899948515,3.9211633530003382,0.6222760000000003,832,2292,842,10,
ordinary WFC,context,398,True,False,False,0.5118999352562786,0.7391525347848529,0.6536547330001667,,,345,0,0,
WFC-as-SAT,context,398,True,False,False,0.43574500360478674,0.6579009034731759,3.4748883980000755,0.16464800000000013,76,437,76,0,
ordinary WFC,frequency,399,True,False,False,0.18988948238843778,1.6771499716250766,0.6667320599999584,,,380,0,0,
WFC-as-SAT,frequency,399,True,False,False,0.18161095771549343,1.7246174082740577,3.45544694299997,0.17634799999999995,255,643,255,0,
ordinary WFC,context,399,True,False,False,0.4289764676212855,0.6356259902186392,0.6022957340001085,,,338,0,0,
WFC-as-SAT,context,399,True,False,False,0.3304151756459925,0.5274578428026742,3.521004856000218,0.16798199999999985,113,457,113,0,
ordinary WFC,frequency,400,True,False,False,0.15525381338437672,1.561926708248116,0.6300986810001632,,,372,0,0,
WFC-as-SAT,frequency,400,True,False,False,0.18969406110163486,1.600286374301013,3.389442758000314,0.2377229999999999,330,724,330,0,
ordinary WFC,context,400,True,False,False,0.6886881230389613,0.8170105171113566,0.6717006839999158,,,381,0,0,
WFC-as-SAT,context,400,True,False,False,0.4989737034151211,0.6165802789749765,3.2747400509997533,0.13778100000000038,4,375,4,0,
ordinary WFC,frequency,401,True,False,False,0.18851598270532738,1.6107582953876802,0.653603326999928,,,384,0,0,
WFC-as-SAT,frequency,401,True,False,False,0.1835426962097837,1.6479430610469774,6.064297707000151,3.115886,3654,11235,3696,40,
ordinary WFC,context,401,True,False,False,0.32997349404981485,0.46518788855562554,0.5887939740000547,,,340,0,0,
WFC-as-SAT,context,401,True,False,False,0.41792639156395783,0.5656146360141573,3.265753999000026,0.14062799999999998,19,374,19,0,
ordinary WFC,frequency,402,True,False,False,0.19276648195805549,1.524286068424805,0.6362640220004323,,,380,0,0,
WFC-as-SAT,frequency,402,True,False,False,0.17478233073783678,1.523371046875557,3.261188245000085,0.15569200000000016,175,557,175,0,
ordinary WFC,context,402,True,False,False,0.42208435639331665,0.5887726422414346,0.6241368279997914,,,352,0,0,
WFC-as-SAT,context,402,True,False,False,0.4395351260101031,0.6204229000648723,3.243952304999766,0.13781100000000013,11,364,11,0,
ordinary WFC,frequency,403,True,False,False,0.2103644772198697,1.5960039997195767,0.6514029070003744,,,378,0,0,
WFC-as-SAT,frequency,403,True,False,False,0.1602864730541456,1.585039536179856,3.2533155369997075,0.1586299999999996,186,575,186,0,
ordinary WFC,context,403,True,False,False,0.6451396004757636,0.8782899492719506,0.599396353999964,,,341,0,0,
WFC-as-SAT,context,403,True,False,False,0.6898264112268363,0.9573310810398201,3.2962455699998827,0.17628200000000005,137,491,137,0,
ordinary WFC,frequency,404,True,False,False,0.18493985851688807,1.5965545982178773,0.6573244129999694,,,388,0,0,
WFC-as-SAT,frequency,404,True,False,False,0.1716199448499997,1.5483734314676,3.4517819940001573,0.326616,410,1099,412,2,
ordinary WFC,context,404,True,False,False,0.4462565164748705,0.6144237612649138,0.6109455619998698,,,349,0,0,
WFC-as-SAT,context,404,True,False,False,0.4168459295762611,0.5195921801259289,3.244944745000339,0.1371579999999999,5,383,5,0,
ordinary WFC,frequency,405,True,False,False,0.13283815496414295,1.5361624538654022,0.6275084379999498,,,376,0,0,
WFC-as-SAT,frequency,405,True,False,False,0.1708847714397801,1.6561394476263647,3.283069804000206,0.1674739999999999,259,645,259,0,
ordinary WFC,context,405,True,False,False,0.40835860243350375,0.5783024290733596,0.5713582450002832,,,338,0,0,
WFC-as-SAT,context,405,True,False,False,0.364377709706552,0.5431779726324114,3.2687037210002927,0.13696900000000012,2,346,2,0,
ordinary WFC,frequency,406,True,False,False,0.17490860332467603,1.6006710057590672,0.6383848339996803,,,381,0,0,
WFC-as-SAT,frequency,406,True,False,False,0.14377519075404652,1.610800879474464,3.2889313569999103,0.15878700000000023,192,576,192,0,
ordinary WFC,context,406,True,False,False,0.7825667168712106,1.011110334016703,0.568957312999828,,,362,0,0,
WFC-as-SAT,context,406,True,False,False,0.745466451713842,1.0078070569433475,3.268671030000405,0.16285999999999978,106,491,106,0,
ordinary WFC,frequency,407,True,False,False,0.16297808323111776,1.5974685233883994,0.6412477920002857,,,379,0,0,
WFC-as-SAT,frequency,407,True,False,False,0.15147590119771215,1.6952490198464563,3.2953985580002154,0.17475700000000005,288,676,288,0,
ordinary WFC,context,407,True,False,False,2.670360891884239,2.799104845129633,0.5470044859998779,,,399,0,0,
WFC-as-SAT,context,407,True,False,False,2.674663412952275,2.8151084817590584,3.2483263459998852,0.13687900000000042,1,401,1,0,
ordinary WFC,frequency,408,True,False,False,0.18272590407312972,1.600133065553976,0.6437522340002033,,,383,0,0,
WFC-as-SAT,frequency,408,True,False,False,0.20578563561359772,1.6604274553462317,3.5463530799997898,0.439098,502,1514,511,9,
ordinary WFC,context,408,True,False,False,2.0735062935126427,2.2661264293540087,0.5918118659997162,,,339,0,0,
WFC-as-SAT,context,408,True,False,False,1.983802153324618,2.176880047464258,3.2382555519998277,0.133162,0,343,0,0,
ordinary WFC,frequency,409,True,False,False,0.16326964002637842,1.7467486806974704,0.645064051999725,,,385,0,0,
WFC-as-SAT,frequency,409,True,False,False,0.1668000020075781,1.7485452207525247,3.3117788770000516,0.195824,271,767,272,1,
ordinary WFC,context,409,True,False,False,2.831368606593667,3.027986913234284,0.7039826430000176,,,376,0,0,
WFC-as-SAT,context,409,True,False,False,2.831368606593667,3.027986913234284,3.215727192000031,0.13433099999999998,0,376,0,0,
ordinary WFC,frequency,410,True,False,False,0.16192284358729309,1.7122681516911753,0.6169158630000311,,,368,0,0,
WFC-as-SAT,frequency,410,True,False,False,0.18527065406477097,1.6744423879703896,3.4038826510000035,0.2903410000000002,348,905,349,1,
ordinary WFC,context,410,True,False,False,0.6212755963378057,0.9247495226152812,0.5468447230000493,,,345,0,0,
WFC-as-SAT,context,410,True,False,False,0.5031984342873449,0.7891158827960056,3.3711908119998952,0.27632600000000007,324,681,324,0,
ordinary WFC,frequency,411,True,False,False,0.17491351680448378,1.6520643532416037,0.6436332170001151,,,389,0,0,
WFC-as-SAT,frequency,411,True,False,False,0.17542835092503561,1.602470883420866,3.530719814999884,0.16450399999999998,163,548,163,0,
ordinary WFC,context,411,True,False,False,2.0727229305888586,2.224589716856439,0.5807155739998962,,,392,0,0,
WFC-as-SAT,context,411,True,False,False,1.838321519248888,2.014567974970609,3.487982280000324,0.14532999999999996,16,411,16,0,
ordinary WFC,frequency,412,True,False,False,0.18419525529995964,1.6375409485153263,0.6725521260000278,,,381,0,0,
WFC-as-SAT,frequency,412,True,False,False,0.1864361893854058,1.5457060571992336,3.438145211000119,0.16371099999999972,191,577,191,0,
ordinary WFC,context,412,True,False,False,0.35424457988714375,0.5200100342719676,0.6688998949998677,,,369,0,0,
WFC-as-SAT,context,412,True,False,False,0.36238725297982216,0.5027530977077388,3.433481782999934,0.1473580000000001,18,377,18,0,
ordinary WFC,frequency,413,True,False,False,0.13251843765882138,1.5594309672454663,0.645059867999862,,,370,0,0,
WFC-as-SAT,frequency,413,True,False,False,0.17124961379036474,1.6894591228636149,3.498431963999792,0.18411899999999992,229,652,230,1,
ordinary WFC,context,413,True,False,False,2.1033260175817214,2.231687008133089,0.7027089889998024,,,375,0,0,
WFC-as-SAT,context,413,True,False,False,2.1033260175817214,2.231687008133089,3.419236077000278,0.14195000000000002,0,375,0,0,
ordinary WFC,frequency,414,True,False,False,0.16640073906879838,1.7015846543466913,0.6824656619996858,,,385,0,0,
WFC-as-SAT,frequency,414,True,False,False,0.1779624304204586,1.6392489496407874,3.580463158999919,0.30295700000000014,317,883,318,1,
ordinary WFC,context,414,True,False,False,0.48589675975944685,0.7724272547561505,0.6220018180001716,,,340,0,0,
WFC-as-SAT,context,414,True,False,False,0.4417022168942503,0.6087658301627533,3.503342552000049,0.14746499999999996,7,373,7,0,
ordinary WFC,frequency,415,True,False,False,0.18777921552808435,1.5962723479974976,0.6860421040000801,,,384,0,0,
WFC-as-SAT,frequency,415,True,False,False,0.21981853334413792,1.703703430393167,3.4575098440000147,0.19496800000000025,261,728,262,1,
ordinary WFC,context,415,True,False,False,2.204694559213993,2.4342108893052763,0.6036685380004201,,,325,0,0,
WFC-as-SAT,context,415,True,False,False,2.3165884462462563,2.5493662491599407,3.432561050000004,0.137864,1,328,1,0,
ordinary WFC,frequency,416,True,False,False,0.16982839831063357,1.6830518717575806,0.6944764419999956,,,381,0,0,
WFC-as-SAT,frequency,416,True,False,False,0.2075677495297742,1.4729761343752055,3.904683750999993,0.6222420000000004,790,2199,799,9,
ordinary WFC,context,416,True,False,False,0.5554012793170271,0.7230356876719299,0.591020300999844,,,369,0,0,
WFC-as-SAT,context,416,True,False,False,0.5633169995443037,0.7421514216646027,3.462311869000132,0.138185,1,365,1,0,
ordinary WFC,frequency,417,True,False,False,0.1989899491177777,1.7613117745083366,0.6970314619998135,,,379,0,0,
WFC-as-SAT,frequency,417,True,False,False,0.20252346940213625,1.7527917460785871,3.6167961070000274,0.337272,324,982,325,1,
ordinary WFC,context,417,True,False,False,0.5561567887550831,0.8045978362389836,0.6460140710000815,,,341,0,0,
WFC-as-SAT,context,417,True,False,False,0.42971856102344225,0.6711343531557751,3.514721227999871,0.18809900000000024,185,546,185,0,
ordinary WFC,frequency,418,True,False,False,0.17779773447136354,1.817377905990286,0.6689548099998319,,,385,0,0,
WFC-as-SAT,frequency,418,True,False,False,0.18326334326171217,1.6274510466243204,3.6436748129999614,0.37430200000000013,403,1165,405,2,
ordinary WFC,context,418,True,False,False,0.4856446989213057,0.646462740243421,0.666333743999985,,,353,0,0,
WFC-as-SAT,context,418,True,False,False,0.3675768819444949,0.5634926622286771,3.425136465000378,0.16156499999999996,83,448,83,0,
ordinary WFC,frequency,419,True,False,False,0.17779445256645748,1.5348646455707275,0.6596024999998917,,,374,0,0,
WFC-as-SAT,frequency,419,True,False,False,0.16843623439666075,1.7664819177931557,3.4827476229997956,0.167497,197,588,197,0,
ordinary WFC,context,419,True,False,False,0.42811364564005083,0.5585018866575844,0.6075363969998762,,,334,0,0,
WFC-as-SAT,context,419,True,False,False,0.4564487082972771,0.6187285964807155,3.408578961999865,0.13954099999999992,2,354,2,0,
ordinary WFC,frequency,420,True,False,False,0.15341553917438824,1.6603470671518081,0.6660287089998747,,,378,0,0,
WFC-as-SAT,frequency,420,True,False,False,0.16795300050159628,1.642724919758648,3.828191718999733,0.5474010000000002,675,1881,681,6,
ordinary WFC,context,420,True,False,False,0.3052292830879027,0.5019536225622879,0.6395822570002565,,,353,0,0,
WFC-as-SAT,context,420,True,False,False,0.3965054609734144,0.6192406762038928,3.4630265699997835,0.1525829999999999,33,395,33,0,
ordinary WFC,frequency,421,True,False,False,0.2061643707508224,1.819055071500615,0.6835015950000525,,,374,0,0,
WFC-as-SAT,frequency,421,True,False,False,0.23186254170529969,1.6221484430140996,3.4263486630002262,0.16871999999999998,212,595,212,0,
ordinary WFC,context,421,True,False,False,0.66289849093552,0.7994368609832231,0.6543157480000446,,,340,0,0,
WFC-as-SAT,context,421,True,False,False,0.6620813900039576,0.8393481793692216,3.39475944600008,0.13867999999999991,1,340,1,0,
ordinary WFC,frequency,422,True,False,False,0.17298152961409824,1.7278640650694301,0.6737947130000066,,,378,0,0,
WFC-as-SAT,frequency,422,True,False,False,0.1985987637509413,1.6398878804729158,3.711972297000102,0.40393100000000004,390,1165,395,5,
ordinary WFC,context,422,True,False,False,0.4268060252770272,0.5834386016873201,0.6668933159999142,,,372,0,0,
WFC-as-SAT,context,422,True,False,False,0.4589455417566673,0.6121547732556524,3.3399118789998283,0.1380650000000001,8,363,8,0,
ordinary WFC,frequency,423,True,False,False,0.1398499769286404,1.7741370237533343,0.6293002030001844,,,373,0,0,
WFC-as-SAT,frequency,423,True,False,False,0.16154546295255962,1.659613690372796,7.299225809999825,4.204944,4911,15434,5022,109,
ordinary WFC,context,423,True,False,False,0.36465247934624145,0.5803733667350252,0.5854754960000719,,,340,0,0,
WFC-as-SAT,context,423,True,False,False,0.2945685499530415,0.511069902297146,3.3810622720002357,0.13949900000000026,12,359,12,0,
ordinary WFC,frequency,424,True,False,False,0.20358103744450537,1.5786667997129524,0.6995135369998025,,,383,0,0,
WFC-as-SAT,frequency,424,True,False,False,0.15394508554010367,1.7311878323093983,3.658571183999811,0.3313259999999998,371,1009,373,2,
ordinary WFC,context,424,True,False,False,0.4294822928848212,0.5476436749282276,0.6327905250000185,,,354,0,0,
WFC-as-SAT,context,424,True,False,False,0.4251380634540063,0.5302181014204393,3.4135469640000338,0.13706899999999989,0,349,0,0,
ordinary WFC,frequency,425,True,False,False,0.1821295360469058,1.6341293893555722,0.6724063249998835,,,382,0,0,
WFC-as-SAT,frequency,425,True,False,False,0.17105327942186932,1.5319157563855323,3.6331150420000995,0.32872400000000024,393,1011,394,1,
ordinary WFC,context,425,True,False,False,0.4442274254888601,0.5817559841710339,0.6588722219998999,,,353,0,0,
WFC-as-SAT,context,425,True,False,False,0.343682334177475,0.44181998558345253,3.497974443000203,0.14211399999999985,4,359,4,0,
ordinary WFC,frequency,426,True,False,False,0.21169403890915056,1.7308747789897978,0.6956765470004029,,,384,0,0,
WFC-as-SAT,frequency,426,True,False,False,0.1721194884541486,1.6429008918364576,4.534396227999878,1.233117,1615,4694,1634,18,
ordinary WFC,context,426,True,False,False,0.48622438639256915,0.6493109100405007,0.6050076870001249,,,336,0,0,
WFC-as-SAT,context,426,True,False,False,0.4184487438567737,0.5584981675296005,3.4406499370002166,0.14196799999999987,7,349,7,0,
ordinary WFC,frequency,427,True,False,False,0.20569564882422722,1.6901455730209352,0.7016890250001779,,,389,0,0,
WFC-as-SAT,frequency,427,True,False,False,0.20659646483800273,1.6577879225162198,3.5032477719996677,0.1626190000000003,169,561,169,0,
ordinary WFC,context,427,True,False,False,0.5905144331396005,0.7414247768211674,0.6918069260000266,,,375,0,0,
WFC-as-SAT,context,427,True,False,False,0.5801828679612475,0.7170344469403748,3.4078955599998153,0.14277000000000006,5,370,5,0,
ordinary WFC,frequency,428,True,False,False,0.20538169257955205,1.6302415653650484,0.685952386000281,,,387,0,0,
WFC-as-SAT,frequency,428,True,False,False,0.1659942252552189,1.6567130732709867,3.436281771999802,0.1664749999999997,194,583,194,0,
ordinary WFC,context,428,True,False,False,2.0428810725156117,2.35641226074754,0.6555242090003048,,,363,0,0,
WFC-as-SAT,context,428,True,False,False,1.8353089280726302,2.1867900408028076,3.5042187389999526,0.1442380000000001,17,397,17,0,
ordinary WFC,frequency,429,True,False,False,0.21303943492618974,1.4801053971126612,0.7038955729999543,,,377,0,0,
WFC-as-SAT,frequency,429,True,False,False,0.19627088960304961,1.6567266343041318,3.6575324340001316,0.3784290000000001,397,1156,398,1,
ordinary WFC,context,429,True,False,False,0.43773655954456603,0.6127975328336035,0.6394526180001776,,,340,0,0,
WFC-as-SAT,context,429,True,False,False,0.4439486461526733,0.5743219084299158,3.404283571000178,0.14053199999999988,1,357,1,0,
ordinary WFC,frequency,430,True,False,False,0.14984841362290025,1.8042942360411272,0.6908363380002811,,,384,0,0,
WFC-as-SAT,frequency,430,True,False,False,0.14654061343690478,1.6161901369476435,3.8376991420000195,0.4571700000000001,593,1570,597,4,
ordinary WFC,context,430,True,False,False,0.513101175549982,0.6204645582104454,0.6694772419996298,,,369,0,0,
WFC-as-SAT,context,430,True,False,False,0.5370613171778692,0.6852948648012105,3.424347631999808,0.14416399999999996,5,385,5,0,
ordinary WFC,frequency,431,True,False,False,0.16967414944469314,1.7491943392968932,0.7381274360000134,,,389,0,0,
WFC-as-SAT,frequency,431,True,False,False,0.2027204402301236,1.618914924325007,3.6030000089999703,0.2641169999999997,307,765,309,2,
ordinary WFC,context,431,True,False,False,0.9142407236346323,1.1664225638190542,0.6670475129999431,,,359,0,0,
WFC-as-SAT,context,431,True,False,False,0.6811740241745947,0.8933262227036483,3.4652307649998875,0.14518300000000028,4,377,4,0,
ordinary WFC,frequency,432,True,False,False,0.1569729290344006,1.6119986372945905,0.6509492780000983,,,377,0,0,
WFC-as-SAT,frequency,432,True,False,False,0.1556040958383199,1.618300600127258,3.5177046029998564,0.1658240000000002,195,580,195,0,
ordinary WFC,context,432,True,False,False,0.6442341023148195,0.8078567455689302,0.654453760999786,,,354,0,0,
WFC-as-SAT,context,432,True,False,False,0.49069020361463195,0.6552579616878313,3.454397163000067,0.15312599999999987,48,400,48,0,
ordinary WFC,frequency,433,True,False,False,0.17178758679497708,1.7771177984033664,0.6713100389997635,,,386,0,0,
WFC-as-SAT,frequency,433,True,False,False,0.20205573865244353,1.736297710442337,3.461213348000001,0.16752199999999995,208,597,208,0,
ordinary WFC,context,433,True,False,False,0.8818203730725027,1.143318463578014,0.6020994569998948,,,374,0,0,
WFC-as-SAT,context,433,True,False,False,1.473547778007286,1.7458525519248538,3.533317870999781,0.14552699999999996,16,405,16,0,
ordinary WFC,frequency,434,True,False,False,0.1794268968970312,1.6843219817887891,0.6575712080002631,,,381,0,0,
WFC-as-SAT,frequency,434,True,False,False,0.21238693566931402,1.715209036401337,5.834814404000099,2.5552430000000004,2744,8634,2776,31,
ordinary WFC,context,434,True,False,False,0.3799310597845532,0.5706222613752338,0.6452369889998408,,,365,0,0,
WFC-as-SAT,context,434,True,False,False,0.5050790613042824,0.7700643251755245,3.449378440000146,0.16649999999999965,43,374,43,0,
ordinary WFC,frequency,435,True,False,False,0.14343560044408166,1.485515893156354,0.670470139000372,,,378,0,0,
WFC-as-SAT,frequency,435,True,False,False,0.18044722357276083,1.6667987482650777,6.277790786999958,3.066379,3710,10564,3738,26,
ordinary WFC,context,435,True,False,False,0.706200023303694,0.9362108388698891,0.6686143660003836,,,322,0,0,
WFC-as-SAT,context,435,True,False,False,1.545593804766721,1.7665086110915236,3.5611092489998555,0.29387300000000005,111,784,112,1,
ordinary WFC,frequency,436,True,False,False,0.16710425871499607,1.594761113677755,0.6817974479999975,,,384,0,0,
WFC-as-SAT,frequency,436,True,False,False,0.19546070663195708,1.557417797537203,3.841601680000167,0.40401200000000026,389,1224,392,3,
ordinary WFC,context,436,True,False,False,0.39223029843219803,0.5595054531738225,0.5982135989997914,,,331,0,0,
WFC-as-SAT,context,436,True,False,False,0.4569794151487711,0.6318317157856156,3.449082508000174,0.1401939999999997,0,323,0,0,
ordinary WFC,frequency,437,True,False,False,0.20747019860218335,1.7097768862372225,0.6905185089999577,,,382,0,0,
WFC-as-SAT,frequency,437,True,False,False,0.20227583602671118,1.722153321372593,3.904849586999717,0.533458,638,1804,642,4,
ordinary WFC,context,437,True,False,False,0.6319459732209872,0.922574181519113,0.6222732240003097,,,336,0,0,
WFC-as-SAT,context,437,True,False,False,0.8000423843724799,1.053200720715786,3.4554551189999074,0.14595000000000002,15,355,15,0,
ordinary WFC,frequency,438,True,False,False,0.1974567289771785,1.6233432115470086,0.686245279999639,,,384,0,0,
WFC-as-SAT,frequency,438,True,False,False,0.18473253377633125,1.687332274711188,3.8028681280002274,0.39593500000000015,472,1299,477,5,
ordinary WFC,context,438,True,False,False,0.6613812637567612,0.8337720747125787,0.5721253799997612,,,359,0,0,
WFC-as-SAT,context,438,True,False,False,1.1957757617504037,1.390607115757097,3.4103940150002927,0.1382220000000003,0,383,0,0,
ordinary WFC,frequency,439,True,False,False,0.179272368373299,1.6648002481551647,0.7143633229998159,,,378,0,0,
WFC-as-SAT,frequency,439,True,False,False,0.21173379364397746,1.6116110049697894,3.637574074999975,0.3487669999999996,376,1095,379,3,
ordinary WFC,context,439,True,False,False,0.7291756616720474,0.8697588703910092,0.7422330330000477,,,387,0,0,
WFC-as-SAT,context,439,True,False,False,0.3883772587086093,0.6130218865836942,3.4088851080000495,0.1390889999999998,4,344,4,0,
ordinary WFC,frequency,440,True,False,False,0.17143762696553136,1.4239733093749267,0.6764403160000256,,,381,0,0,
WFC-as-SAT,frequency,440,True,False,False,0.21229886709203205,1.503558137406906,3.459056550999776,0.1668689999999997,192,585,192,0,
ordinary WFC,context,440,True,False,False,0.40196506562081663,0.5767128263156174,0.6681544399998529,,,340,0,0,
WFC-as-SAT,context,440,True,False,False,0.4068581867121475,0.6041223250808284,3.444226763000188,0.15423399999999976,55,413,55,0,
ordinary WFC,frequency,441,True,False,False,0.19958490608492244,1.6258913541245903,0.7049964190000537,,,379,0,0,
WFC-as-SAT,frequency,441,True,False,False,0.16329321593774943,1.6433506286780613,5.102623650999703,1.9557720000000005,2013,6040,2028,14,
ordinary WFC,context,441,True,False,False,0.3896662983994646,0.5023570848276373,0.6234717930001352,,,361,0,0,
WFC-as-SAT,context,441,True,False,False,0.3896662983994646,0.5023570848276373,3.5275233630000002,0.1399079999999997,0,361,0,0,
ordinary WFC,frequency,442,True,False,False,0.1736941919303238,1.672988006945256,0.6782489110000824,,,381,0,0,
WFC-as-SAT,frequency,442,True,False,False,0.18157880253942385,1.680920564478004,4.0198666490000505,0.7244410000000001,919,2576,936,17,
ordinary WFC,context,442,True,False,False,0.4701245392993371,0.6068604085089266,0.6170437299997502,,,354,0,0,
WFC-as-SAT,context,442,True,False,False,0.5952051413480968,0.7212852085159394,3.452095294999708,0.15518600000000005,37,417,37,0,
ordinary WFC,frequency,443,True,False,False,0.18784919015165927,1.630225691538886,0.6948260330000267,,,380,0,0,
WFC-as-SAT,frequency,443,True,False,False,0.17327880357898806,1.5581235585164406,3.736912930000017,0.45141699999999974,575,1532,580,5,
ordinary WFC,context,443,True,False,False,0.3673538647185068,0.5128731785214178,0.6576840360003189,,,358,0,0,
WFC-as-SAT,context,443,True,False,False,0.5534594114349243,0.7068990737845885,3.4957960319998165,0.14524899999999974,10,379,10,0,
ordinary WFC,frequency,444,True,False,False,0.19436223136074138,1.528933392298109,0.6872320919997037,,,384,0,0,
WFC-as-SAT,frequency,444,True,False,False,0.18938691413029693,1.6147968047417223,3.4565555250001125,0.16599699999999995,193,579,193,0,
ordinary WFC,context,444,True,False,False,0.3773343101120073,0.5632961634794879,0.6564049959997647,,,381,0,0,
WFC-as-SAT,context,444,True,False,False,0.5227036061378543,0.6933845660712965,3.4812531909997233,0.17920999999999987,141,504,141,0,
ordinary WFC,frequency,445,True,False,False,0.18516973126043634,1.5858215582458746,0.6790462610001669,,,383,0,0,
WFC-as-SAT,frequency,445,True,False,False,0.18920356352155865,1.625741420430442,3.519735589999982,0.15887600000000024,150,538,150,0,
ordinary WFC,context,445,True,False,False,0.26890503829269186,0.47296378873027867,0.6414692309999737,,,350,0,0,
WFC-as-SAT,context,445,True,False,False,0.3851853037612883,0.6548339816517751,3.4351594200002182,0.145451,5,389,5,0,
ordinary WFC,frequency,446,True,False,False,0.15665273549155545,1.4889953024309857,0.6609489989996291,,,382,0,0,
WFC-as-SAT,frequency,446,True,False,False,0.22253879222858577,1.5084914491075152,3.7484756889998607,0.43263300000000005,534,1437,539,5,
ordinary WFC,context,446,True,False,False,2.7878742400764596,2.9025912652573407,0.6036302679999608,,,318,0,0,
WFC-as-SAT,context,446,True,False,False,2.7516921224747812,2.8398624448395307,3.4424600219999775,0.14131399999999994,0,341,0,0,
ordinary WFC,frequency,447,True,False,False,0.18813064573600297,1.6006657207876236,0.782241521999822,,,388,0,0,
WFC-as-SAT,frequency,447,True,False,False,0.15779034034032305,1.7869911178824027,3.9497623359998215,0.6659280000000001,795,2292,805,10,
ordinary WFC,context,447,True,False,False,0.3261844251770554,0.46169639500725473,0.6730331419998947,,,369,0,0,
WFC-as-SAT,context,447,True,False,False,0.3942967585314664,0.520615964043134,3.4264790279999033,0.14244000000000012,4,367,4,0,
ordinary WFC,frequency,448,True,False,False,0.14103660636166696,1.7104831982385789,0.675073545000032,,,382,0,0,
WFC-as-SAT,frequency,448,True,False,False,0.16824668307021434,1.6873574370994737,3.6863326640000196,0.38397499999999996,444,1220,449,5,
ordinary WFC,context,448,True,False,False,0.38816501869398623,0.568125814843205,0.6718809910003074,,,338,0,0,
WFC-as-SAT,context,448,True,False,False,0.5173241231267637,0.6266531944152886,3.4568266060000497,0.14121499999999987,2,371,2,0,
ordinary WFC,frequency,449,True,False,False,0.2041733039750325,1.5398142260877914,0.6926319529998182,,,392,0,0,
WFC-as-SAT,frequency,449,True,False,False,0.1926659921384437,1.7433387476262727,3.5158459699996456,0.19010900000000008,266,712,267,1,
ordinary WFC,context,449,True,False,False,0.38993163836049693,0.5055358484055074,0.6971012519998112,,,363,0,0,
WFC-as-SAT,context,449,True,False,False,0.4390947593038196,0.5417804349365974,3.3821414119997826,0.14247599999999983,0,381,0,0,
ordinary WFC,frequency,450,True,False,False,0.15628180442506187,1.543603184535613,0.68099637000023,,,381,0,0,
WFC-as-SAT,frequency,450,True,False,False,0.1765566014081304,1.5588721197002704,3.5868693229999735,0.28588199999999997,364,879,367,3,
ordinary WFC,context,450,True,False,False,0.4220259578797427,0.5866025627014491,0.6606747509999877,,,321,0,0,
WFC-as-SAT,context,450,True,False,False,0.3575112806827276,0.4855878799161531,3.426222501999746,0.145613,16,351,16,0,
ordinary WFC,frequency,451,True,False,False,0.22737577756829364,1.6522394389366186,0.7032840609999766,,,381,0,0,
WFC-as-SAT,frequency,451,True,False,False,0.1667665268249806,1.6453049604940333,3.733527482000227,0.43690799999999985,536,1488,551,15,
ordinary WFC,context,451,True,False,False,0.4368824035808794,0.5569329886639989,0.6377285110002049,,,359,0,0,
WFC-as-SAT,context,451,True,False,False,0.48166924767557373,0.5912063281866748,3.63529465900001,0.13729199999999997,3,366,3,0,
ordinary WFC,frequency,452,True,False,False,0.1779149921467098,1.6881812955209663,0.6226082490002227,,,375,0,0,
WFC-as-SAT,frequency,452,True,False,False,0.17595201688030596,1.6027045180673911,3.6855299830003787,0.5241380000000002,752,1957,762,10,
ordinary WFC,context,452,True,False,False,0.8930091117293746,1.1813885774070674,0.5997914290001063,,,345,0,0,
WFC-as-SAT,context,452,True,False,False,0.5833033975085132,0.8591013156613495,3.34906265599966,0.1404329999999998,10,371,10,0,
ordinary WFC,frequency,453,True,False,False,0.18174456382705842,1.665688622068815,0.6686981990001186,,,384,0,0,
WFC-as-SAT,frequency,453,True,False,False,0.17008915084390822,1.5751059281180424,3.357093523000003,0.1645500000000002,229,614,229,0,
ordinary WFC,context,453,True,False,False,0.4866891834380695,0.800075369259301,0.6203664820000085,,,337,0,0,
WFC-as-SAT,context,453,True,False,False,0.7428552489225528,1.046580243175218,3.767632290000165,0.4327169999999998,235,1203,237,2,
ordinary WFC,frequency,454,True,False,False,0.213459452745422,1.5510986353952023,0.8308926529998644,,,375,0,0,
WFC-as-SAT,frequency,454,True,False,False,0.2048726817766078,1.5718336391915195,3.7063765000002604,0.17387499999999978,178,567,178,0,
ordinary WFC,context,454,True,False,False,0.46682758598318497,0.604991085373308,0.6540240659996925,,,353,0,0,
WFC-as-SAT,context,454,True,False,False,0.5075330402711594,0.7132473053693102,3.4853042289996665,0.14152499999999968,9,354,9,0,
ordinary WFC,frequency,455,True,False,False,0.15883332461849642,1.4059117902147333,0.6990309840002737,,,378,0,0,
WFC-as-SAT,frequency,455,True,False,False,0.1588378046062217,1.6341874353162331,3.462494997000249,0.2484860000000002,318,762,319,1,
ordinary WFC,context,455,True,False,False,0.6377056013971292,0.7876042458491614,0.6919476269999905,,,387,0,0,
WFC-as-SAT,context,455,True,False,False,0.6286790723608148,0.7753682884906294,3.449985041000218,0.14400699999999977,0,387,0,0,
ordinary WFC,frequency,456,True,False,False,0.18651054728662775,1.6437861657374486,0.6646552619999966,,,388,0,0,
WFC-as-SAT,frequency,456,True,False,False,0.19134813283069638,1.7566642406435498,3.893611215999954,0.5070650000000003,587,1702,593,6,
ordinary WFC,context,456,True,False,False,0.38550008405711494,0.5631033164219297,0.6459633449999274,,,354,0,0,
WFC-as-SAT,context,456,True,False,False,0.5452834669603835,0.7653581575706762,3.504803201999948,0.15089700000000006,12,388,12,0,
ordinary WFC,frequency,457,True,False,False,0.14853024753880606,1.617206094396456,0.6568131719996018,,,375,0,0,
WFC-as-SAT,frequency,457,True,False,False,0.17987309067425397,1.6586609662167875,3.4329691970001477,0.1600839999999999,184,573,184,0,
ordinary WFC,context,457,True,False,False,0.6332402832231945,0.7933967505103672,0.650555698000062,,,355,0,0,
WFC-as-SAT,context,457,True,False,False,0.5371896616453136,0.6885248316157162,3.423901232999924,0.13777799999999996,0,368,0,0,
ordinary WFC,frequency,458,True,False,False,0.18723332686568991,1.6372313398506642,0.668852851000338,,,384,0,0,
WFC-as-SAT,frequency,458,True,False,False,0.2203863598141522,1.6864103931806826,4.159888029000285,0.7395879999999999,878,2527,887,9,
ordinary WFC,context,458,True,False,False,0.3565705094310491,0.4662923043354149,0.6266528679998373,,,360,0,0,
WFC-as-SAT,context,458,True,False,False,0.337093573602269,0.4710401242716738,3.41863075900028,0.1358520000000003,8,345,8,0,
ordinary WFC,frequency,459,True,False,False,0.16731365896340156,1.6974141422166296,0.6796202609998545,,,379,0,0,
WFC-as-SAT,frequency,459,True,False,False,0.1849361555345225,1.5564996636231843,3.9122893059998205,0.6146229999999999,799,2173,804,5,
ordinary WFC,context,459,True,False,False,0.44457488186120947,0.5911164620307361,0.6420255429998178,,,345,0,0,
WFC-as-SAT,context,459,True,False,False,0.5195626217860552,0.6746894787958301,3.4093613410000216,0.14356599999999986,14,356,14,0,
ordinary WFC,frequency,460,True,False,False,0.14052328822340726,1.672686042870751,0.6709266329999082,,,382,0,0,
WFC-as-SAT,frequency,460,True,False,False,0.15720649424025618,1.5937881523774815,3.6288476980002997,0.300106,302,871,303,1,
ordinary WFC,context,460,True,False,False,0.6283419459615543,0.9014631690536846,0.6338002540001071,,,360,0,0,
WFC-as-SAT,context,460,True,False,False,0.2799358887997113,0.42098728116226186,3.49109736399987,0.141737,0,355,0,0,
ordinary WFC,frequency,461,True,False,False,0.17578611693800222,1.8000851188625397,0.6623278839997511,,,379,0,0,
WFC-as-SAT,frequency,461,True,False,False,0.1728708103377929,1.6795569437725062,3.6259238990000995,0.34148999999999985,399,1050,400,1,
ordinary WFC,context,461,True,False,False,0.45671787724757323,0.654251175643943,0.638143226000011,,,344,0,0,
WFC-as-SAT,context,461,True,False,False,0.4599841573010184,0.6339574102730692,3.4281056330000865,0.13951800000000025,5,354,5,0,
ordinary WFC,frequency,462,True,False,False,0.1843925629319866,1.7085207208088802,0.7559740320002675,,,385,0,0,
WFC-as-SAT,frequency,462,True,False,False,0.20049322490449328,1.7309880323868465,3.74399692399993,0.4748939999999999,563,1566,565,2,
ordinary WFC,context,462,True,False,False,0.35243017439116,0.6295746399603591,0.688617038999837,,,362,0,0,
WFC-as-SAT,context,462,True,False,False,0.4206324080527744,0.5854541945144865,3.403978909000216,0.14098699999999997,4,353,4,0,
ordinary WFC,frequency,463,True,False,False,0.16168263784788153,1.600005134682119,0.6715990160000729,,,375,0,0,
WFC-as-SAT,frequency,463,True,False,False,0.17368652964000716,1.749915734261434,3.4828443259998494,0.17346400000000006,261,650,261,0,
ordinary WFC,context,463,True,False,False,1.0336065932330545,1.2639913171896033,0.663309523999942,,,361,0,0,
WFC-as-SAT,context,463,True,False,False,0.6126654024657565,0.9075987430633699,3.6449543160001667,0.2847879999999998,170,814,171,1,
ordinary WFC,frequency,464,True,False,False,0.24242521264373945,1.7416217740400872,0.705400133999774,,,392,0,0,
WFC-as-SAT,frequency,464,True,False,False,0.19797599015027967,1.7689070327492078,3.475428359000034,0.16480499999999987,188,576,188,0,
ordinary WFC,context,464,True,False,False,0.5970015642568572,0.8046800599272144,0.661891060000471,,,361,0,0,
WFC-as-SAT,context,464,True,False,False,0.5339789194984738,0.7538837235443615,3.4698055700000623,0.15080099999999996,39,388,39,0,
ordinary WFC,frequency,465,True,False,False,0.1556614736345859,1.7256282616501228,0.6847374070002843,,,384,0,0,
WFC-as-SAT,frequency,465,True,False,False,0.1759703666722911,1.736489598165628,3.7755375939996156,0.4064619999999999,461,1323,464,3,
ordinary WFC,context,465,True,False,False,0.36608968494067745,0.5465784491365966,0.5707914750000782,,,325,0,0,
WFC-as-SAT,context,465,True,False,False,0.36405353690586356,0.5092538397829893,3.4537870889998885,0.15702700000000025,69,409,69,0,
ordinary WFC,frequency,466,True,False,False,0.2017668712534761,1.506881555279699,0.6753466840000328,,,380,0,0,
WFC-as-SAT,frequency,466,True,False,False,0.21040274852564553,1.7426075848808378,3.501933955999448,0.16717299999999957,216,596,216,0,
ordinary WFC,context,466,True,False,False,0.7094543968441732,0.8974326004310417,0.6788048049993449,,,360,0,0,
WFC-as-SAT,context,466,True,False,False,0.5572231121586374,0.7262379149882873,3.4135785749995193,0.150277,45,412,45,0,
ordinary WFC,frequency,467,True,False,False,0.2230794103546492,1.5659001880983194,0.7014273049999247,,,386,0,0,
WFC-as-SAT,frequency,467,True,False,False,0.1583250183844296,1.5429910005102143,3.425268870999389,0.16837900000000028,199,585,199,0,
ordinary WFC,context,467,True,False,False,2.945016761643767,3.1258454098874857,0.7687612039999294,,,400,0,0,
WFC-as-SAT,context,467,True,False,False,2.945016761643767,3.1258454098874857,3.3969846660002077,0.1454629999999999,0,400,0,0,
ordinary WFC,frequency,468,True,False,False,0.20357760207291975,1.335378886583798,0.6855937180007459,,,385,0,0,
WFC-as-SAT,frequency,468,True,False,False,0.20054941720991856,1.7617768082985594,3.687582690000454,0.402085,445,1325,453,8,
ordinary WFC,context,468,True,False,False,0.45407968112778246,0.5776178217390675,0.6161388179998539,,,333,0,0,
WFC-as-SAT,context,468,True,False,False,0.6063145043519981,0.7548131818739708,3.432394930000555,0.14226699999999992,0,353,0,0,
ordinary WFC,frequency,469,True,False,False,0.17811352945025577,1.7300588075223933,0.6821470989998488,,,389,0,0,
WFC-as-SAT,frequency,469,True,False,False,0.21878335018248599,1.546688724864132,3.92998450199957,0.5413079999999999,655,1841,660,5,
ordinary WFC,context,469,True,False,False,0.42762820674066576,0.5481853367175358,0.6570826449997185,,,354,0,0,
WFC-as-SAT,context,469,True,False,False,0.4238572998051229,0.6521177008327051,3.4111426420004136,0.15653399999999973,59,404,59,0,
ordinary WFC,frequency,470,True,False,False,0.20329365537201652,1.6383324167422204,0.6837877260004461,,,386,0,0,
WFC-as-SAT,frequency,470,True,False,False,0.1675910212879423,1.7937167040202648,3.459368283999538,0.1670740000000004,203,593,203,0,
ordinary WFC,context,470,True,False,False,0.43948729966351524,0.5968139845887112,0.595269749000181,,,348,0,0,
WFC-as-SAT,context,470,True,False,False,0.6666867689155417,0.8783290022187681,3.4592256469995846,0.16578399999999993,89,472,89,0,
ordinary WFC,frequency,471,True,False,False,0.1391066221120874,1.811284504550879,0.6665876500001104,,,385,0,0,
WFC-as-SAT,frequency,471,True,False,False,0.21771476349429278,1.5299987818661083,3.6578272699998706,0.3841100000000002,427,1244,433,6,
ordinary WFC,context,471,True,False,False,0.4403689906341336,0.5815191162320436,0.6585360109993417,,,355,0,0,
WFC-as-SAT,context,471,True,False,False,0.27345163608579814,0.45238874124293543,3.4510551109997323,0.15492899999999965,64,413,64,0,
ordinary WFC,frequency,472,True,False,False,0.19089909166843833,1.6106293256700703,0.6697394220000206,,,386,0,0,
WFC-as-SAT,frequency,472,True,False,False,0.17113188693349832,1.5546391871975305,3.4802607569999964,0.1712950000000002,223,613,223,0,
ordinary WFC,context,472,True,False,False,0.3379923069401131,0.5699536928892721,0.5999895330005529,,,356,0,0,
WFC-as-SAT,context,472,True,False,False,0.26958909417557664,0.5241185702098086,3.457829942999524,0.14437100000000003,11,364,11,0,
ordinary WFC,frequency,473,True,False,False,0.18430274288707726,1.5929863243969544,0.7176237000003312,,,383,0,0,
WFC-as-SAT,frequency,473,True,False,False,0.1832185485396825,1.7985392040112091,3.656472491000386,0.3407629999999999,366,1032,368,2,
ordinary WFC,context,473,True,False,False,0.41665971576767197,0.5490823748933868,0.6169056480002837,,,335,0,0,
WFC-as-SAT,context,473,True,False,False,0.4254157935198899,0.61394890862125,3.5891798660004497,0.24786600000000014,73,663,74,1,
ordinary WFC,frequency,474,True,False,False,0.20926757182612366,1.4542906850752593,0.6849040540000715,,,385,0,0,
WFC-as-SAT,frequency,474,True,False,False,0.19039985083391459,1.7584242435995256,3.4738047680002637,0.21027799999999974,264,769,265,1,
ordinary WFC,context,474,True,False,False,1.1133666752642235,1.3822108162349198,0.6450622259999363,,,334,0,0,
WFC-as-SAT,context,474,True,False,False,1.6500396702630076,1.9483907686184057,3.409204483999929,0.14592099999999997,8,379,8,0,
ordinary WFC,frequency,475,True,False,False,0.21038854214639416,1.4818107362818778,0.7208889009998529,,,377,0,0,
WFC-as-SAT,frequency,475,True,False,False,0.2009273227309112,1.7114670451226872,3.6445789899999,0.3878140000000001,399,1210,401,2,
ordinary WFC,context,475,True,False,False,0.6129911573824157,0.8168443469957237,0.5948541729994758,,,320,0,0,
WFC-as-SAT,context,475,True,False,False,0.4260773559002399,0.6281021934931529,3.41777936499966,0.14984600000000015,41,376,41,0,
ordinary WFC,frequency,476,True,False,False,0.17933900990524262,1.517635638501044,0.6872188339993954,,,386,0,0,
WFC-as-SAT,frequency,476,True,False,False,0.19854328749715,1.6392283784265655,3.549617847999798,0.21674700000000025,255,790,256,1,
ordinary WFC,context,476,True,False,False,0.6875138879348509,0.8448827387959471,0.6655900870000551,,,353,0,0,
WFC-as-SAT,context,476,True,False,False,2.3879588630838344,2.578308361497494,3.572907977999421,0.25978199999999996,86,701,87,1,
ordinary WFC,frequency,477,True,False,False,0.1964332501203324,1.495183382237814,0.6701059070001065,,,377,0,0,
WFC-as-SAT,frequency,477,True,False,False,0.20568021702169104,1.5848510969372178,3.5487776240006497,0.1663420000000002,183,575,183,0,
ordinary WFC,context,477,True,False,False,0.45453757323698885,0.5855096529425609,0.6647074210004575,,,368,0,0,
WFC-as-SAT,context,477,True,False,False,0.4521666484653518,0.5753728930221206,3.4367627470001025,0.14153400000000005,0,368,0,0,
ordinary WFC,frequency,478,True,False,False,0.16086771131611183,1.716465214990824,0.6812420809992545,,,387,0,0,
WFC-as-SAT,frequency,478,True,False,False,0.22399442416303486,1.7124084104098936,3.5270424310001545,0.22063999999999995,290,826,291,1,
ordinary WFC,context,478,True,False,False,0.811791613194951,1.0958776963316685,0.6278301709999141,,,371,0,0,
WFC-as-SAT,context,478,True,False,False,0.8144362565856151,0.983673729140363,3.507061376999445,0.14957200000000004,46,404,46,0,
ordinary WFC,frequency,479,True,False,False,0.18251188309611044,1.6420925924982983,0.6810635370002274,,,388,0,0,
WFC-as-SAT,frequency,479,True,False,False,0.1792071420554387,1.6582606891086755,3.67623433999961,0.3763080000000003,395,1136,396,1,
ordinary WFC,context,479,True,False,False,0.9088140291703787,1.0762768733831227,0.6914058180000211,,,378,0,0,
WFC-as-SAT,context,479,True,False,False,0.37965251680600937,0.4918980847557372,3.5603415380001024,0.14576900000000004,11,373,11,0,
ordinary WFC,frequency,480,True,False,False,0.18850509255853992,1.7168817631913336,0.6846239500000593,,,388,0,0,
WFC-as-SAT,frequency,480,True,False,False,0.16461051632360452,1.7919990123266032,3.4934774040002594,0.1863109999999999,236,622,236,0,
ordinary WFC,context,480,True,False,False,0.5295672704708977,0.7325250473041756,0.6486430000004475,,,346,0,0,
WFC-as-SAT,context,480,True,False,False,0.635886001828459,0.8333316151084726,3.4291056080001,0.14248100000000008,7,353,7,0,
ordinary WFC,frequency,481,True,False,False,0.2015423762832735,1.852970806922622,0.7626988390002225,,,385,0,0,
WFC-as-SAT,frequency,481,True,False,False,0.15947956318879652,1.6876903437752822,3.4999539780001214,0.22423700000000002,278,834,279,1,
ordinary WFC,context,481,True,False,False,0.45766954006174826,0.597871416835615,0.619710631000089,,,365,0,0,
WFC-as-SAT,context,481,True,False,False,0.44741343950959256,0.599760982335114,3.4511128799995276,0.14675899999999986,5,372,5,0,
ordinary WFC,frequency,482,True,False,False,0.15002528656090813,1.4584532943506285,0.6607954770006472,,,370,0,0,
WFC-as-SAT,frequency,482,True,False,False,0.16787969896352375,1.6705882550459492,3.9154861959996197,0.631955,834,2296,844,10,
ordinary WFC,context,482,True,False,False,0.6394575977402817,0.8952919887850597,0.632165998000346,,,359,0,0,
WFC-as-SAT,context,482,True,False,False,0.4072772979187633,0.682721059763118,3.505646667000292,0.16181299999999998,52,415,52,0,
ordinary WFC,frequency,483,True,False,False,0.21119037756493708,1.6533348699384254,0.704182571000274,,,391,0,0,
WFC-as-SAT,frequency,483,True,False,False,0.17547786254616468,1.6508496292383392,12.630576173999543,9.296389999999999,7861,31052,9464,540,
ordinary WFC,context,483,True,False,False,0.4542693473370189,0.596402551197425,0.6481087590000243,,,348,0,0,
WFC-as-SAT,context,483,True,False,False,0.6054230332336842,0.7661810256142807,3.4418640300000334,0.14184099999999988,5,361,5,0,
ordinary WFC,frequency,484,True,False,False,0.13987866519961195,1.6515188898510516,0.6570301990004737,,,380,0,0,
WFC-as-SAT,frequency,484,True,False,False,0.18302158239480962,1.7040045233273033,3.5772135959996376,0.3076970000000001,360,936,362,2,
ordinary WFC,context,484,True,False,False,0.320981975217582,0.45136699016383675,0.6377409979995718,,,364,0,0,
WFC-as-SAT,context,484,True,False,False,0.49769537515550416,0.6525004887508775,3.682015458999558,0.418841,160,1189,162,2,
ordinary WFC,frequency,485,True,False,False,0.18824914676030582,1.5919931855006597,0.7681030300000202,,,388,0,0,
WFC-as-SAT,frequency,485,True,False,False,0.15346191674845902,1.523085462150661,3.464256540999486,0.17466500000000007,202,593,202,0,
ordinary WFC,context,485,True,False,False,0.31583639296206106,0.5722585654515164,0.6061427499998899,,,344,0,0,
WFC-as-SAT,context,485,True,False,False,0.35632832861479463,0.6173863947181774,3.5094614950003233,0.15310500000000005,52,387,52,0,
ordinary WFC,frequency,486,True,False,False,0.17519381750298055,1.618937684680742,0.7399601509996501,,,383,0,0,
WFC-as-SAT,frequency,486,True,False,False,0.19379779977967795,1.639038463119937,3.478236994999861,0.1712760000000002,181,563,181,0,
ordinary WFC,context,486,True,False,False,0.5179783882419758,0.6985832245561211,0.6539387150005496,,,355,0,0,
WFC-as-SAT,context,486,True,False,False,0.4320490340276535,0.5717361329662496,3.4285284010002215,0.1385200000000002,1,349,1,0,
ordinary WFC,frequency,487,True,False,False,0.15921020060906974,1.5778468816839548,0.6538451090000308,,,382,0,0,
WFC-as-SAT,frequency,487,True,False,False,0.1707946843569905,1.6161709469404906,3.4713737179999953,0.1760710000000003,267,656,267,0,
ordinary WFC,context,487,True,False,False,1.4763159026473363,1.6865355948305827,0.714545335999901,,,372,0,0,
WFC-as-SAT,context,487,True,False,False,2.121777083066731,2.3688432844285385,3.4797083130006286,0.14822300000000022,1,388,1,0,
ordinary WFC,frequency,488,True,False,False,0.16761397999988525,1.7571065080317925,0.6802433200000451,,,386,0,0,
WFC-as-SAT,frequency,488,True,False,False,0.19864988368248276,1.7501296885400188,3.4573012580003706,0.16612800000000005,173,561,173,0,
ordinary WFC,context,488,True,False,False,0.5582585496227106,0.7560753883837329,0.6216201030001685,,,376,0,0,
WFC-as-SAT,context,488,True,False,False,1.6332591836013657,1.834873019738826,3.531973594000192,0.14817100000000005,26,412,26,0,
ordinary WFC,frequency,489,True,False,False,0.15803079520387597,1.5462944277751811,0.6596204269999362,,,375,0,0,
WFC-as-SAT,frequency,489,True,False,False,0.17722624621361746,1.5186719115274816,3.411383885999385,0.1755580000000001,276,664,276,0,
ordinary WFC,context,489,True,False,False,0.8532652961340165,1.0738192141842662,0.6705050589998791,,,339,0,0,
WFC-as-SAT,context,489,True,False,False,0.6900766757687946,0.9080703815343232,3.4100897349999286,0.14504099999999998,11,360,11,0,
ordinary WFC,frequency,490,True,False,False,0.2089327376842226,1.5572712607976658,0.7172477070007517,,,379,0,0,
WFC-as-SAT,frequency,490,True,False,False,0.19110198200049985,1.6995670293560998,3.494716981000238,0.16646500000000009,199,593,199,0,
ordinary WFC,context,490,True,False,False,0.5168605678452882,0.6327581095387769,0.6680157609998787,,,360,0,0,
WFC-as-SAT,context,490,True,False,False,0.7756576565164756,0.8994217306316489,3.401222464000057,0.1479020000000002,5,387,5,0,
ordinary WFC,frequency,491,True,False,False,0.1855644212612634,1.6031243588418218,0.7237648480004282,,,381,0,0,
WFC-as-SAT,frequency,491,True,False,False,0.19386964944679494,1.6529930246407143,3.6804452079995826,0.42350299999999974,591,1464,595,4,
ordinary WFC,context,491,True,False,False,0.3260499498928354,0.5120015850000382,0.6602728600000773,,,351,0,0,
WFC-as-SAT,context,491,True,False,False,0.23945950784622858,0.41820118007441975,3.422222240999872,0.14965800000000007,20,380,20,0,
ordinary WFC,frequency,492,True,False,False,0.17249169978269394,1.505897618137992,0.6700363870004367,,,378,0,0,
WFC-as-SAT,frequency,492,True,False,False,0.175269654463805,1.6134571054026212,3.9968911030000527,0.5742609999999999,772,2042,780,8,
ordinary WFC,context,492,True,False,False,0.598807056379373,0.8089187301987711,0.6468013319999955,,,352,0,0,
WFC-as-SAT,context,492,True,False,False,0.3623044569408699,0.5335951708039984,3.4356013060005353,0.14086199999999982,5,352,5,0,
ordinary WFC,frequency,493,True,False,False,0.17644783033404013,1.571544733761848,0.6957548680002219,,,384,0,0,
WFC-as-SAT,frequency,493,True,False,False,0.2056672711055318,1.6787418800156761,3.7149961229997643,0.40627299999999966,531,1348,533,2,
ordinary WFC,context,493,True,False,False,0.4853610842078381,0.6017764620223423,0.6313279659998443,,,352,0,0,
WFC-as-SAT,context,493,True,False,False,0.41748807558890694,0.5317818781466315,3.4926779789993816,0.140301,9,372,9,0,
ordinary WFC,frequency,494,True,False,False,0.15037036030187279,1.6634729225104867,0.6759233570001015,,,378,0,0,
WFC-as-SAT,frequency,494,True,False,False,0.18459893710326516,1.5639463211317186,3.4138695510000616,0.15893299999999977,159,540,159,0,
ordinary WFC,context,494,True,False,False,1.3086681628418135,1.5767116591497987,0.6371241980004925,,,356,0,0,
WFC-as-SAT,context,494,True,False,False,0.5019225381042964,0.6193979462150101,3.719490245000088,0.4215230000000001,308,1005,309,1,
ordinary WFC,frequency,495,True,False,False,0.17776993048765374,1.660183121196089,0.6696695059999911,,,386,0,0,
WFC-as-SAT,frequency,495,True,False,False,0.20767166932747788,1.7083318836339445,3.818874916999448,0.4514149999999999,453,1475,460,7,
ordinary WFC,context,495,True,False,False,0.42458128871942336,0.5986345756095257,0.5980556090007667,,,330,0,0,
WFC-as-SAT,context,495,True,False,False,0.5079131320321854,0.6522787405404922,3.461970461999954,0.13387800000000016,0,317,0,0,
ordinary WFC,frequency,496,True,False,False,0.1501631190882681,1.5487134328218002,0.680239901999812,,,382,0,0,
WFC-as-SAT,frequency,496,True,False,False,0.20278847175189815,1.5556118282667186,3.647106200000053,0.3162449999999999,368,970,370,2,
ordinary WFC,context,496,True,False,False,0.6934427469732726,0.8941342476229518,0.6555313340004432,,,344,0,0,
WFC-as-SAT,context,496,True,False,False,0.6184100397942739,0.8251854820435605,3.5025942809998014,0.16581599999999996,88,453,88,0,
ordinary WFC,frequency,497,True,False,False,0.1466165759370594,1.6463789917790936,0.6701739170002838,,,377,0,0,
WFC-as-SAT,frequency,497,True,False,False,0.1847790481225423,1.5641066642518822,3.485520989000179,0.16844099999999962,214,603,214,0,
ordinary WFC,context,497,True,False,False,1.187951292214961,1.3532970722446238,0.7074473250004303,,,396,0,0,
WFC-as-SAT,context,497,True,False,False,0.44010287476098153,0.6062906883384089,3.438699553999868,0.15122499999999972,2,351,2,0,
ordinary WFC,frequency,498,True,False,False,0.1944886363650125,1.6504730101362413,0.6900036580000233,,,387,0,0,
WFC-as-SAT,frequency,498,True,False,False,0.19004754380704508,1.7294378312864904,3.4680323450002106,0.1686700000000001,212,604,212,0,
ordinary WFC,context,498,True,False,False,0.5712468553839907,0.7892788684817132,0.683883137000521,,,374,0,0,
WFC-as-SAT,context,498,True,False,False,0.4332371877447256,0.6194779375835572,3.4782868980000785,0.14601799999999976,19,375,19,0,
ordinary WFC,frequency,499,True,False,False,0.20939882996391446,1.6663200362211315,0.6783346819993312,,,390,0,0,
WFC-as-SAT,frequency,499,True,False,False,0.216056027226255,1.56919879739608,3.4604294580003625,0.16522300000000012,172,561,172,0,
ordinary WFC,context,499,True,False,False,0.46464623139740563,0.6716413539253073,0.5918926559997999,,,347,0,0,
WFC-as-SAT,context,499,True,False,False,0.5485573592958273,0.7718837627481719,3.5647674940000798,0.1408579999999997,3,358,3,0,
